filename,timestamp,latitude,longitude,distance_to_node_m,node_index,speed_mps,heading_deg,label
frame_0_lat--6.0935621666666675_lon--49.84711416666667.png,20250810_111918_166246,-6.09356216666667,-49.8471141666667,31.67,5,,,straight
frame_1_lat--6.093548233333334_lon--49.84711829999999.png,20250810_111935_196701,-6.09354823333333,-49.8471183,33.26,5,5.06,353.65,straight
frame_2_lat--6.093533599999999_lon--49.84712923333334.png,20250810_111937_123301,-6.0935336,-49.8471292333333,31.84,4,10.37,352.86,straight
frame_3_lat--6.0935228_lon--49.84713753333334.png,20250810_111938_256776,-6.0935228,-49.8471375333333,30.48,4,0.0,0.0,straight
frame_4_lat--6.0935098666666665_lon--49.84714703333334.png,20250810_111939_228567,-6.09350986666667,-49.8471470333333,28.89,4,0.0,0.0,straight
frame_5_lat--6.093495299999999_lon--49.84715646666667.png,20250810_111940_259829,-6.0934953,-49.8471564666667,27.15,4,0.0,0.0,straight
frame_6_lat--6.0934794666666665_lon--49.8471648.png,20250810_111941_229651,-6.09347946666667,-49.8471648,25.3,4,0.0,0.0,straight
frame_7_lat--6.093462866666667_lon--49.847172.png,20250810_111942_263324,-6.09346286666667,-49.847172,23.39,4,0.0,0.0,straight
frame_8_lat--6.093445733333334_lon--49.847178099999994.png,20250810_111943_241522,-6.09344573333333,-49.8471781,21.46,4,0.0,0.0,intersection
frame_9_lat--6.093428133333333_lon--49.84718326666666.png,20250810_111944_309104,-6.09342813333333,-49.8471832666667,19.49,4,0.0,0.0,intersection
frame_10_lat--6.093410366666667_lon--49.847187766666664.png,20250810_111945_252627,-6.09341036666667,-49.8471877666667,17.51,4,0.0,0.0,intersection
frame_11_lat--6.093392500000001_lon--49.847191933333335.png,20250810_111946_225627,-6.0933925,-49.8471919333333,15.54,4,0.0,0.0,intersection
frame_12_lat--6.093373966666667_lon--49.84719630000001.png,20250810_111947_254129,-6.09337396666667,-49.8471963,13.51,4,0.0,0.0,intersection
frame_13_lat--6.093355100000001_lon--49.847200900000004.png,20250810_111948_229567,-6.0933551,-49.8472009,11.48,4,0.0,0.0,intersection
frame_14_lat--6.093336933333333_lon--49.847205599999995.png,20250810_111949_266456,-6.09333693333333,-49.8472056,9.57,4,0.0,0.0,intersection
frame_15_lat--6.093320266666668_lon--49.8472106.png,20250810_111950_236855,-6.09332026666667,-49.8472106,7.92,4,0.0,0.0,intersection
frame_16_lat--6.093305333333333_lon--49.847216933333335.png,20250810_111951_261593,-6.09330533333333,-49.8472169333333,6.66,4,0.0,0.0,intersection
frame_17_lat--6.0932922000000005_lon--49.847225566666665.png,20250810_111952_232379,-6.0932922,-49.8472255666667,6.01,4,0.0,0.0,intersection
frame_18_lat--6.0932811000000004_lon--49.84723643333333.png,20250810_111953_291013,-6.0932811,-49.8472364333333,6.16,4,0.0,0.0,intersection
frame_19_lat--6.0932727_lon--49.84724933333333.png,20250810_111954_249818,-6.0932727,-49.8472493333333,7.06,4,0.0,0.0,intersection
frame_20_lat--6.0932671_lon--49.847264733333326.png,20250810_111955_218379,-6.0932671,-49.8472647333333,8.55,4,0.0,0.0,intersection
frame_21_lat--6.093264_lon--49.84728276666667.png,20250810_111956_254721,-6.093264,-49.8472827666667,10.46,4,0.0,0.0,intersection
frame_22_lat--6.093262633333333_lon--49.84730293333333.png,20250810_111957_289230,-6.09326263333333,-49.8473029333333,12.67,4,0.0,0.0,intersection
frame_23_lat--6.0932621_lon--49.847324666666665.png,20250810_111958_249583,-6.0932621,-49.8473246666667,15.06,4,0.0,0.0,intersection
frame_24_lat--6.0932619_lon--49.84734816666666.png,20250810_111959_225655,-6.0932619,-49.8473481666667,17.65,4,0.0,0.0,intersection
frame_25_lat--6.093261633333334_lon--49.84737386666666.png,20250810_112000_267108,-6.09326163333333,-49.8473738666667,20.49,4,0.0,0.0,intersection
frame_26_lat--6.0932611_lon--49.84740209999999.png,20250810_112001_240603,-6.0932611,-49.8474021,23.61,4,0.0,0.0,straight
frame_27_lat--6.093259866666667_lon--49.84743243333334.png,20250810_112002_300999,-6.09325986666667,-49.8474324333333,26.96,4,0.0,0.0,straight
frame_28_lat--6.093258366666667_lon--49.8474643.png,20250810_112003_236583,-6.09325836666667,-49.8474643,30.48,4,0.0,0.0,straight
frame_29_lat--6.093257233333334_lon--49.84749716666666.png,20250810_112004_266612,-6.09325723333333,-49.8474971666667,34.12,4,0.0,0.0,straight
frame_30_lat--6.093256833333333_lon--49.84753046666666.png,20250810_112005_243889,-6.09325683333333,-49.8475304666667,37.8,4,0.0,0.0,straight
frame_31_lat--6.093256800000001_lon--49.84756336666666.png,20250810_112006_298558,-6.0932568,-49.8475633666667,41.44,4,0.0,0.0,straight
frame_32_lat--6.093256633333333_lon--49.8475951.png,20250810_112007_244589,-6.09325663333333,-49.8475951,44.96,4,0.0,0.0,straight
frame_33_lat--6.093256033333333_lon--49.84762486666666.png,20250810_112008_310923,-6.09325603333333,-49.8476248666667,42.35,2,0.0,0.0,straight
frame_34_lat--6.093255000000001_lon--49.84765243333334.png,20250810_112009_256062,-6.093255,-49.8476524333333,39.31,2,0.0,0.0,straight
frame_35_lat--6.093253533333334_lon--49.84767800000001.png,20250810_112010_225635,-6.09325353333333,-49.847678,36.5,2,0.0,0.0,straight
frame_36_lat--6.093251866666667_lon--49.84770256666667.png,20250810_112011_240824,-6.09325186666667,-49.8477025666667,33.8,2,0.0,0.0,straight
frame_37_lat--6.0932501666666665_lon--49.84772733333334.png,20250810_112012_257608,-6.09325016666667,-49.8477273333333,31.08,2,0.0,0.0,straight
frame_38_lat--6.0932485666666665_lon--49.847753133333335.png,20250810_112013_233549,-6.09324856666667,-49.8477531333333,28.25,2,0.0,0.0,straight
frame_39_lat--6.0932474333333335_lon--49.8477803.png,20250810_112014_263162,-6.09324743333333,-49.8477803,25.28,2,0.0,0.0,straight
frame_40_lat--6.093247066666668_lon--49.84780826666666.png,20250810_112015_234240,-6.09324706666667,-49.8478082666667,22.21,2,0.0,0.0,intersection
frame_41_lat--6.093247633333334_lon--49.847836066666666.png,20250810_112016_300616,-6.09324763333333,-49.8478360666667,19.16,2,0.0,0.0,intersection
frame_42_lat--6.093249033333334_lon--49.847863033333326.png,20250810_112017_252617,-6.09324903333333,-49.8478630333333,16.19,2,0.0,0.0,intersection
frame_43_lat--6.093250833333333_lon--49.847888999999995.png,20250810_112018_223552,-6.09325083333333,-49.847889,13.33,2,0.0,0.0,intersection
frame_44_lat--6.093252633333334_lon--49.84791383333332.png,20250810_112019_255894,-6.09325263333333,-49.8479138333333,10.61,2,0.0,0.0,intersection
frame_45_lat--6.093254466666667_lon--49.84793753333334.png,20250810_112020_209042,-6.09325446666667,-49.8479375333333,8.02,2,0.0,0.0,intersection
frame_46_lat--6.093256600000001_lon--49.847959700000004.png,20250810_112021_254772,-6.0932566,-49.8479597,5.62,2,0.0,0.0,intersection
frame_47_lat--6.0932590666666675_lon--49.847980199999995.png,20250810_112022_237263,-6.09325906666667,-49.8479802,3.45,2,0.0,0.0,intersection
frame_48_lat--6.093262100000001_lon--49.848000133333336.png,20250810_112023_299790,-6.0932621,-49.8480001333333,1.62,2,0.0,0.0,intersection
frame_49_lat--6.093265633333334_lon--49.84801963333333.png,20250810_112024_247221,-6.09326563333333,-49.8480196333333,1.74,2,0.0,0.0,intersection
frame_50_lat--6.093269566666668_lon--49.848037966666666.png,20250810_112025_220970,-6.09326956666667,-49.8480379666667,3.48,2,0.0,0.0,intersection
frame_51_lat--6.093274266666667_lon--49.8480554.png,20250810_112026_257059,-6.09327426666667,-49.8480554,5.36,2,0.0,0.0,intersection
frame_52_lat--6.0932807_lon--49.84807383333333.png,20250810_112027_225150,-6.0932807,-49.8480738333333,7.42,2,0.0,0.0,intersection
frame_53_lat--6.093289166666667_lon--49.84809376666667.png,20250810_112028_267690,-6.09328916666667,-49.8480937666667,9.73,2,0.0,0.0,intersection
frame_54_lat--6.093299366666667_lon--49.848114366666664.png,20250810_112029_246562,-6.09329936666667,-49.8481143666667,12.19,2,0.0,0.0,intersection
frame_55_lat--6.093310633333333_lon--49.8481346.png,20250810_112030_208911,-6.09331063333333,-49.8481346,14.66,2,0.0,0.0,intersection
frame_56_lat--6.093322566666666_lon--49.84815416666667.png,20250810_112031_259580,-6.09332256666667,-49.8481541666667,17.12,2,0.0,0.0,intersection
frame_57_lat--6.093334400000001_lon--49.848172166666664.png,20250810_112032_240996,-6.0933344,-49.8481721666667,19.43,2,0.0,0.0,intersection
frame_58_lat--6.093345333333334_lon--49.84818803333334.png,20250810_112033_284268,-6.09334533333333,-49.8481880333333,21.5,2,0.0,0.0,intersection
frame_59_lat--6.093354866666667_lon--49.848201733333326.png,20250810_112034_240405,-6.09335486666667,-49.8482017333333,23.3,2,0.0,0.0,straight
frame_60_lat--6.093363433333334_lon--49.84821393333334.png,20250810_112035_292752,-6.09336343333333,-49.8482139333333,24.91,2,0.0,0.0,straight
frame_61_lat--6.093371433333334_lon--49.84822583333333.png,20250810_112036_239403,-6.09337143333333,-49.8482258333333,26.47,2,0.0,0.0,straight
frame_62_lat--6.093379666666668_lon--49.84823876666667.png,20250810_112037_265630,-6.09337966666667,-49.8482387666667,28.15,2,0.0,0.0,straight
frame_63_lat--6.093389133333333_lon--49.8482535.png,20250810_112038_239208,-6.09338913333333,-49.8482535,30.06,2,0.0,0.0,straight
frame_64_lat--6.093400233333332_lon--49.84826976666667.png,20250810_112039_267836,-6.09340023333333,-49.8482697666667,32.22,2,0.0,0.0,straight
frame_65_lat--6.093412566666667_lon--49.84828696666667.png,20250810_112040_252934,-6.09341256666667,-49.8482869666667,34.52,2,0.0,0.0,straight
frame_66_lat--6.093425633333334_lon--49.84830493333334.png,20250810_112041_234324,-6.09342563333333,-49.8483049333333,36.95,2,0.0,0.0,straight
frame_67_lat--6.093439500000001_lon--49.84832393333334.png,20250810_112042_295077,-6.0934395,-49.8483239333333,38.9,3,0.0,0.0,straight
frame_68_lat--6.093454866666667_lon--49.84834440000001.png,20250810_112043_238801,-6.09345486666667,-49.8483444,36.08,3,0.0,0.0,straight
frame_69_lat--6.093471933333333_lon--49.848366399999996.png,20250810_112044_266922,-6.09347193333333,-49.8483664,33.01,3,0.0,0.0,straight
frame_70_lat--6.0934897999999995_lon--49.848388766666666.png,20250810_112045_239912,-6.0934898,-49.8483887666667,29.85,3,0.0,0.0,straight
frame_71_lat--6.0935076666666665_lon--49.848410933333334.png,20250810_112046_297180,-6.09350766666667,-49.8484109333333,26.72,3,0.0,0.0,straight
frame_72_lat--6.093525633333334_lon--49.84843276666667.png,20250810_112047_249403,-6.09352563333333,-49.8484327666667,23.6,3,0.0,0.0,straight
frame_73_lat--6.093543633333333_lon--49.84845416666667.png,20250810_112048_226838,-6.09354363333333,-49.8484541666667,20.51,3,0.0,0.0,intersection
frame_74_lat--6.093561433333333_lon--49.848474966666664.png,20250810_112049_253370,-6.09356143333333,-49.8484749666667,17.5,3,0.0,0.0,intersection
frame_75_lat--6.0935787999999995_lon--49.84849526666667.png,20250810_112050_223566,-6.0935788,-49.8484952666667,14.55,3,0.0,0.0,intersection
frame_76_lat--6.0935958999999995_lon--49.848515266666666.png,20250810_112051_255266,-6.0935959,-49.8485152666667,11.67,3,0.0,0.0,intersection
frame_77_lat--6.093612299999999_lon--49.848534666666666.png,20250810_112052_322185,-6.0936123,-49.8485346666667,8.89,3,0.0,0.0,intersection
frame_78_lat--6.0936273666666665_lon--49.848553499999994.png,20250810_112053_258206,-6.09362736666667,-49.8485535,6.32,3,0.0,0.0,intersection
frame_79_lat--6.093640066666667_lon--49.84857203333333.png,20250810_112054_228733,-6.09364006666667,-49.8485720333333,4.12,3,0.0,0.0,intersection
frame_80_lat--6.093649333333333_lon--49.84859173333334.png,20250810_112055_246261,-6.09364933333333,-49.8485917333333,2.93,3,0.0,0.0,intersection
frame_81_lat--6.093652933333333_lon--49.84861416666667.png,20250810_112056_293541,-6.09365293333333,-49.8486141666667,4.05,3,0.0,0.0,intersection
frame_82_lat--6.093648066666667_lon--49.848639199999994.png,20250810_112057_211796,-6.09364806666667,-49.8486392,6.7,3,0.0,0.0,intersection
frame_83_lat--6.093633766666666_lon--49.84866526666666.png,20250810_112058_254164,-6.09363376666667,-49.8486652666667,9.99,3,0.0,0.0,intersection
frame_84_lat--6.093611900000001_lon--49.84869103333333.png,20250810_112059_230315,-6.0936119,-49.8486910333333,13.65,3,0.0,0.0,intersection
frame_85_lat--6.093584700000001_lon--49.84871663333333.png,20250810_112100_269873,-6.0935847,-49.8487166333333,17.66,3,0.0,0.0,intersection
frame_86_lat--6.0935532_lon--49.84874299999999.png,20250810_112101_234264,-6.0935532,-49.848743,22.08,3,0.0,0.0,intersection
frame_87_lat--6.093517533333333_lon--49.84877089999999.png,20250810_112102_265774,-6.09351753333333,-49.8487709,26.96,3,0.0,0.0,straight
frame_88_lat--6.093478299999999_lon--49.848800866666664.png,20250810_112103_236202,-6.0934783,-49.8488008666667,32.31,3,0.0,0.0,straight
frame_89_lat--6.0934373_lon--49.848833.png,20250810_112104_282368,-6.0934373,-49.848833,38.01,3,0.0,0.0,straight
frame_90_lat--6.093396299999999_lon--49.84886683333333.png,20250810_112105_244926,-6.0933963,-49.8488668333333,43.85,3,0.0,0.0,straight
frame_91_lat--6.093355766666667_lon--49.8489014.png,20250810_112106_318509,-6.09335576666667,-49.8489014,49.73,3,0.0,0.0,straight
frame_92_lat--6.093314899999999_lon--49.84893649999999.png,20250810_112107_248618,-6.0933149,-49.8489365,54.55,0,0.0,0.0,straight
frame_93_lat--6.093273166666666_lon--49.84897183333332.png,20250810_112108_228833,-6.09327316666667,-49.8489718333333,48.53,0,0.0,0.0,straight
frame_94_lat--6.093230966666667_lon--49.849006966666664.png,20250810_112109_268943,-6.09323096666667,-49.8490069666667,42.5,0,0.0,0.0,straight
frame_95_lat--6.093189466666667_lon--49.849040966666664.png,20250810_112110_240336,-6.09318946666667,-49.8490409666667,36.61,0,0.0,0.0,straight
frame_96_lat--6.093149300000001_lon--49.84907356666666.png,20250810_112111_266144,-6.0931493,-49.8490735666667,30.94,0,0.0,0.0,straight
frame_97_lat--6.093110566666668_lon--49.8491049.png,20250810_112112_240245,-6.09311056666667,-49.8491049,25.5,0,0.0,0.0,straight
frame_98_lat--6.093072833333333_lon--49.849135000000004.png,20250810_112113_278839,-6.09307283333333,-49.849135,20.27,0,0.0,0.0,intersection
frame_99_lat--6.0930352999999995_lon--49.849163966666666.png,20250810_112114_243642,-6.0930353,-49.8491639666667,15.17,0,0.0,0.0,intersection
frame_100_lat--6.092997000000001_lon--49.849191833333336.png,20250810_112115_310717,-6.092997,-49.8491918333333,10.17,0,0.0,0.0,intersection
frame_101_lat--6.0929575666666675_lon--49.84921873333334.png,20250810_112116_259653,-6.09295756666667,-49.8492187333333,5.5,0,0.0,0.0,intersection
frame_102_lat--6.092916833333332_lon--49.849245133333326.png,20250810_112117_233055,-6.09291683333333,-49.8492451333333,3.48,0,0.0,0.0,intersection
frame_103_lat--6.0928747_lon--49.849271566666665.png,20250810_112118_248302,-6.0928747,-49.8492715666667,7.26,0,0.0,0.0,intersection
frame_104_lat--6.0928314666666665_lon--49.849298166666664.png,20250810_112119_282727,-6.09283146666667,-49.8492981666667,12.51,0,0.0,0.0,intersection
frame_105_lat--6.0927875333333334_lon--49.84932443333334.png,20250810_112120_266007,-6.09278753333333,-49.8493244333333,18.01,0,0.0,0.0,intersection
frame_106_lat--6.092742566666667_lon--49.84935003333333.png,20250810_112121_239711,-6.09274256666667,-49.8493500333333,23.62,0,0.0,0.0,straight
frame_107_lat--6.0926960333333335_lon--49.8493749.png,20250810_112122_268672,-6.09269603333333,-49.8493749,29.37,0,0.0,0.0,straight
frame_108_lat--6.092647599999999_lon--49.84939943333334.png,20250810_112123_234021,-6.0926476,-49.8493994333333,35.3,0,0.0,0.0,straight
frame_109_lat--6.092596866666666_lon--49.849424033333335.png,20250810_112124_254694,-6.09259686666667,-49.8494240333333,41.46,0,0.0,0.0,straight
frame_110_lat--6.092543333333333_lon--49.84944873333333.png,20250810_112125_236202,-6.09254333333333,-49.8494487333333,47.91,0,0.0,0.0,straight
frame_111_lat--6.092486500000001_lon--49.8494735.png,20250810_112126_267310,-6.0924865,-49.8494735,54.69,0,0.0,0.0,straight
frame_112_lat--6.092426233333334_lon--49.84949856666666.png,20250810_112127_243806,-6.09242623333333,-49.8494985666667,61.84,0,0.0,0.0,straight
frame_113_lat--6.092363033333333_lon--49.849523933333344.png,20250810_112128_322331,-6.09236303333333,-49.8495239333333,69.29,0,0.0,0.0,straight
frame_114_lat--6.092297566666667_lon--49.849549100000004.png,20250810_112129_240103,-6.09229756666667,-49.8495491,76.97,0,0.0,0.0,straight
frame_115_lat--6.092230400000001_lon--49.84957333333334.png,20250810_112130_312227,-6.0922304,-49.8495733333333,84.78,0,0.0,0.0,straight
frame_116_lat--6.092162_lon--49.849596133333336.png,20250810_112131_256207,-6.092162,-49.8495961333333,92.66,0,0.0,0.0,straight
frame_117_lat--6.092093133333334_lon--49.84961723333333.png,20250810_112132_231522,-6.09209313333333,-49.8496172333333,100.51,0,0.0,0.0,straight
frame_118_lat--6.092024633333334_lon--49.84963666666666.png,20250810_112133_270869,-6.09202463333333,-49.8496366666667,108.27,0,0.0,0.0,straight
frame_157_lat--6.0912313666666655_lon--49.84897443333334.png,20250810_112212_257778,-6.09123136666667,-49.8489744333333,51.38,12,0.0,0.0,straight
frame_158_lat--6.091219499999999_lon--49.848941833333335.png,20250810_112213_227130,-6.0912195,-49.8489418333333,47.54,12,0.0,0.0,straight
frame_159_lat--6.0912071999999995_lon--49.84890953333333.png,20250810_112214_262592,-6.0912072,-49.8489095333333,43.72,12,0.0,0.0,straight
frame_160_lat--6.0911944333333325_lon--49.84887706666667.png,20250810_112215_239872,-6.09119443333333,-49.8488770666667,39.86,12,0.0,0.0,straight
frame_161_lat--6.091181366666666_lon--49.84884456666667.png,20250810_112216_309358,-6.09118136666667,-49.8488445666667,35.99,12,0.0,0.0,straight
frame_162_lat--6.091168533333333_lon--49.84881263333333.png,20250810_112217_250735,-6.09116853333333,-49.8488126333333,32.18,12,0.0,0.0,straight
frame_163_lat--6.0911563_lon--49.8487818.png,20250810_112218_310638,-6.0911563,-49.8487818,28.52,12,0.0,0.0,straight
frame_164_lat--6.091144633333333_lon--49.84875203333333.png,20250810_112219_235247,-6.09114463333333,-49.8487520333333,24.99,12,0.0,0.0,straight
frame_165_lat--6.091133433333333_lon--49.848723199999995.png,20250810_112220_270254,-6.09113343333333,-49.8487232,21.57,12,0.0,0.0,intersection
frame_166_lat--6.091122366666665_lon--49.848695.png,20250810_112221_245707,-6.09112236666667,-49.848695,18.23,12,0.0,0.0,intersection
frame_167_lat--6.091110933333335_lon--49.848667166666665.png,20250810_112222_324654,-6.09111093333333,-49.8486671666667,14.91,12,0.0,0.0,intersection
frame_168_lat--6.0910989_lon--49.84863953333333.png,20250810_112223_256847,-6.0910989,-49.8486395333333,11.59,12,0.0,0.0,intersection
frame_169_lat--6.091086366666667_lon--49.848611733333335.png,20250810_112224_223489,-6.09108636666667,-49.8486117333333,8.23,12,0.0,0.0,intersection
frame_170_lat--6.091073466666667_lon--49.84858363333334.png,20250810_112225_264698,-6.09107346666667,-49.8485836333333,4.85,12,0.0,0.0,intersection
frame_171_lat--6.0910601_lon--49.848554666666665.png,20250810_112226_238959,-6.0910601,-49.8485546666667,1.53,12,0.0,0.0,intersection
frame_172_lat--6.091046066666666_lon--49.84852393333333.png,20250810_112227_293405,-6.09104606666667,-49.8485239333333,2.67,12,0.0,0.0,intersection
frame_173_lat--6.091031766666667_lon--49.84849153333333.png,20250810_112228_245982,-6.09103176666667,-49.8484915333333,6.5,12,0.0,0.0,intersection
frame_174_lat--6.091017566666666_lon--49.84845866666667.png,20250810_112229_312379,-6.09101756666667,-49.8484586666667,10.45,12,0.0,0.0,intersection
frame_175_lat--6.0910032_lon--49.84842566666667.png,20250810_112230_228638,-6.0910032,-49.8484256666667,14.42,12,0.0,0.0,intersection
frame_176_lat--6.090988_lon--49.8483921.png,20250810_112231_249630,-6.090988,-49.8483921,18.49,12,0.0,0.0,intersection
frame_177_lat--6.090971633333334_lon--49.84835783333334.png,20250810_112232_308966,-6.09097163333333,-49.8483578333333,22.68,12,0.0,0.0,intersection
frame_178_lat--6.090954466666666_lon--49.84832323333334.png,20250810_112233_252674,-6.09095446666667,-49.8483232333333,26.95,12,0.0,0.0,straight
frame_179_lat--6.090936866666667_lon--49.84828843333334.png,20250810_112234_226578,-6.09093686666667,-49.8482884333333,31.25,12,0.0,0.0,straight
frame_180_lat--6.090918966666666_lon--49.84825356666666.png,20250810_112235_264849,-6.09091896666667,-49.8482535666667,30.34,11,0.0,0.0,straight
frame_181_lat--6.090901199999999_lon--49.84821876666666.png,20250810_112236_228897,-6.0909012,-49.8482187666667,26.03,11,0.0,0.0,straight
frame_182_lat--6.090884299999999_lon--49.848184466666666.png,20250810_112237_252709,-6.0908843,-49.8481844666667,21.81,11,0.0,0.0,intersection
frame_183_lat--6.090869966666666_lon--49.848152600000006.png,20250810_112238_312064,-6.09086996666667,-49.8481526,17.94,11,0.0,0.0,intersection
frame_184_lat--6.090859666666666_lon--49.8481252.png,20250810_112239_257969,-6.09085966666667,-49.8481252,14.7,11,0.0,0.0,intersection
frame_185_lat--6.0908538666666665_lon--49.84810253333333.png,20250810_112240_228124,-6.09085386666667,-49.8481025333333,12.14,11,0.0,0.0,intersection
frame_186_lat--6.0908523_lon--49.84808353333334.png,20250810_112241_259415,-6.0908523,-49.8480835333333,10.17,11,0.0,0.0,intersection
frame_187_lat--6.0908546999999995_lon--49.848067.png,20250810_112242_222717,-6.0908547,-49.848067,8.73,11,0.0,0.0,intersection
frame_188_lat--6.0908617666666665_lon--49.84805266666666.png,20250810_112243_255939,-6.09086176666667,-49.8480526666667,8.01,11,0.0,0.0,intersection
frame_189_lat--6.090874_lon--49.84804053333333.png,20250810_112244_218898,-6.090874,-49.8480405333333,8.26,11,0.0,0.0,intersection
frame_190_lat--6.090891_lon--49.84803036666667.png,20250810_112245_248206,-6.090891,-49.8480303666667,9.49,11,0.0,0.0,intersection
frame_191_lat--6.090911233333333_lon--49.84802163333334.png,20250810_112246_222052,-6.09091123333333,-49.8480216333333,11.4,11,0.0,0.0,intersection
frame_192_lat--6.090933233333333_lon--49.848013599999994.png,20250810_112247_259734,-6.09093323333333,-49.8480136,13.69,11,0.0,0.0,intersection
frame_193_lat--6.0909561666666665_lon--49.84800563333333.png,20250810_112248_231718,-6.09095616666667,-49.8480056333333,16.17,11,0.0,0.0,intersection
frame_194_lat--6.09098_lon--49.84799726666667.png,20250810_112249_280432,-6.09098,-49.8479972666667,18.81,11,0.0,0.0,intersection
frame_195_lat--6.0910049_lon--49.84798803333334.png,20250810_112250_247667,-6.0910049,-49.8479880333333,21.61,11,0.0,0.0,intersection
frame_196_lat--6.0910310999999995_lon--49.8479776.png,20250810_112251_322863,-6.0910311,-49.8479776,24.6,11,0.0,0.0,straight
frame_197_lat--6.091058866666667_lon--49.84796583333334.png,20250810_112252_261146,-6.09105886666667,-49.8479658333333,27.81,11,0.0,0.0,straight
frame_198_lat--6.091087666666668_lon--49.84795306666666.png,20250810_112253_254174,-6.09108766666667,-49.8479530666667,31.18,11,0.0,0.0,straight
frame_199_lat--6.091116700000001_lon--49.847939499999995.png,20250810_112254_324282,-6.0911167,-49.8479395,34.62,11,0.0,0.0,straight
frame_200_lat--6.091146066666667_lon--49.84792523333333.png,20250810_112255_257169,-6.09114606666667,-49.8479252333333,38.12,11,0.0,0.0,straight
frame_201_lat--6.091176033333333_lon--49.8479106.png,20250810_112256_234204,-6.09117603333333,-49.8479106,41.72,11,0.0,0.0,straight
frame_202_lat--6.091206166666667_lon--49.8478959.png,20250810_112257_264573,-6.09120616666667,-49.8478959,45.36,11,0.0,0.0,straight
frame_203_lat--6.091235866666667_lon--49.84788136666667.png,20250810_112258_255390,-6.09123586666667,-49.8478813666667,48.95,11,0.0,0.0,straight
frame_204_lat--6.0912657_lon--49.84786676666666.png,20250810_112259_225658,-6.0912657,-49.8478667666667,52.57,11,0.0,0.0,straight
frame_205_lat--6.091296533333334_lon--49.8478521.png,20250810_112300_256182,-6.09129653333333,-49.8478521,56.3,11,0.0,0.0,straight
frame_206_lat--6.0913283666666675_lon--49.84783746666667.png,20250810_112301_225721,-6.09132836666667,-49.8478374666667,60.15,11,0.0,0.0,straight
frame_207_lat--6.0913604333333335_lon--49.84782320000001.png,20250810_112302_267663,-6.09136043333333,-49.8478232,64.01,11,0.0,0.0,straight
frame_208_lat--6.091391966666667_lon--49.84780943333334.png,20250810_112303_258181,-6.09139196666667,-49.8478094333333,67.8,11,0.0,0.0,straight
frame_209_lat--6.091422866666667_lon--49.847795999999995.png,20250810_112304_231891,-6.09142286666667,-49.847796,71.51,11,0.0,0.0,straight
frame_210_lat--6.0914537_lon--49.84778246666666.png,20250810_112305_265787,-6.0914537,-49.8477824666667,75.22,11,0.0,0.0,straight
frame_211_lat--6.091484400000001_lon--49.8477684.png,20250810_112306_242813,-6.0914844,-49.8477684,78.94,11,0.0,0.0,straight
frame_212_lat--6.091514566666666_lon--49.847754033333345.png,20250810_112307_322320,-6.09151456666667,-49.8477540333334,82.61,11,0.0,0.0,straight
frame_213_lat--6.091544166666667_lon--49.84773943333333.png,20250810_112308_234586,-6.09154416666667,-49.8477394333333,80.2,9,0.0,0.0,straight
frame_214_lat--6.0915734_lon--49.8477241.png,20250810_112309_271125,-6.0915734,-49.8477241,76.55,9,0.0,0.0,straight
frame_215_lat--6.091602066666667_lon--49.847707666666665.png,20250810_112310_245016,-6.09160206666667,-49.8477076666667,72.9,9,0.0,0.0,straight
frame_216_lat--6.091629999999999_lon--49.84769046666667.png,20250810_112311_297674,-6.09163,-49.8476904666667,69.29,9,0.0,0.0,straight
frame_217_lat--6.0916574_lon--49.84767353333334.png,20250810_112312_253468,-6.0916574,-49.8476735333333,65.76,9,0.0,0.0,straight
frame_218_lat--6.091685_lon--49.84765803333333.png,20250810_112313_225739,-6.091685,-49.8476580333333,62.27,9,0.0,0.0,straight
frame_219_lat--6.0917137_lon--49.84764466666667.png,20250810_112314_266428,-6.0917137,-49.8476446666667,58.76,9,0.0,0.0,straight
frame_220_lat--6.091744066666666_lon--49.847632833333336.png,20250810_112315_239015,-6.09174406666667,-49.8476328333333,55.17,9,0.0,0.0,straight
frame_221_lat--6.091776266666666_lon--49.84762106666667.png,20250810_112316_282987,-6.09177626666667,-49.8476210666667,51.39,9,0.0,0.0,straight
frame_222_lat--6.091809899999999_lon--49.847608300000005.png,20250810_112317_246108,-6.0918099,-49.8476083,47.42,9,0.0,0.0,straight
frame_223_lat--6.091844033333333_lon--49.847594533333336.png,20250810_112318_317353,-6.09184403333333,-49.8475945333333,43.36,9,0.0,0.0,straight
frame_224_lat--6.091877933333332_lon--49.84758083333334.png,20250810_112319_242635,-6.09187793333333,-49.8475808333333,39.32,9,0.0,0.0,straight
frame_225_lat--6.091911466666666_lon--49.84756863333333.png,20250810_112320_210398,-6.09191146666667,-49.8475686333333,35.4,9,13.84,6.13,straight
frame_226_lat--6.0919449666666665_lon--49.84755856666667.png,20250810_112321_231739,-6.09194496666667,-49.8475585666667,31.6,9,0.0,0.0,straight
frame_227_lat--6.091978366666668_lon--49.8475501.png,20250810_112322_247778,-6.09197836666667,-49.8475501,27.92,9,0.0,0.0,straight
frame_228_lat--6.092011099999999_lon--49.84754223333333.png,20250810_112323_269197,-6.0920111,-49.8475422333333,24.37,9,0.0,0.0,straight
frame_229_lat--6.0920424_lon--49.847534700000004.png,20250810_112324_242446,-6.0920424,-49.8475347,21.03,9,0.0,0.0,intersection
frame_230_lat--6.092071700000001_lon--49.847527533333334.png,20250810_112325_310661,-6.0920717,-49.8475275333333,17.98,9,0.0,0.0,intersection
frame_231_lat--6.092099466666667_lon--49.8475207.png,20250810_112326_254827,-6.09209946666667,-49.8475207,15.2,9,0.0,0.0,intersection
frame_232_lat--6.092124433333334_lon--49.847514733333334.png,20250810_112327_229136,-6.09212443333333,-49.8475147333333,12.86,9,0.0,0.0,intersection
frame_233_lat--6.092144833333333_lon--49.84751106666666.png,20250810_112328_267999,-6.09214483333333,-49.8475110666667,11.23,9,0.0,0.0,intersection
frame_234_lat--6.0921609666666665_lon--49.84751096666666.png,20250810_112329_229416,-6.09216096666667,-49.8475109666667,10.42,9,0.0,0.0,intersection
frame_235_lat--6.092174533333333_lon--49.8475149.png,20250810_112330_260029,-6.09217453333333,-49.8475149,10.36,9,0.0,0.0,intersection
frame_236_lat--6.092185866666666_lon--49.8475224.png,20250810_112331_232002,-6.09218586666667,-49.8475224,10.96,9,0.0,0.0,intersection
frame_237_lat--6.092194866666666_lon--49.847533033333335.png,20250810_112332_283646,-6.09219486666667,-49.8475330333333,12.07,9,0.0,0.0,intersection
frame_238_lat--6.092201900000001_lon--49.8475463.png,20250810_112333_236260,-6.0922019,-49.8475463,13.55,9,0.0,0.0,intersection
frame_239_lat--6.092207066666667_lon--49.847559366666665.png,20250810_112334_266970,-6.09220706666667,-49.8475593666667,15.03,9,0.0,0.0,intersection
frame_240_lat--6.0922149333333335_lon--49.847587399999995.png,20250810_112336_295240,-6.09221493333333,-49.8475874,18.2,9,0.0,0.0,intersection
frame_241_lat--6.092219866666667_lon--49.847608400000006.png,20250810_112337_251318,-6.09221986666667,-49.8476084,20.57,9,0.0,0.0,intersection
frame_242_lat--6.092225833333333_lon--49.84763386666667.png,20250810_112338_226594,-6.09222583333333,-49.8476338666667,23.45,9,0.0,0.0,straight
frame_243_lat--6.0922326_lon--49.84766203333334.png,20250810_112339_261756,-6.0922326,-49.8476620333333,26.64,9,0.0,0.0,straight
frame_244_lat--6.092239999999999_lon--49.847692066666674.png,20250810_112340_238770,-6.09224,-49.8476920666667,30.05,9,0.0,0.0,straight
frame_245_lat--6.0922474_lon--49.847723099999996.png,20250810_112341_288850,-6.0922474,-49.8477231,33.57,9,0.0,0.0,straight
frame_246_lat--6.092254566666666_lon--49.84775423333333.png,20250810_112342_250058,-6.09225456666667,-49.8477542333333,34.03,10,0.0,0.0,straight
frame_247_lat--6.0922617_lon--49.84778476666666.png,20250810_112343_232504,-6.0922617,-49.8477847666667,30.57,10,0.0,0.0,straight
frame_248_lat--6.0922687_lon--49.84781340000001.png,20250810_112344_257588,-6.0922687,-49.8478134,27.3,10,0.0,0.0,straight
frame_249_lat--6.092275366666668_lon--49.84783936666666.png,20250810_112345_226805,-6.09227536666667,-49.8478393666667,24.34,10,0.0,0.0,straight
frame_250_lat--6.0922819666666665_lon--49.847863366666665.png,20250810_112346_254639,-6.09228196666667,-49.8478633666667,21.58,10,0.0,0.0,intersection
frame_251_lat--6.092288699999999_lon--49.84788663333333.png,20250810_112347_222856,-6.0922887,-49.8478866333333,18.9,10,0.0,0.0,intersection
frame_252_lat--6.092295333333333_lon--49.847909666666666.png,20250810_112348_256521,-6.09229533333333,-49.8479096666667,16.25,10,0.0,0.0,intersection
frame_253_lat--6.092301633333333_lon--49.8479329.png,20250810_112349_235122,-6.09230163333333,-49.8479329,13.58,10,0.0,0.0,intersection
frame_254_lat--6.092307700000002_lon--49.84795646666666.png,20250810_112350_267281,-6.0923077,-49.8479564666667,10.89,10,0.0,0.0,intersection
frame_255_lat--6.092313566666666_lon--49.84798039999999.png,20250810_112351_244242,-6.09231356666667,-49.8479804,8.17,10,0.0,0.0,intersection
frame_256_lat--6.092318433333334_lon--49.8480045.png,20250810_112352_306256,-6.09231843333333,-49.8480045,5.46,10,0.0,0.0,intersection
frame_257_lat--6.092321366666667_lon--49.84802813333334.png,20250810_112353_251482,-6.09232136666667,-49.8480281333333,2.95,10,0.0,0.0,intersection
frame_258_lat--6.092321799999999_lon--49.84804989999999.png,20250810_112354_220364,-6.0923218,-49.8480499,1.46,10,0.0,0.0,intersection
frame_259_lat--6.092319266666666_lon--49.84806833333332.png,20250810_112355_251790,-6.09231926666667,-49.8480683333333,2.59,10,0.0,0.0,intersection
frame_260_lat--6.092313533333334_lon--49.84808316666666.png,20250810_112356_227872,-6.09231353333333,-49.8480831666667,4.28,10,0.0,0.0,intersection
frame_261_lat--6.092304633333334_lon--49.84809506666666.png,20250810_112357_264321,-6.09230463333333,-49.8480950666667,5.92,10,0.0,0.0,intersection
frame_262_lat--6.092291766666667_lon--49.84810563333333.png,20250810_112358_237994,-6.09229176666667,-49.8481056333333,7.71,10,0.0,0.0,intersection
frame_263_lat--6.092274433333333_lon--49.848115633333336.png,20250810_112359_268814,-6.09227443333333,-49.8481156333333,9.8,10,0.0,0.0,intersection
frame_264_lat--6.092253033333334_lon--49.84812496666667.png,20250810_112400_235364,-6.09225303333333,-49.8481249666667,12.21,10,0.0,0.0,intersection
frame_265_lat--6.092228233333334_lon--49.84813356666667.png,20250810_112401_268175,-6.09222823333333,-49.8481335666667,14.93,10,0.0,0.0,intersection
frame_266_lat--6.092201_lon--49.84814073333334.png,20250810_112402_244388,-6.092201,-49.8481407333333,17.84,10,0.0,0.0,intersection
frame_267_lat--6.092172333333333_lon--49.8481463.png,20250810_112403_211868,-6.09217233333333,-49.8481463,20.85,10,0.0,0.0,intersection
frame_268_lat--6.092143066666667_lon--49.84815086666667.png,20250810_112404_251302,-6.09214306666667,-49.8481508666667,23.93,10,0.0,0.0,straight
frame_269_lat--6.0921138_lon--49.84815553333333.png,20250810_112405_229970,-6.0921138,-49.8481555333333,27.06,10,0.0,0.0,straight
frame_270_lat--6.0920849666666665_lon--49.84816106666667.png,20250810_112406_253556,-6.09208496666667,-49.8481610666667,30.22,10,0.0,0.0,straight
frame_271_lat--6.0920571_lon--49.84816763333333.png,20250810_112407_282065,-6.0920571,-49.8481676333333,33.33,10,0.0,0.0,straight
frame_272_lat--6.0920301666666665_lon--49.8481754.png,20250810_112408_250953,-6.09203016666667,-49.8481754,36.41,10,0.0,0.0,straight
frame_273_lat--6.092003866666667_lon--49.84818446666666.png,20250810_112409_226578,-6.09200386666667,-49.8481844666667,39.49,10,0.0,0.0,straight
frame_274_lat--6.091977933333334_lon--49.84819443333333.png,20250810_112410_265584,-6.09197793333333,-49.8481944333333,42.56,10,0.0,0.0,straight
frame_275_lat--6.091952266666667_lon--49.84820486666666.png,20250810_112411_243517,-6.09195226666667,-49.8482048666667,45.62,10,0.0,0.0,straight
frame_276_lat--6.091926533333333_lon--49.848215733333326.png,20250810_112412_282864,-6.09192653333333,-49.8482157333333,48.71,10,0.0,0.0,straight
frame_277_lat--6.091900233333332_lon--49.848226999999994.png,20250810_112413_285147,-6.09190023333333,-49.848227,51.88,10,0.0,0.0,straight
frame_278_lat--6.091873033333333_lon--49.84823846666667.png,20250810_112414_244396,-6.09187303333333,-49.8482384666667,55.14,10,0.0,0.0,straight
frame_279_lat--6.0918449_lon--49.848250099999994.png,20250810_112415_214147,-6.0918449,-49.8482501,58.51,10,0.0,0.0,straight
frame_280_lat--6.0918167_lon--49.8482616.png,20250810_112416_260915,-6.0918167,-49.8482616,61.88,10,0.0,0.0,straight
frame_281_lat--6.091789066666666_lon--49.848272833333326.png,20250810_112417_235483,-6.09178906666667,-49.8482728333333,65.18,10,0.0,0.0,straight
frame_282_lat--6.0917618000000004_lon--49.84828406666666.png,20250810_112418_258928,-6.0917618,-49.8482840666667,68.44,10,0.0,0.0,straight
frame_283_lat--6.091734466666667_lon--49.84829586666666.png,20250810_112419_233497,-6.09173446666667,-49.8482958666667,71.73,10,0.0,0.0,straight
frame_284_lat--6.091707266666667_lon--49.848308366666664.png,20250810_112420_281323,-6.09170726666667,-49.8483083666667,75.04,10,0.0,0.0,straight
frame_285_lat--6.091680766666667_lon--49.8483212.png,20250810_112421_244612,-6.09168076666667,-49.8483212,74.34,12,0.0,0.0,straight
frame_286_lat--6.091655066666666_lon--49.84833433333333.png,20250810_112422_220002,-6.09165506666667,-49.8483343333333,71.18,12,0.0,0.0,straight
frame_287_lat--6.091630066666667_lon--49.848348099999995.png,20250810_112423_259072,-6.09163006666667,-49.8483481,68.07,12,0.0,0.0,straight
frame_288_lat--6.0916055_lon--49.848362466666664.png,20250810_112424_246779,-6.0916055,-49.8483624666667,64.98,12,0.0,0.0,straight
frame_289_lat--6.091581133333333_lon--49.84837703333333.png,20250810_112425_313467,-6.09158113333333,-49.8483770333333,61.92,12,0.0,0.0,straight
frame_290_lat--6.0915566666666665_lon--49.8483913.png,20250810_112426_251659,-6.09155666666667,-49.8483913,58.87,12,0.0,0.0,straight
frame_291_lat--6.091531799999999_lon--49.848405000000014.png,20250810_112427_229168,-6.0915318,-49.848405,55.79,12,0.0,0.0,straight
frame_292_lat--6.0915056666666665_lon--49.848417766666664.png,20250810_112428_281900,-6.09150566666667,-49.8484177666667,52.62,12,0.0,0.0,straight
frame_293_lat--6.091476933333334_lon--49.84842993333333.png,20250810_112429_270224,-6.09147693333333,-49.8484299333333,49.2,12,0.0,0.0,straight
frame_294_lat--6.091444733333333_lon--49.84844223333333.png,20250810_112430_235372,-6.09144473333333,-49.8484422333333,45.41,12,0.0,0.0,straight
frame_295_lat--6.091410233333333_lon--49.848454833333335.png,20250810_112431_282285,-6.09141023333333,-49.8484548333333,41.36,12,0.0,0.0,straight
frame_296_lat--6.091375733333333_lon--49.84846733333334.png,20250810_112432_247926,-6.09137573333333,-49.8484673333333,37.33,12,0.0,0.0,straight
frame_297_lat--6.091342466666665_lon--49.848479600000005.png,20250810_112433_222896,-6.09134246666667,-49.8484796,33.43,12,0.0,0.0,straight
frame_298_lat--6.091310533333332_lon--49.84849183333333.png,20250810_112434_261233,-6.09131053333333,-49.8484918333333,29.69,12,0.0,0.0,straight
frame_299_lat--6.091279433333334_lon--49.84850446666666.png,20250810_112435_232418,-6.09127943333333,-49.8485044666667,26.04,12,0.0,0.0,straight
frame_300_lat--6.0912486333333336_lon--49.848517599999994.png,20250810_112436_268072,-6.09124863333333,-49.8485176,22.44,12,0.0,0.0,intersection
frame_301_lat--6.091217966666667_lon--49.84853076666667.png,20250810_112437_243142,-6.09121796666667,-49.8485307666667,18.89,12,0.0,0.0,intersection
frame_302_lat--6.091188466666667_lon--49.84854313333334.png,20250810_112438_266709,-6.09118846666667,-49.8485431333333,15.54,12,0.0,0.0,intersection
frame_303_lat--6.0911621_lon--49.8485537.png,20250810_112439_242305,-6.0911621,-49.8485537,12.63,12,0.0,0.0,intersection
frame_304_lat--6.091140666666668_lon--49.8485619.png,20250810_112440_310565,-6.09114066666667,-49.8485619,10.36,12,0.0,0.0,intersection
frame_305_lat--6.0911244333333325_lon--49.848567833333334.png,20250810_112441_241773,-6.09112443333333,-49.8485678333333,8.73,12,0.0,0.0,intersection
frame_306_lat--6.0911102_lon--49.848571933333325.png,20250810_112442_304248,-6.0911102,-49.8485719333333,7.37,12,0.0,0.0,intersection
frame_307_lat--6.0910956_lon--49.848573466666664.png,20250810_112443_248427,-6.0910956,-49.8485734666667,5.97,12,0.0,0.0,intersection
frame_308_lat--6.0910798999999995_lon--49.8485705.png,20250810_112444_310233,-6.0910799,-49.8485705,4.32,12,0.0,0.0,intersection
frame_309_lat--6.091064266666667_lon--49.84856113333333.png,20250810_112445_254471,-6.09106426666667,-49.8485611333333,2.31,12,0.0,0.0,intersection
frame_310_lat--6.091049866666667_lon--49.848544533333325.png,20250810_112446_227427,-6.09104986666667,-49.8485445333333,0.44,12,0.0,0.0,intersection
frame_311_lat--6.0910367999999995_lon--49.8485219.png,20250810_112447_228828,-6.0910368,-49.8485219,3.14,12,0.0,0.0,intersection
frame_312_lat--6.091024033333333_lon--49.848495.png,20250810_112448_260445,-6.09102403333333,-49.848495,6.44,12,0.0,0.0,intersection
frame_313_lat--6.091010833333334_lon--49.84846563333333.png,20250810_112449_234220,-6.09101083333333,-49.8484656333333,10.0,12,0.0,0.0,intersection
frame_314_lat--6.090997333333333_lon--49.84843533333333.png,20250810_112450_294910,-6.09099733333333,-49.8484353333333,13.67,12,0.0,0.0,intersection
frame_315_lat--6.090983933333334_lon--49.84840546666668.png,20250810_112451_244638,-6.09098393333333,-49.8484054666667,17.3,12,0.0,0.0,intersection
frame_316_lat--6.090970833333334_lon--49.84837673333334.png,20250810_112452_303757,-6.09097083333333,-49.8483767333333,20.79,12,0.0,0.0,intersection
frame_317_lat--6.090957933333333_lon--49.84834873333333.png,20250810_112453_250146,-6.09095793333333,-49.8483487333333,24.2,12,0.0,0.0,straight
frame_318_lat--6.090944566666666_lon--49.848319933333336.png,20250810_112454_225873,-6.09094456666667,-49.8483199333333,27.72,12,0.0,0.0,straight
frame_319_lat--6.0909304_lon--49.84828983333333.png,20250810_112455_262300,-6.0909304,-49.8482898333333,31.4,12,0.0,0.0,straight
frame_320_lat--6.090915966666667_lon--49.8482595.png,20250810_112456_242506,-6.09091596666667,-49.8482595,30.82,11,0.0,0.0,straight
frame_321_lat--6.0909016666666655_lon--49.848229100000005.png,20250810_112457_311280,-6.09090166666667,-49.8482291,27.11,11,0.0,0.0,straight
frame_322_lat--6.090887366666666_lon--49.848198233333335.png,20250810_112458_251894,-6.09088736666667,-49.8481982333333,23.35,11,0.0,0.0,straight
frame_323_lat--6.090873466666666_lon--49.848167399999994.png,20250810_112459_225860,-6.09087346666667,-49.8481674,19.61,11,0.0,0.0,intersection
frame_324_lat--6.0908617000000005_lon--49.84813796666667.png,20250810_112500_261044,-6.0908617,-49.8481379666667,16.1,11,0.0,0.0,intersection
frame_325_lat--6.090854466666667_lon--49.84811093333334.png,20250810_112501_238610,-6.09085446666667,-49.8481109333333,13.02,11,0.0,0.0,intersection
frame_326_lat--6.090853733333333_lon--49.84808746666666.png,20250810_112502_309680,-6.09085373333333,-49.8480874666667,10.63,11,0.0,0.0,intersection
frame_327_lat--6.090861366666665_lon--49.84806823333332.png,20250810_112503_244245,-6.09086136666667,-49.8480682333333,9.27,11,0.0,0.0,intersection
frame_328_lat--6.0908777333333335_lon--49.848052633333324.png,20250810_112504_269711,-6.09087773333333,-49.8480526333333,9.36,11,0.0,0.0,intersection
frame_329_lat--6.090900899999999_lon--49.8480389.png,20250810_112505_240554,-6.0909009,-49.8480389,10.85,11,0.0,0.0,intersection
frame_330_lat--6.090928266666667_lon--49.8480257.png,20250810_112506_308660,-6.09092826666667,-49.8480257,13.34,11,0.0,0.0,intersection
frame_331_lat--6.090957633333334_lon--49.848012466666674.png,20250810_112507_254907,-6.09095763333333,-49.8480124666667,16.37,11,0.0,0.0,intersection
frame_332_lat--6.090987633333333_lon--49.847999099999996.png,20250810_112508_230562,-6.09098763333333,-49.8479991,19.65,11,0.0,0.0,intersection
frame_333_lat--6.091017466666666_lon--49.84798563333332.png,20250810_112509_254862,-6.09101746666667,-49.8479856333333,23.01,11,0.0,0.0,straight
frame_334_lat--6.0910470000000005_lon--49.847972066666664.png,20250810_112510_232754,-6.091047,-49.8479720666667,26.42,11,0.0,0.0,straight
frame_335_lat--6.091076166666666_lon--49.8479585.png,20250810_112511_292950,-6.09107616666667,-49.8479585,29.83,11,0.0,0.0,straight
frame_336_lat--6.091104833333333_lon--49.84794483333334.png,20250810_112512_248897,-6.09110483333333,-49.8479448333333,33.21,11,0.0,0.0,straight
frame_337_lat--6.091133000000001_lon--49.847931066666675.png,20250810_112513_309338,-6.091133,-49.8479310666667,36.57,11,0.0,0.0,straight
frame_338_lat--6.091160833333334_lon--49.8479173.png,20250810_112514_262639,-6.09116083333333,-49.8479173,39.91,11,0.0,0.0,straight
frame_339_lat--6.091188600000001_lon--49.8479038.png,20250810_112515_248531,-6.0911886,-49.8479038,43.26,11,0.0,0.0,straight
frame_340_lat--6.091216_lon--49.84789093333334.png,20250810_112516_214202,-6.091216,-49.8478909333333,46.55,11,0.0,0.0,straight
frame_341_lat--6.0912421_lon--49.84787923333334.png,20250810_112517_253403,-6.0912421,-49.8478792333333,49.68,11,0.0,0.0,straight
frame_342_lat--6.091265933333334_lon--49.84786926666666.png,20250810_112518_227115,-6.09126593333333,-49.8478692666667,52.52,11,0.0,0.0,straight
frame_343_lat--6.0912866999999995_lon--49.84786163333333.png,20250810_112519_265886,-6.0912867,-49.8478616333333,54.96,11,0.0,0.0,straight
frame_344_lat--6.091303966666667_lon--49.847856033333336.png,20250810_112520_254636,-6.09130396666667,-49.8478560333333,56.97,11,0.0,0.0,straight
frame_345_lat--6.091317166666667_lon--49.8478518.png,20250810_112521_227566,-6.09131716666667,-49.8478518,58.5,11,0.0,0.0,straight
frame_346_lat--6.091330233333333_lon--49.8478469.png,20250810_112523_125969,-6.09133023333333,-49.8478469,60.04,11,4.66,6.97,straight
frame_347_lat--6.091346566666665_lon--49.847838966666664.png,20250810_112533_135459,-6.09134656666667,-49.8478389666667,62.02,11,8.19,7.68,straight
frame_348_lat--6.091375866666666_lon--49.847824700000004.png,20250810_112535_256132,-6.09137586666667,-49.8478247,65.58,11,0.0,0.0,straight
frame_349_lat--6.091396333333334_lon--49.84781443333334.png,20250810_112536_230428,-6.09139633333333,-49.8478144333333,68.08,11,0.0,0.0,straight
frame_350_lat--6.091418533333334_lon--49.847803233333345.png,20250810_112537_267608,-6.09141853333333,-49.8478032333333,70.8,11,0.0,0.0,straight
frame_351_lat--6.0914418_lon--49.84779146666667.png,20250810_112538_244377,-6.0914418,-49.8477914666667,73.65,11,0.0,0.0,straight
frame_352_lat--6.091465300000001_lon--49.8477796.png,20250810_112539_248772,-6.0914653,-49.8477796,76.54,11,0.0,0.0,straight
frame_353_lat--6.0914885000000005_lon--49.847767899999994.png,20250810_112540_223017,-6.0914885,-49.8477679,79.38,11,0.0,0.0,straight
frame_354_lat--6.091511933333333_lon--49.84775583333334.png,20250810_112541_256698,-6.09151193333333,-49.8477558333333,82.27,11,0.0,0.0,straight
frame_355_lat--6.091536033333332_lon--49.84774286666667.png,20250810_112542_228548,-6.09153603333333,-49.8477428666667,81.17,9,0.0,0.0,straight
frame_356_lat--6.091560666666666_lon--49.847729233333325.png,20250810_112543_261364,-6.09156066666667,-49.8477292333333,78.06,9,0.0,0.0,straight
frame_357_lat--6.0915854000000005_lon--49.847714999999994.png,20250810_112544_256470,-6.0915854,-49.847715,74.91,9,0.0,0.0,straight
frame_358_lat--6.0916105_lon--49.847699899999995.png,20250810_112545_230628,-6.0916105,-49.8476999,71.69,9,0.0,0.0,straight
frame_359_lat--6.091636566666666_lon--49.84768393333333.png,20250810_112546_268565,-6.09163656666667,-49.8476839333333,68.33,9,0.0,0.0,straight
frame_360_lat--6.091664233333333_lon--49.84766786666667.png,20250810_112547_240885,-6.09166423333333,-49.8476678666667,64.81,9,0.0,0.0,straight
frame_361_lat--6.091694_lon--49.847652833333335.png,20250810_112548_308627,-6.091694,-49.8476528333333,61.12,9,0.0,0.0,straight
frame_362_lat--6.091725833333333_lon--49.84763883333333.png,20250810_112549_232486,-6.09172583333333,-49.8476388333333,57.28,9,0.0,0.0,straight
frame_363_lat--6.0917593000000005_lon--49.847625233333325.png,20250810_112550_266702,-6.0917593,-49.8476252333333,53.28,9,0.0,0.0,straight
frame_364_lat--6.091794233333333_lon--49.8476114.png,20250810_112551_240959,-6.09179423333333,-49.8476114,49.13,9,0.0,0.0,straight
frame_365_lat--6.091830066666667_lon--49.84759746666666.png,20250810_112552_282465,-6.09183006666667,-49.8475974666667,44.89,9,0.0,0.0,straight
frame_366_lat--6.091865499999999_lon--49.847584233333336.png,20250810_112553_243122,-6.0918655,-49.8475842333333,40.72,9,0.0,0.0,straight
frame_367_lat--6.0919001999999995_lon--49.84757213333334.png,20250810_112554_313503,-6.0919002,-49.8475721333333,36.69,9,0.0,0.0,straight
frame_368_lat--6.091935066666666_lon--49.847561366666675.png,20250810_112555_255353,-6.09193506666667,-49.8475613666667,32.71,9,0.0,0.0,straight
frame_369_lat--6.091970866666665_lon--49.8475518.png,20250810_112556_231626,-6.09197086666667,-49.8475518,28.73,9,0.0,0.0,straight
frame_370_lat--6.092006733333333_lon--49.84754313333333.png,20250810_112557_262858,-6.09200673333333,-49.8475431333333,24.83,9,0.0,0.0,straight
frame_371_lat--6.0920408_lon--49.84753526666666.png,20250810_112558_224975,-6.0920408,-49.8475352666667,21.22,9,0.0,0.0,intersection
frame_372_lat--6.092070633333334_lon--49.84752803333333.png,20250810_112559_258604,-6.09207063333333,-49.8475280333333,18.11,9,0.0,0.0,intersection
frame_373_lat--6.092095033333333_lon--49.84752146666666.png,20250810_112600_224930,-6.09209503333333,-49.8475214666667,15.61,9,0.0,0.0,intersection
frame_374_lat--6.092113766666666_lon--49.84751583333333.png,20250810_112601_247312,-6.09211376666667,-49.8475158333333,13.71,9,0.0,0.0,intersection
frame_375_lat--6.092127466666666_lon--49.84751116666666.png,20250810_112602_223302,-6.09212746666667,-49.8475111666667,12.34,9,0.0,0.0,intersection
frame_376_lat--6.092150866666667_lon--49.84749789999999.png,20250810_112604_229035,-6.09215086666667,-49.8474979,9.64,9,0.0,0.0,intersection
frame_377_lat--6.0921631_lon--49.84748493333333.png,20250810_112605_261843,-6.0921631,-49.8474849333333,7.72,9,0.0,0.0,intersection
frame_378_lat--6.092173166666667_lon--49.84746750000001.png,20250810_112606_234742,-6.09217316666667,-49.8474675,5.49,9,0.0,0.0,intersection
frame_379_lat--6.092179266666667_lon--49.84744716666667.png,20250810_112607_283837,-6.09217926666667,-49.8474471666667,3.23,9,0.0,0.0,intersection
frame_380_lat--6.092181399999999_lon--49.847424700000005.png,20250810_112608_245713,-6.0921814,-49.8474247,1.73,9,0.0,0.0,intersection
frame_381_lat--6.0921801_lon--49.847399933333335.png,20250810_112609_325544,-6.0921801,-49.8473999333333,3.25,9,0.0,0.0,intersection
frame_382_lat--6.092175966666668_lon--49.84737203333334.png,20250810_112610_252431,-6.09217596666667,-49.8473720333333,6.2,9,0.0,0.0,intersection
frame_383_lat--6.092170000000001_lon--49.847341533333335.png,20250810_112611_223248,-6.09217,-49.8473415333333,9.6,9,0.0,0.0,intersection
frame_384_lat--6.092163433333335_lon--49.84730976666667.png,20250810_112612_263338,-6.09216343333334,-49.8473097666667,13.18,9,0.0,0.0,intersection
frame_385_lat--6.092156866666667_lon--49.8472779.png,20250810_112613_238629,-6.09215686666667,-49.8472779,16.77,9,0.0,0.0,intersection
frame_386_lat--6.092150233333333_lon--49.84724623333333.png,20250810_112614_310248,-6.09215023333333,-49.8472462333333,20.35,9,0.0,0.0,intersection
frame_387_lat--6.092143533333332_lon--49.84721476666666.png,20250810_112615_249241,-6.09214353333333,-49.8472147666667,23.9,9,0.0,0.0,straight
frame_388_lat--6.0921369_lon--49.84718373333333.png,20250810_112616_222229,-6.0921369,-49.8471837333333,27.41,9,0.0,0.0,straight
frame_389_lat--6.0921301_lon--49.847153.png,20250810_112617_257640,-6.0921301,-49.847153,30.9,9,0.0,0.0,straight
frame_390_lat--6.092123133333334_lon--49.84712203333333.png,20250810_112618_230360,-6.09212313333333,-49.8471220333333,34.41,9,0.0,0.0,straight
frame_391_lat--6.092116233333334_lon--49.847091099999986.png,20250810_112619_260293,-6.09211623333333,-49.8470911,34.2,7,0.0,0.0,straight
frame_392_lat--6.092109499999999_lon--49.84706026666667.png,20250810_112620_231336,-6.0921095,-49.8470602666667,30.71,7,0.0,0.0,straight
frame_393_lat--6.092102966666667_lon--49.847029899999995.png,20250810_112621_268195,-6.09210296666667,-49.8470299,27.27,7,0.0,0.0,straight
frame_394_lat--6.092096766666668_lon--49.84700073333333.png,20250810_112622_260576,-6.09209676666667,-49.8470007333333,23.97,7,0.0,0.0,straight
frame_395_lat--6.0920914333333345_lon--49.84697443333333.png,20250810_112623_227253,-6.09209143333333,-49.8469744333333,21.0,7,0.0,0.0,intersection
frame_396_lat--6.092087266666667_lon--49.8469519.png,20250810_112624_261812,-6.09208726666667,-49.8469519,18.47,7,0.0,0.0,intersection
frame_397_lat--6.092084_lon--49.84693273333333.png,20250810_112625_235655,-6.092084,-49.8469327333333,16.32,7,0.0,0.0,intersection
frame_398_lat--6.0920817666666665_lon--49.846916.png,20250810_112626_264891,-6.09208176666667,-49.846916,14.47,7,0.0,0.0,intersection
frame_399_lat--6.092081066666667_lon--49.8469012.png,20250810_112627_231774,-6.09208106666667,-49.8469012,12.87,7,0.0,0.0,intersection
frame_400_lat--6.092085533333334_lon--49.84687583333333.png,20250810_112629_184213,-6.09208553333333,-49.8468758333333,10.41,7,12.24,14.48,intersection
frame_401_lat--6.092101700000001_lon--49.846854633333336.png,20250810_112631_195239,-6.0921017,-49.8468546333333,9.37,7,13.8,12.12,intersection
frame_402_lat--6.0921153666666665_lon--49.84684630000001.png,20250810_112632_241268,-6.09211536666667,-49.8468463,9.8,7,0.0,0.0,intersection
frame_403_lat--6.092131366666666_lon--49.846840033333336.png,20250810_112633_240459,-6.09213136666667,-49.8468400333333,10.85,7,0.0,0.0,intersection
frame_404_lat--6.092148166666666_lon--49.84683536666667.png,20250810_112634_283052,-6.09214816666667,-49.8468353666667,12.26,7,0.0,0.0,intersection
frame_405_lat--6.0921659_lon--49.8468312.png,20250810_112635_247628,-6.0921659,-49.8468312,13.92,7,0.0,0.0,intersection
frame_406_lat--6.092185266666667_lon--49.846826699999994.png,20250810_112636_221341,-6.09218526666667,-49.8468267,15.82,7,0.0,0.0,intersection
frame_407_lat--6.092205466666667_lon--49.84682203333334.png,20250810_112637_255621,-6.09220546666667,-49.8468220333333,17.88,7,0.0,0.0,intersection
frame_408_lat--6.092226533333334_lon--49.84681736666667.png,20250810_112638_230468,-6.09222653333333,-49.8468173666667,20.08,7,0.0,0.0,intersection
frame_409_lat--6.092249866666667_lon--49.84681246666667.png,20250810_112639_267483,-6.09224986666667,-49.8468124666667,22.57,7,0.0,0.0,intersection
frame_410_lat--6.0922757_lon--49.846807266666666.png,20250810_112640_244939,-6.0922757,-49.8468072666667,25.36,7,0.0,0.0,straight
frame_411_lat--6.092302933333333_lon--49.84680206666667.png,20250810_112641_311253,-6.09230293333333,-49.8468020666667,28.33,7,0.0,0.0,straight
frame_412_lat--6.092331_lon--49.84679686666667.png,20250810_112642_255175,-6.092331,-49.8467968666667,31.42,7,0.0,0.0,straight
frame_413_lat--6.0923598000000005_lon--49.84679140000001.png,20250810_112643_226459,-6.0923598,-49.8467914,34.59,7,0.0,0.0,straight
frame_414_lat--6.092388966666668_lon--49.8467856.png,20250810_112644_265693,-6.09238896666667,-49.8467856,37.82,7,0.0,0.0,straight
frame_415_lat--6.092418100000001_lon--49.84677976666667.png,20250810_112645_239428,-6.0924181,-49.8467797666667,41.05,7,0.0,0.0,straight
frame_416_lat--6.0924472000000005_lon--49.84677343333333.png,20250810_112646_292167,-6.0924472,-49.8467734333333,44.29,7,0.0,0.0,straight
frame_417_lat--6.0924764_lon--49.84676603333334.png,20250810_112647_239259,-6.0924764,-49.8467660333333,47.56,7,0.0,0.0,straight
frame_418_lat--6.0925055666666665_lon--49.846757400000016.png,20250810_112648_308959,-6.09250556666667,-49.8467574,50.84,7,0.0,0.0,straight
frame_419_lat--6.092533966666667_lon--49.846748100000006.png,20250810_112649_232965,-6.09253396666667,-49.8467481,54.05,7,0.0,0.0,straight
frame_420_lat--6.092560633333333_lon--49.846738800000004.png,20250810_112650_280564,-6.09256063333333,-49.8467388,57.08,7,0.0,0.0,straight
frame_421_lat--6.0925859_lon--49.84672976666667.png,20250810_112651_244596,-6.0925859,-49.8467297666667,59.97,7,0.0,0.0,straight
frame_422_lat--6.092611066666667_lon--49.846721233333334.png,20250810_112652_202544,-6.09261106666667,-49.8467212333333,62.84,7,0.0,0.0,straight
frame_423_lat--6.0926372_lon--49.84671366666667.png,20250810_112653_251863,-6.0926372,-49.8467136666667,65.81,7,0.0,0.0,straight
frame_424_lat--6.0926647_lon--49.84670726666667.png,20250810_112654_227692,-6.0926647,-49.8467072666667,68.92,7,0.0,0.0,straight
frame_425_lat--6.092693466666667_lon--49.84670143333334.png,20250810_112655_233627,-6.09269346666667,-49.8467014333333,68.93,8,0.0,0.0,straight
frame_426_lat--6.0927232_lon--49.8466954.png,20250810_112656_269549,-6.0927232,-49.8466954,65.59,8,0.0,0.0,straight
frame_427_lat--6.092753533333334_lon--49.84668883333334.png,20250810_112657_239029,-6.09275353333333,-49.8466888333333,62.17,8,0.0,0.0,straight
frame_428_lat--6.092784133333334_lon--49.846682400000006.png,20250810_112658_268983,-6.09278413333333,-49.8466824,58.73,8,0.0,0.0,straight
frame_429_lat--6.0928146666666665_lon--49.84667686666667.png,20250810_112659_241828,-6.09281466666667,-49.8466768666667,55.32,8,0.0,0.0,straight
frame_430_lat--6.092845333333332_lon--49.84667223333334.png,20250810_112700_262460,-6.09284533333333,-49.8466722333333,51.95,8,0.0,0.0,straight
frame_431_lat--6.0928764_lon--49.8466676.png,20250810_112701_238655,-6.0928764,-49.8466676,48.53,8,0.0,0.0,straight
frame_432_lat--6.092907799999999_lon--49.846661966666666.png,20250810_112702_293272,-6.0929078,-49.8466619666667,45.05,8,0.0,0.0,straight
frame_433_lat--6.092939166666666_lon--49.846655266666666.png,20250810_112703_231441,-6.09293916666667,-49.8466552666667,41.55,8,0.0,0.0,straight
frame_434_lat--6.092970333333334_lon--49.8466479.png,20250810_112704_249360,-6.09297033333333,-49.8466479,38.04,8,0.0,0.0,straight
frame_435_lat--6.0930010999999995_lon--49.846640099999995.png,20250810_112705_284211,-6.0930011,-49.8466401,34.56,8,0.0,0.0,straight
frame_436_lat--6.093030966666667_lon--49.846632099999994.png,20250810_112706_250410,-6.09303096666667,-49.8466321,31.17,8,0.0,0.0,straight
frame_437_lat--6.0930587_lon--49.8466246.png,20250810_112707_224223,-6.0930587,-49.8466246,28.03,8,0.0,0.0,straight
frame_438_lat--6.0930824_lon--49.84661833333333.png,20250810_112708_251089,-6.0930824,-49.8466183333333,25.36,8,0.0,0.0,straight
frame_439_lat--6.093102599999999_lon--49.846613133333335.png,20250810_112709_227726,-6.0931026,-49.8466131333333,23.1,8,0.0,0.0,straight
frame_440_lat--6.0931213_lon--49.84660826666667.png,20250810_112710_268547,-6.0931213,-49.8466082666667,21.01,8,0.0,0.0,intersection
frame_441_lat--6.0931394999999995_lon--49.84660353333332.png,20250810_112711_238165,-6.0931395,-49.8466035333333,18.99,8,0.0,0.0,intersection
frame_442_lat--6.0931573666666665_lon--49.84659893333334.png,20250810_112712_282075,-6.09315736666667,-49.8465989333333,17.02,8,0.0,0.0,intersection
frame_443_lat--6.093174833333333_lon--49.8465945.png,20250810_112713_248641,-6.09317483333333,-49.8465945,15.11,8,0.0,0.0,intersection
frame_444_lat--6.093191766666667_lon--49.84659026666667.png,20250810_112714_229236,-6.09319176666667,-49.8465902666667,13.3,8,0.0,0.0,intersection
frame_445_lat--6.0932078_lon--49.84658673333333.png,20250810_112715_263222,-6.0932078,-49.8465867333333,11.64,8,0.0,0.0,intersection
frame_446_lat--6.093223_lon--49.846584266666675.png,20250810_112716_239810,-6.093223,-49.8465842666667,10.2,8,0.0,0.0,intersection
frame_447_lat--6.093237433333334_lon--49.8465832.png,20250810_112717_297062,-6.09323743333333,-49.8465832,9.01,8,0.0,0.0,intersection
frame_448_lat--6.093263066666666_lon--49.846586733333325.png,20250810_112719_124544,-6.09326306666667,-49.8465867333333,7.86,8,12.19,355.46,intersection
frame_449_lat--6.0932794333333336_lon--49.84659813333333.png,20250810_112721_094617,-6.09327943333333,-49.8465981333333,8.62,8,7.36,348.24,intersection
frame_450_lat--6.093288666666668_lon--49.846612566666664.png,20250810_112722_150109,-6.09328866666667,-49.8466125666667,10.14,8,12.63,346.08,intersection
frame_451_lat--6.0932930333333335_lon--49.84662959999999.png,20250810_112724_168996,-6.09329303333333,-49.8466296,12.03,8,8.17,345.57,intersection
frame_452_lat--6.093293999999999_lon--49.84664316666666.png,20250810_112726_180786,-6.093294,-49.8466431666667,13.53,8,6.83,345.81,intersection
frame_453_lat--6.093293966666668_lon--49.846658866666665.png,20250810_112728_192362,-6.09329396666667,-49.8466588666667,15.27,8,7.98,346.04,intersection
frame_454_lat--6.093293666666667_lon--49.84667396666667.png,20250810_112730_162569,-6.09329366666667,-49.8466739666667,16.94,8,7.81,345.98,intersection
frame_455_lat--6.0932939_lon--49.84668856666667.png,20250810_112732_159208,-6.0932939,-49.8466885666667,18.55,8,8.27,345.88,intersection
frame_456_lat--6.093293633333333_lon--49.8467032.png,20250810_112734_169574,-6.09329363333333,-49.8467032,20.17,8,7.51,346.12,intersection
frame_457_lat--6.0932929666666675_lon--49.84672163333334.png,20250810_112736_144163,-6.09329296666667,-49.8467216333333,22.21,8,11.34,346.1,intersection
frame_458_lat--6.0932909_lon--49.846749066666675.png,20250810_112738_240736,-6.0932909,-49.8467490666667,25.25,8,0.0,0.0,straight
frame_459_lat--6.0932897666666666_lon--49.84676536666667.png,20250810_112739_293453,-6.09328976666667,-49.8467653666667,27.05,8,0.0,0.0,straight
frame_460_lat--6.093288833333334_lon--49.84678193333334.png,20250810_112740_235970,-6.09328883333333,-49.8467819333333,28.88,8,0.0,0.0,straight
frame_461_lat--6.093288066666668_lon--49.846798366666675.png,20250810_112741_258317,-6.09328806666667,-49.8467983666667,30.7,8,0.0,0.0,straight
frame_462_lat--6.093287433333334_lon--49.84681500000001.png,20250810_112742_231093,-6.09328743333333,-49.846815,32.55,8,0.0,0.0,straight
frame_463_lat--6.093287033333334_lon--49.846831566666665.png,20250810_112743_284797,-6.09328703333333,-49.8468315666667,34.38,8,0.0,0.0,straight
frame_464_lat--6.093286733333334_lon--49.8468465.png,20250810_112744_295456,-6.09328673333333,-49.8468465,36.03,8,0.0,0.0,straight
frame_465_lat--6.0932863_lon--49.84686953333333.png,20250810_112746_098577,-6.0932863,-49.8468695333333,35.57,4,10.31,346.03,straight
frame_466_lat--6.0932861_lon--49.84689353333333.png,20250810_112748_130190,-6.0932861,-49.8468935333333,32.92,4,13.81,345.99,straight
frame_467_lat--6.0932861_lon--49.846908966666675.png,20250810_112749_282203,-6.0932861,-49.8469089666667,31.23,4,0.0,0.0,straight
frame_468_lat--6.093286133333334_lon--49.846925766666665.png,20250810_112750_245890,-6.09328613333333,-49.8469257666667,29.38,4,0.0,0.0,straight
frame_469_lat--6.093286033333333_lon--49.846942766666665.png,20250810_112751_322679,-6.09328603333333,-49.8469427666667,27.52,4,0.0,0.0,straight
frame_470_lat--6.093285833333335_lon--49.84695996666667.png,20250810_112752_261184,-6.09328583333333,-49.8469599666667,25.63,4,0.0,0.0,straight
frame_471_lat--6.0932857_lon--49.84697776666667.png,20250810_112753_238370,-6.0932857,-49.8469777666667,23.68,4,0.0,0.0,straight
frame_472_lat--6.093285866666666_lon--49.84699593333334.png,20250810_112754_283920,-6.09328586666667,-49.8469959333333,21.7,4,0.0,0.0,intersection
frame_473_lat--6.0932862666666665_lon--49.84701486666667.png,20250810_112755_248887,-6.09328626666667,-49.8470148666667,19.64,4,0.0,0.0,intersection
frame_474_lat--6.0932867_lon--49.84703423333333.png,20250810_112756_226650,-6.0932867,-49.8470342333333,17.56,4,0.0,0.0,intersection
frame_475_lat--6.0932862000000005_lon--49.847053566666666.png,20250810_112757_253658,-6.0932862,-49.8470535666667,15.46,4,0.0,0.0,intersection
frame_476_lat--6.093284133333333_lon--49.847073166666675.png,20250810_112758_231021,-6.09328413333333,-49.8470731666667,13.31,4,0.0,0.0,intersection
frame_477_lat--6.093280766666666_lon--49.84709283333333.png,20250810_112759_271743,-6.09328076666667,-49.8470928333333,11.11,4,0.0,0.0,intersection
frame_478_lat--6.093277333333333_lon--49.847111633333334.png,20250810_112800_239475,-6.09327733333333,-49.8471116333333,9.01,4,0.0,0.0,intersection
frame_479_lat--6.0932748000000005_lon--49.847128899999994.png,20250810_112801_206944,-6.0932748,-49.8471289,7.11,4,6.6,328.94,intersection
frame_480_lat--6.093273166666666_lon--49.847143866666656.png,20250810_112802_238583,-6.09327316666667,-49.8471438666667,5.52,4,0.0,0.0,intersection
frame_481_lat--6.0932718999999995_lon--49.847166733333324.png,20250810_112804_145155,-6.0932719,-49.8471667333333,3.3,4,11.69,346.11,intersection
frame_482_lat--6.0932699999999995_lon--49.847195.png,20250810_112806_268022,-6.09327,-49.847195,2.1,4,0.0,0.0,intersection
frame_483_lat--6.093267999999999_lon--49.8472116.png,20250810_112807_226146,-6.093268,-49.8472116,3.06,4,0.0,0.0,intersection
frame_484_lat--6.093265833333334_lon--49.8472286.png,20250810_112808_263853,-6.09326583333333,-49.8472286,4.64,4,0.0,0.0,intersection
frame_485_lat--6.093263833333333_lon--49.8472467.png,20250810_112809_232544,-6.09326383333333,-49.8472467,6.52,4,0.0,0.0,intersection
frame_486_lat--6.093262233333333_lon--49.84726640000001.png,20250810_112810_314448,-6.09326223333333,-49.8472664,8.64,4,0.0,0.0,intersection
frame_487_lat--6.093261400000001_lon--49.84728756666667.png,20250810_112811_246882,-6.0932614,-49.8472875666667,10.96,4,0.0,0.0,intersection
frame_488_lat--6.0932613_lon--49.847309200000005.png,20250810_112812_317792,-6.0932613,-49.8473092,13.35,4,0.0,0.0,intersection
frame_489_lat--6.0932616333333325_lon--49.84733026666667.png,20250810_112813_255519,-6.09326163333333,-49.8473302666667,15.67,4,0.0,0.0,intersection
frame_490_lat--6.093261966666666_lon--49.84735070000001.png,20250810_112814_209393,-6.09326196666667,-49.8473507,17.93,4,0.0,0.0,intersection
frame_491_lat--6.093262066666666_lon--49.84737153333333.png,20250810_112815_256411,-6.09326206666667,-49.8473715333333,20.24,4,0.0,0.0,intersection
frame_492_lat--6.093262033333334_lon--49.84739423333333.png,20250810_112816_230423,-6.09326203333333,-49.8473942333333,22.75,4,0.0,0.0,intersection
frame_493_lat--6.093261933333333_lon--49.847419333333335.png,20250810_112817_286749,-6.09326193333333,-49.8474193333333,25.52,4,0.0,0.0,straight
frame_494_lat--6.0932618000000005_lon--49.84744663333332.png,20250810_112818_248320,-6.0932618,-49.8474466333333,28.54,4,0.0,0.0,straight
frame_495_lat--6.0932615000000006_lon--49.84747543333333.png,20250810_112819_227596,-6.0932615,-49.8474754333333,31.72,4,0.0,0.0,straight
frame_496_lat--6.0932608_lon--49.84750533333333.png,20250810_112820_265901,-6.0932608,-49.8475053333333,35.03,4,0.0,0.0,straight
frame_497_lat--6.093259833333333_lon--49.847536000000005.png,20250810_112821_238850,-6.09325983333333,-49.847536,38.42,4,0.0,0.0,straight
frame_498_lat--6.093259000000001_lon--49.84756686666666.png,20250810_112822_308386,-6.093259,-49.8475668666667,41.84,4,0.0,0.0,straight
frame_499_lat--6.0932580000000005_lon--49.84759723333333.png,20250810_112823_241588,-6.093258,-49.8475972333333,45.19,4,0.0,0.0,straight
frame_500_lat--6.0932566999999995_lon--49.84762616666667.png,20250810_112824_268238,-6.0932567,-49.8476261666667,42.2,2,0.0,0.0,straight
frame_501_lat--6.093255466666666_lon--49.84765356666667.png,20250810_112825_226714,-6.09325546666667,-49.8476535666667,39.18,2,0.0,0.0,straight
frame_502_lat--6.0932543_lon--49.847679500000005.png,20250810_112826_252440,-6.0932543,-49.8476795,36.32,2,0.0,0.0,straight
frame_503_lat--6.093253133333333_lon--49.84770436666666.png,20250810_112827_323822,-6.09325313333333,-49.8477043666667,33.59,2,0.0,0.0,straight
frame_504_lat--6.093251866666667_lon--49.847728599999996.png,20250810_112828_250993,-6.09325186666667,-49.8477286,30.92,2,0.0,0.0,straight
frame_505_lat--6.0932509_lon--49.84775263333334.png,20250810_112829_225696,-6.0932509,-49.8477526333333,28.28,2,0.0,0.0,straight
frame_506_lat--6.093250633333333_lon--49.847776433333344.png,20250810_112830_264774,-6.09325063333333,-49.8477764333333,25.66,2,0.0,0.0,straight
frame_507_lat--6.093251266666667_lon--49.84780003333334.png,20250810_112831_240120,-6.09325126666667,-49.8478000333333,23.06,2,0.0,0.0,straight
frame_508_lat--6.093252566666668_lon--49.847823333333324.png,20250810_112832_310570,-6.09325256666667,-49.8478233333333,20.48,2,0.0,0.0,intersection
frame_509_lat--6.093254033333333_lon--49.8478465.png,20250810_112833_253270,-6.09325403333333,-49.8478465,17.92,2,0.0,0.0,intersection
frame_510_lat--6.093255500000001_lon--49.84786956666667.png,20250810_112834_226249,-6.0932555,-49.8478695666667,15.37,2,0.0,0.0,intersection
frame_511_lat--6.0932571666666675_lon--49.84789266666667.png,20250810_112835_254979,-6.09325716666667,-49.8478926666667,12.81,2,0.0,0.0,intersection
frame_512_lat--6.093259133333333_lon--49.84791593333334.png,20250810_112836_207393,-6.09325913333333,-49.8479159333333,10.23,2,0.0,0.0,intersection
frame_513_lat--6.0932612_lon--49.847939100000005.png,20250810_112837_248265,-6.0932612,-49.8479391,7.67,2,0.0,0.0,intersection
frame_514_lat--6.093263166666667_lon--49.847961000000005.png,20250810_112838_221110,-6.09326316666667,-49.847961,5.26,2,0.0,0.0,intersection
frame_515_lat--6.093265166666666_lon--49.84798036666667.png,20250810_112839_258546,-6.09326516666667,-49.8479803666667,3.14,2,0.0,0.0,intersection
frame_516_lat--6.093266933333334_lon--49.84799533333334.png,20250810_112840_228857,-6.09326693333333,-49.8479953333333,1.57,2,0.0,0.0,intersection
frame_517_lat--6.093269366666667_lon--49.848014533333334.png,20250810_112842_132313,-6.09326936666667,-49.8480145333333,1.04,2,8.68,345.64,intersection
frame_518_lat--6.093270666666667_lon--49.84803456666666.png,20250810_112852_159103,-6.09327066666667,-49.8480345666667,3.09,2,7.53,345.67,intersection
frame_519_lat--6.0932693_lon--49.84805933333333.png,20250810_112854_281173,-6.0932693,-49.8480593333333,5.83,2,0.0,0.0,intersection
frame_520_lat--6.093264433333333_lon--49.84807383333333.png,20250810_112855_245317,-6.09326443333333,-49.8480738333333,7.49,2,0.0,0.0,intersection
frame_521_lat--6.093256266666668_lon--49.84808756666666.png,20250810_112856_311123,-6.09325626666667,-49.8480875666667,9.16,2,0.0,0.0,intersection
frame_522_lat--6.093245266666667_lon--49.84810019999999.png,20250810_112857_247038,-6.09324526666667,-49.8481002,10.83,2,0.0,0.0,intersection
frame_523_lat--6.093232066666667_lon--49.848112066666665.png,20250810_112858_250320,-6.09323206666667,-49.8481120666667,12.56,2,0.0,0.0,intersection
frame_524_lat--6.093217466666667_lon--49.84812370000001.png,20250810_112859_312423,-6.09321746666667,-49.8481237,14.4,2,0.0,0.0,intersection
frame_525_lat--6.0932022_lon--49.84813533333333.png,20250810_112900_257431,-6.0932022,-49.8481353333333,16.33,2,0.0,0.0,intersection
frame_526_lat--6.093186533333333_lon--49.84814726666667.png,20250810_112901_235183,-6.09318653333333,-49.8481472666667,18.35,2,0.0,0.0,intersection
frame_527_lat--6.0931707_lon--49.84815940000001.png,20250810_112902_284714,-6.0931707,-49.8481594,20.44,2,0.0,0.0,intersection
frame_528_lat--6.093155166666667_lon--49.8481714.png,20250810_112903_266143,-6.09315516666667,-49.8481714,22.51,2,0.0,0.0,intersection
frame_529_lat--6.0931403333333325_lon--49.84818309999999.png,20250810_112904_233129,-6.09314033333333,-49.8481831,24.53,2,0.0,0.0,straight
frame_530_lat--6.0931266_lon--49.84819423333333.png,20250810_112905_281935,-6.0931266,-49.8481942333333,26.44,2,0.0,0.0,straight
frame_531_lat--6.093113233333333_lon--49.848205333333325.png,20250810_112906_237086,-6.09311323333333,-49.8482053333333,28.32,2,0.0,0.0,straight
frame_532_lat--6.093099566666666_lon--49.848216566666665.png,20250810_112907_264474,-6.09309956666667,-49.8482165666667,30.24,2,0.0,0.0,straight
frame_533_lat--6.093085633333333_lon--49.84822793333334.png,20250810_112908_236706,-6.09308563333333,-49.8482279333333,32.2,2,0.0,0.0,straight
frame_534_lat--6.093071866666667_lon--49.84823933333333.png,20250810_112909_265329,-6.09307186666667,-49.8482393333333,34.15,2,0.0,0.0,straight
frame_535_lat--6.093058300000001_lon--49.84825093333334.png,20250810_112910_235337,-6.0930583,-49.8482509333333,36.1,2,0.0,0.0,straight
frame_536_lat--6.0930447999999995_lon--49.84826276666667.png,20250810_112911_267764,-6.0930448,-49.8482627666667,38.07,2,0.0,0.0,straight
frame_537_lat--6.093031166666667_lon--49.848274733333334.png,20250810_112912_244675,-6.09303116666667,-49.8482747333333,40.07,2,0.0,0.0,straight
frame_538_lat--6.093017933333333_lon--49.84828646666667.png,20250810_112913_299631,-6.09301793333333,-49.8482864666667,42.01,2,0.0,0.0,straight
frame_539_lat--6.093006433333334_lon--49.84829673333334.png,20250810_112914_210348,-6.09300643333333,-49.8482967333333,43.71,2,0.0,0.0,straight
frame_540_lat--6.0929926_lon--49.84830906666666.png,20250810_112916_126786,-6.0929926,-49.8483090666667,45.75,2,7.36,352.09,straight
frame_541_lat--6.0929790666666666_lon--49.848310033333334.png,20250810_113001_108925,-6.09297906666667,-49.8483100333333,46.86,2,0.28,4.05,straight
frame_542_lat--6.092964966666666_lon--49.848317566666665.png,20250810_113318_168046,-6.09296496666667,-49.8483175666667,48.55,2,7.24,350.82,straight
frame_543_lat--6.092954300000001_lon--49.84833016666666.png,20250810_113320_181942,-6.0929543,-49.8483301666667,50.37,2,8.48,350.68,straight
frame_544_lat--6.092939600000001_lon--49.848347000000004.png,20250810_113322_097026,-6.0929396,-49.848347,52.84,2,11.96,350.95,straight
frame_545_lat--6.092929100000001_lon--49.84835803333334.png,20250810_113323_255759,-6.0929291,-49.8483580333333,52.94,1,0.0,0.0,straight
frame_546_lat--6.092915866666667_lon--49.84837130000001.png,20250810_113324_251675,-6.09291586666667,-49.8483713,50.92,1,0.0,0.0,straight
frame_547_lat--6.0929_lon--49.84838646666667.png,20250810_113325_229503,-6.0929,-49.8483864666667,48.56,1,0.0,0.0,straight
frame_548_lat--6.0928825333333325_lon--49.8484024.png,20250810_113326_268598,-6.09288253333333,-49.8484024,46.0,1,0.0,0.0,straight
frame_549_lat--6.092864433333334_lon--49.8484184.png,20250810_113327_247715,-6.09286443333333,-49.8484184,43.39,1,0.0,0.0,straight
frame_550_lat--6.0928455_lon--49.8484347.png,20250810_113328_321813,-6.0928455,-49.8484347,40.69,1,0.0,0.0,straight
frame_551_lat--6.092825433333333_lon--49.84845176666666.png,20250810_113329_239838,-6.09282543333333,-49.8484517666667,37.85,1,0.0,0.0,straight
frame_552_lat--6.092804300000001_lon--49.84846953333333.png,20250810_113330_264225,-6.0928043,-49.8484695333333,34.88,1,0.0,0.0,straight
frame_553_lat--6.092782566666667_lon--49.84848783333333.png,20250810_113331_244289,-6.09278256666667,-49.8484878333333,31.84,1,0.0,0.0,straight
frame_554_lat--6.092760733333334_lon--49.848506266666675.png,20250810_113332_297236,-6.09276073333333,-49.8485062666667,28.8,1,0.0,0.0,straight
frame_555_lat--6.092739333333334_lon--49.84852453333333.png,20250810_113333_250205,-6.09273933333333,-49.8485245333333,25.85,1,0.0,0.0,straight
frame_556_lat--6.092719066666666_lon--49.84854193333333.png,20250810_113334_222633,-6.09271906666667,-49.8485419333333,23.09,1,0.0,0.0,straight
frame_557_lat--6.092702233333334_lon--49.84855639999999.png,20250810_113335_257880,-6.09270223333333,-49.8485564,20.84,1,0.0,0.0,intersection
frame_558_lat--6.092690233333334_lon--49.84856673333333.png,20250810_113336_238919,-6.09269023333333,-49.8485667333333,19.26,1,0.0,0.0,intersection
frame_559_lat--6.092672733333333_lon--49.84858140000001.png,20250810_113338_139278,-6.09267273333333,-49.8485814,17.04,1,12.09,352.48,intersection
frame_560_lat--6.0926514_lon--49.8485975.png,20250810_113340_232494,-6.0926514,-49.8485975,14.47,1,0.0,0.0,intersection
frame_561_lat--6.092639400000001_lon--49.84860583333334.png,20250810_113341_245766,-6.0926394,-49.8486058333333,13.1,1,0.0,0.0,intersection
frame_562_lat--6.092620433333333_lon--49.8486185.png,20250810_113343_128959,-6.09262043333333,-49.8486185,11.06,1,10.12,353.5,intersection
frame_563_lat--6.0926086_lon--49.84862676666667.png,20250810_113348_170143,-6.0926086,-49.8486267666667,9.91,1,5.95,353.73,intersection
frame_564_lat--6.092592566666666_lon--49.8486353.png,20250810_113350_109588,-6.09259256666667,-49.8486353,8.47,1,9.42,354.79,intersection
frame_565_lat--6.092575466666666_lon--49.848642000000005.png,20250810_113352_126846,-6.09257546666667,-49.848642,7.1,1,9.54,356.23,intersection
frame_566_lat--6.092555_lon--49.84864666666666.png,20250810_113354_127884,-6.092555,-49.8486466666667,5.7,1,12.21,357.84,intersection
frame_567_lat--6.092527466666667_lon--49.84864496666667.png,20250810_113356_229302,-6.09252746666667,-49.8486449666667,4.15,1,0.0,0.0,intersection
frame_568_lat--6.0925126333333335_lon--49.84863686666667.png,20250810_113357_268612,-6.09251263333333,-49.8486368666667,3.33,1,0.0,0.0,intersection
frame_569_lat--6.092499433333333_lon--49.848622333333346.png,20250810_113358_242582,-6.09249943333333,-49.8486223333333,2.86,1,0.0,0.0,intersection
frame_570_lat--6.092488333333334_lon--49.84860196666666.png,20250810_113359_293760,-6.09248833333333,-49.8486019666667,3.67,1,0.0,0.0,intersection
frame_571_lat--6.0924786_lon--49.848577033333335.png,20250810_113400_243133,-6.0924786,-49.8485770333333,5.81,1,0.0,0.0,intersection
frame_572_lat--6.0924694666666666_lon--49.84854886666666.png,20250810_113401_304945,-6.09246946666667,-49.8485488666667,8.68,1,0.0,0.0,intersection
frame_573_lat--6.0924607_lon--49.848518866666666.png,20250810_113402_239189,-6.0924607,-49.8485188666667,11.91,1,0.0,0.0,intersection
frame_574_lat--6.0924521333333335_lon--49.84848816666666.png,20250810_113403_292729,-6.09245213333333,-49.8484881666667,15.3,1,0.0,0.0,intersection
frame_575_lat--6.0924437000000005_lon--49.84845753333333.png,20250810_113404_236074,-6.0924437,-49.8484575333333,18.72,1,0.0,0.0,intersection
frame_576_lat--6.0924354_lon--49.84842723333334.png,20250810_113405_258116,-6.0924354,-49.8484272333333,22.14,1,0.0,0.0,intersection
frame_577_lat--6.092427066666667_lon--49.84839716666668.png,20250810_113406_237295,-6.09242706666667,-49.8483971666667,25.55,1,0.0,0.0,straight
frame_578_lat--6.0924187666666665_lon--49.84836716666667.png,20250810_113407_286660,-6.09241876666667,-49.8483671666667,28.96,1,0.0,0.0,straight
frame_579_lat--6.0924106_lon--49.84833703333333.png,20250810_113408_246380,-6.0924106,-49.8483370333333,32.38,1,0.0,0.0,straight
frame_580_lat--6.092402633333334_lon--49.848306766666674.png,20250810_113409_297303,-6.09240263333333,-49.8483067666667,29.28,10,0.0,0.0,straight
frame_581_lat--6.092394766666667_lon--49.84827656666667.png,20250810_113410_250556,-6.09239476666667,-49.8482765666667,25.83,10,0.0,0.0,straight
frame_582_lat--6.092387133333332_lon--49.84824676666667.png,20250810_113411_223428,-6.09238713333333,-49.8482467666667,22.42,10,0.0,0.0,intersection
frame_583_lat--6.092379833333334_lon--49.84821743333333.png,20250810_113412_262182,-6.09237983333333,-49.8482174333333,19.08,10,0.0,0.0,intersection
frame_584_lat--6.092372833333334_lon--49.84818849999999.png,20250810_113413_235517,-6.09237283333333,-49.8481885,15.79,10,0.0,0.0,intersection
frame_585_lat--6.0923659_lon--49.84815963333334.png,20250810_113414_294432,-6.0923659,-49.8481596333333,12.5,10,0.0,0.0,intersection
frame_586_lat--6.092358800000001_lon--49.8481305.png,20250810_113415_244348,-6.0923588,-49.8481305,9.19,10,0.0,0.0,intersection
frame_587_lat--6.092351533333334_lon--49.84810123333334.png,20250810_113416_310025,-6.09235153333333,-49.8481012333333,5.85,10,0.0,0.0,intersection
frame_588_lat--6.0923440666666675_lon--49.848072200000004.png,20250810_113417_247221,-6.09234406666667,-49.8480722,2.55,10,0.0,0.0,intersection
frame_589_lat--6.092336600000001_lon--49.84804343333333.png,20250810_113418_306910,-6.0923366,-49.8480434333333,0.86,10,0.0,0.0,intersection
frame_590_lat--6.0923292_lon--49.848014899999995.png,20250810_113419_257072,-6.0923292,-49.8480149,4.05,10,0.0,0.0,intersection
frame_591_lat--6.092322133333333_lon--49.847986166666665.png,20250810_113420_233698,-6.09232213333333,-49.8479861666667,7.32,10,0.0,0.0,intersection
frame_592_lat--6.092315_lon--49.84795716666667.png,20250810_113421_295172,-6.092315,-49.8479571666667,10.62,10,0.0,0.0,intersection
frame_593_lat--6.092307666666667_lon--49.84792806666667.png,20250810_113422_248784,-6.09230766666667,-49.8479280666667,13.94,10,0.0,0.0,intersection
frame_594_lat--6.0923001_lon--49.84789909999999.png,20250810_113423_216613,-6.0923001,-49.8478991,17.25,10,0.0,0.0,intersection
frame_595_lat--6.092292266666666_lon--49.84787036666667.png,20250810_113424_251655,-6.09229226666667,-49.8478703666667,20.55,10,0.0,0.0,intersection
frame_596_lat--6.092284133333334_lon--49.847841333333335.png,20250810_113425_325603,-6.09228413333333,-49.8478413333333,23.88,10,0.0,0.0,straight
frame_597_lat--6.092276033333333_lon--49.84781170000001.png,20250810_113426_284827,-6.09227603333333,-49.8478117,27.28,10,0.0,0.0,straight
frame_598_lat--6.092268433333333_lon--49.8477813.png,20250810_113427_247440,-6.09226843333333,-49.8477813,30.75,10,0.0,0.0,straight
frame_599_lat--6.092261533333334_lon--49.847750399999995.png,20250810_113428_222216,-6.09226153333333,-49.8477504,34.25,10,0.0,0.0,straight
frame_600_lat--6.092255000000001_lon--49.84771933333333.png,20250810_113429_242473,-6.092255,-49.8477193333333,33.32,9,0.0,0.0,straight
frame_601_lat--6.092248733333333_lon--49.84768856666667.png,20250810_113430_319799,-6.09224873333333,-49.8476885666667,29.84,9,0.0,0.0,straight
frame_602_lat--6.092242699999998_lon--49.8476589.png,20250810_113431_239928,-6.0922427,-49.8476589,26.49,9,0.0,0.0,straight
frame_603_lat--6.092236766666666_lon--49.84763076666667.png,20250810_113432_281840,-6.09223676666667,-49.8476307666667,23.31,9,0.0,0.0,straight
frame_604_lat--6.092231133333332_lon--49.84760490000001.png,20250810_113433_243497,-6.09223113333333,-49.8476049,20.38,9,0.0,0.0,intersection
frame_605_lat--6.092226333333333_lon--49.84758253333333.png,20250810_113434_320401,-6.09222633333333,-49.8475825333333,17.85,9,0.0,0.0,intersection
frame_606_lat--6.092222566666666_lon--49.847564399999996.png,20250810_113435_253668,-6.09222256666667,-49.8475644,15.8,9,0.0,0.0,intersection
frame_607_lat--6.092217866666667_lon--49.84754223333333.png,20250810_113437_157678,-6.09221786666667,-49.8475422333333,13.29,9,9.78,13.07,intersection
frame_608_lat--6.0922144_lon--49.847526200000004.png,20250810_113439_181323,-6.0922144,-49.8475262,11.48,9,8.61,13.01,intersection
frame_609_lat--6.092208366666666_lon--49.847499866666666.png,20250810_113441_322537,-6.09220836666667,-49.8474998666667,8.49,9,0.0,0.0,intersection
frame_610_lat--6.092204633333334_lon--49.847482433333326.png,20250810_113442_254841,-6.09220463333333,-49.8474824333333,6.52,9,0.0,0.0,intersection
frame_611_lat--6.092200366666667_lon--49.8474624.png,20250810_113443_229906,-6.09220036666667,-49.8474624,4.27,9,0.0,0.0,intersection
frame_612_lat--6.0921956333333345_lon--49.847439833333326.png,20250810_113444_266012,-6.09219563333333,-49.8474398333333,1.76,9,0.0,0.0,intersection
frame_613_lat--6.092190533333333_lon--49.84741536666667.png,20250810_113445_239254,-6.09219053333333,-49.8474153666667,1.19,9,0.0,0.0,intersection
frame_614_lat--6.0921851333333334_lon--49.84738959999999.png,20250810_113446_309088,-6.09218513333333,-49.8473896,4.03,9,0.0,0.0,intersection
frame_615_lat--6.092179266666666_lon--49.84736243333333.png,20250810_113447_248860,-6.09217926666667,-49.8473624333333,7.09,9,0.0,0.0,intersection
frame_616_lat--6.092172733333333_lon--49.847333766666665.png,20250810_113448_253014,-6.09217273333333,-49.8473337666667,10.34,9,0.0,0.0,intersection
frame_617_lat--6.092165866666666_lon--49.847303866666664.png,20250810_113449_231094,-6.09216586666667,-49.8473038666667,13.74,9,0.0,0.0,intersection
frame_618_lat--6.092159100000001_lon--49.84727336666667.png,20250810_113450_263987,-6.0921591,-49.8472733666667,17.19,9,0.0,0.0,intersection
frame_619_lat--6.0921525333333335_lon--49.84724296666666.png,20250810_113451_237987,-6.09215253333333,-49.8472429666667,20.63,9,0.0,0.0,intersection
frame_620_lat--6.092146166666666_lon--49.847213366666665.png,20250810_113452_308263,-6.09214616666667,-49.8472133666667,23.98,9,0.0,0.0,straight
frame_621_lat--6.0921402_lon--49.84718496666667.png,20250810_113453_229682,-6.0921402,-49.8471849666667,27.2,9,0.0,0.0,straight
frame_622_lat--6.0921344333333325_lon--49.847157233333334.png,20250810_113454_267256,-6.09213443333333,-49.8471572333333,30.33,9,0.0,0.0,straight
frame_623_lat--6.092128666666666_lon--49.84712976666667.png,20250810_113455_240939,-6.09212866666667,-49.8471297666667,33.44,9,0.0,0.0,straight
frame_624_lat--6.0921229666666665_lon--49.847102633333336.png,20250810_113456_303985,-6.09212296666667,-49.8471026333333,35.61,7,0.0,0.0,straight
frame_625_lat--6.0921172666666665_lon--49.84707563333333.png,20250810_113457_250154,-6.09211726666667,-49.8470756333333,32.56,7,0.0,0.0,straight
frame_626_lat--6.092111366666666_lon--49.84704823333333.png,20250810_113458_319494,-6.09211136666667,-49.8470482333333,29.46,7,0.0,0.0,straight
frame_627_lat--6.092105133333332_lon--49.84702053333334.png,20250810_113459_250541,-6.09210513333333,-49.8470205333333,26.32,7,0.0,0.0,straight
frame_628_lat--6.0920991_lon--49.84699393333334.png,20250810_113500_316663,-6.0920991,-49.8469939333333,23.3,7,0.0,0.0,straight
frame_629_lat--6.0920936_lon--49.84696973333333.png,20250810_113501_253649,-6.0920936,-49.8469697333333,20.55,7,0.0,0.0,intersection
frame_630_lat--6.092088899999999_lon--49.8469491.png,20250810_113502_231572,-6.0920889,-49.8469491,18.21,7,0.0,0.0,intersection
frame_631_lat--6.0920849666666665_lon--49.84693206666667.png,20250810_113503_264107,-6.09208496666667,-49.8469320666667,16.28,7,0.0,0.0,intersection
frame_632_lat--6.092081966666667_lon--49.846917533333325.png,20250810_113504_236524,-6.09208196666667,-49.8469175333333,14.64,7,0.0,0.0,intersection
frame_633_lat--6.092079333333333_lon--49.84689413333334.png,20250810_113506_150390,-6.09207933333333,-49.8468941333333,12.07,7,11.65,13.79,intersection
frame_634_lat--6.092081533333333_lon--49.84687676666667.png,20250810_113508_159362,-6.09208153333333,-49.8468767666667,10.34,7,8.74,14.46,intersection
frame_635_lat--6.092087666666666_lon--49.846863866666666.png,20250810_113510_167788,-6.09208766666667,-49.8468638666667,9.33,7,7.5,13.84,intersection
frame_636_lat--6.0921016_lon--49.84685173333334.png,20250810_113512_108341,-6.0921016,-49.8468517333333,9.12,7,10.42,10.37,intersection
frame_637_lat--6.092114033333334_lon--49.84684543333334.png,20250810_113513_256659,-6.09211403333333,-49.8468454333333,9.62,7,0.0,0.0,intersection
frame_638_lat--6.0921287333333325_lon--49.84684003333334.png,20250810_113514_230065,-6.09212873333333,-49.8468400333333,10.6,7,0.0,0.0,intersection
frame_639_lat--6.0921444666666655_lon--49.84683576666667.png,20250810_113515_263543,-6.09214446666667,-49.8468357666667,11.91,7,0.0,0.0,intersection
frame_640_lat--6.092161666666667_lon--49.84683193333334.png,20250810_113516_260493,-6.09216166666667,-49.8468319333333,13.5,7,0.0,0.0,intersection
frame_641_lat--6.092180999999999_lon--49.84682763333333.png,20250810_113517_232841,-6.092181,-49.8468276333333,15.39,7,0.0,0.0,intersection
frame_642_lat--6.092202199999998_lon--49.84682283333333.png,20250810_113518_269325,-6.0922022,-49.8468228333333,17.54,7,0.0,0.0,intersection
frame_643_lat--6.092224633333333_lon--49.84681796666666.png,20250810_113519_240998,-6.09222463333333,-49.8468179666667,19.89,7,0.0,0.0,intersection
frame_644_lat--6.092247833333333_lon--49.84681316666668.png,20250810_113520_256164,-6.09224783333333,-49.8468131666667,22.36,7,0.0,0.0,intersection
frame_645_lat--6.0922714_lon--49.846808433333344.png,20250810_113521_222916,-6.0922714,-49.8468084333334,24.9,7,0.0,0.0,straight
frame_646_lat--6.092294266666666_lon--49.8468038.png,20250810_113522_244400,-6.09229426666667,-49.8468038,27.39,7,0.0,0.0,straight
frame_647_lat--6.092316_lon--49.846799399999995.png,20250810_113523_309796,-6.092316,-49.8467994,29.77,7,0.0,0.0,straight
frame_648_lat--6.092337466666666_lon--49.84679503333333.png,20250810_113524_243341,-6.09233746666667,-49.8467950333333,32.13,7,0.0,0.0,straight
frame_649_lat--6.092360166666667_lon--49.84679033333333.png,20250810_113525_309750,-6.09236016666667,-49.8467903333333,34.63,7,0.0,0.0,straight
frame_650_lat--6.092384766666666_lon--49.8467851.png,20250810_113526_260129,-6.09238476666667,-49.8467851,37.36,7,0.0,0.0,straight
frame_651_lat--6.092410833333334_lon--49.846779533333326.png,20250810_113527_256971,-6.09241083333333,-49.8467795333333,40.25,7,0.0,0.0,straight
frame_652_lat--6.092437866666667_lon--49.84677386666666.png,20250810_113528_228108,-6.09243786666667,-49.8467738666667,43.26,7,0.0,0.0,straight
frame_653_lat--6.0924654333333335_lon--49.846768000000004.png,20250810_113529_259783,-6.09246543333333,-49.846768,46.34,7,0.0,0.0,straight
frame_654_lat--6.0924931_lon--49.84676113333334.png,20250810_113530_238314,-6.0924931,-49.8467611333333,49.44,7,0.0,0.0,straight
frame_655_lat--6.092520466666668_lon--49.84675283333333.png,20250810_113531_308674,-6.09252046666667,-49.8467528333333,52.52,7,0.0,0.0,straight
frame_656_lat--6.092547499999999_lon--49.8467434.png,20250810_113532_252647,-6.0925475,-49.8467434,55.59,7,0.0,0.0,straight
frame_657_lat--6.092574433333333_lon--49.846733766666674.png,20250810_113533_226011,-6.09257443333333,-49.8467337666667,58.66,7,0.0,0.0,straight
frame_658_lat--6.0926013999999995_lon--49.84672496666667.png,20250810_113534_265250,-6.0926014,-49.8467249666667,61.73,7,0.0,0.0,straight
frame_659_lat--6.0926284_lon--49.84671743333333.png,20250810_113535_233357,-6.0926284,-49.8467174333333,64.8,7,0.0,0.0,straight
frame_660_lat--6.0926556_lon--49.846711033333335.png,20250810_113536_250079,-6.0926556,-49.8467110333333,67.87,7,0.0,0.0,straight
frame_661_lat--6.092683266666667_lon--49.84670513333334.png,20250810_113537_222131,-6.09268326666667,-49.8467051333333,70.12,8,0.0,0.0,straight
frame_662_lat--6.0927113666666655_lon--49.84669926666667.png,20250810_113538_256928,-6.09271136666667,-49.8466992666667,66.96,8,0.0,0.0,straight
frame_663_lat--6.092739666666666_lon--49.8466933.png,20250810_113539_229446,-6.09273966666667,-49.8466933,63.78,8,0.0,0.0,straight
frame_664_lat--6.092768133333332_lon--49.84668756666666.png,20250810_113540_264773,-6.09276813333333,-49.8466875666667,60.59,8,0.0,0.0,straight
frame_665_lat--6.0927976_lon--49.84668223333333.png,20250810_113541_235073,-6.0927976,-49.8466822333333,57.3,8,0.0,0.0,straight
frame_666_lat--6.092828666666668_lon--49.846677033333336.png,20250810_113542_292473,-6.09282866666667,-49.8466770333333,53.86,8,0.0,0.0,straight
frame_667_lat--6.092860766666668_lon--49.84667163333334.png,20250810_113543_249415,-6.09286076666667,-49.8466716333333,50.31,8,0.0,0.0,straight
frame_668_lat--6.0928928_lon--49.846665833333326.png,20250810_113544_300605,-6.0928928,-49.8466658333333,46.76,8,0.0,0.0,straight
frame_669_lat--6.092924466666668_lon--49.846659566666666.png,20250810_113545_235574,-6.09292446666667,-49.8466595666667,43.24,8,0.0,0.0,straight
frame_670_lat--6.0929561_lon--49.84665273333333.png,20250810_113546_294507,-6.0929561,-49.8466527333333,39.7,8,0.0,0.0,straight
frame_671_lat--6.092987733333333_lon--49.846645.png,20250810_113547_250449,-6.09298773333333,-49.846645,36.14,8,0.0,0.0,straight
frame_672_lat--6.0930190333333325_lon--49.8466364.png,20250810_113548_223055,-6.09301903333333,-49.8466364,32.57,8,0.0,0.0,straight
frame_673_lat--6.0930498_lon--49.84662766666666.png,20250810_113549_255879,-6.0930498,-49.8466276666667,29.07,8,0.0,0.0,straight
frame_674_lat--6.0930789_lon--49.846619499999996.png,20250810_113550_226918,-6.0930789,-49.8466195,25.77,8,0.0,0.0,straight
frame_675_lat--6.0931047666666664_lon--49.846612166666674.png,20250810_113551_265674,-6.09310476666667,-49.8466121666667,22.84,8,0.0,0.0,intersection
frame_676_lat--6.093126566666666_lon--49.846605533333346.png,20250810_113552_239671,-6.09312656666667,-49.8466055333333,20.35,8,0.0,0.0,intersection
frame_677_lat--6.093145600000001_lon--49.8465992.png,20250810_113553_269914,-6.0931456,-49.8465992,18.16,8,0.0,0.0,intersection
frame_678_lat--6.093164033333333_lon--49.84659276666667.png,20250810_113554_239413,-6.09316403333333,-49.8465927666667,16.04,8,0.0,0.0,intersection
frame_679_lat--6.0931824_lon--49.84658656666666.png,20250810_113555_309772,-6.0931824,-49.8465865666667,13.94,8,0.0,0.0,intersection
frame_680_lat--6.0931999333333335_lon--49.8465815.png,20250810_113556_259130,-6.09319993333333,-49.8465815,12.0,8,0.0,0.0,intersection
frame_681_lat--6.093216_lon--49.84657863333332.png,20250810_113557_235405,-6.093216,-49.8465786333333,10.38,8,0.0,0.0,intersection
frame_682_lat--6.093230466666666_lon--49.84657789999999.png,20250810_113558_284923,-6.09323046666667,-49.8465779,9.11,8,0.0,0.0,intersection
frame_683_lat--6.0932537333333325_lon--49.846580700000004.png,20250810_113600_210868,-6.09325373333333,-49.8465807,7.73,8,10.73,356.47,intersection
frame_684_lat--6.093272766666667_lon--49.846590533333334.png,20250810_113602_124209,-6.09327276666667,-49.8465905333333,7.93,8,10.62,350.12,intersection
frame_685_lat--6.0932873999999995_lon--49.84660823333333.png,20250810_113604_133998,-6.0932874,-49.8466082333333,9.66,8,12.67,346.55,intersection
frame_686_lat--6.093296199999999_lon--49.846632066666665.png,20250810_113606_241492,-6.0932962,-49.8466320666667,12.31,8,0.0,0.0,intersection
frame_687_lat--6.093299066666667_lon--49.84665793333333.png,20250810_113608_153852,-6.09329906666667,-49.8466579333333,15.19,8,13.85,345.78,intersection
frame_688_lat--6.0932989666666675_lon--49.84668153333333.png,20250810_113610_106422,-6.09329896666667,-49.8466815333333,17.8,8,11.34,346.03,intersection
frame_689_lat--6.093298200000001_lon--49.8467082.png,20250810_113612_254471,-6.0932982,-49.8467082,20.74,8,0.0,0.0,intersection
frame_690_lat--6.0932979000000005_lon--49.84672463333334.png,20250810_113613_226797,-6.0932979,-49.8467246333333,22.56,8,0.0,0.0,intersection
frame_691_lat--6.093297533333333_lon--49.846741933333334.png,20250810_113614_241790,-6.09329753333333,-49.8467419333333,24.47,8,0.0,0.0,straight
frame_692_lat--6.093296733333334_lon--49.84675943333333.png,20250810_113615_311402,-6.09329673333333,-49.8467594333333,26.4,8,0.0,0.0,straight
frame_693_lat--6.093295566666667_lon--49.846777966666664.png,20250810_113616_248456,-6.09329556666667,-49.8467779666667,28.45,8,0.0,0.0,straight
frame_694_lat--6.093294233333333_lon--49.846797699999996.png,20250810_113617_319272,-6.09329423333333,-49.8467977,30.63,8,0.0,0.0,straight
frame_695_lat--6.0932929666666675_lon--49.8468173.png,20250810_113618_251992,-6.09329296666667,-49.8468173,32.8,8,0.0,0.0,straight
frame_696_lat--6.093291966666667_lon--49.84683546666666.png,20250810_113619_256282,-6.09329196666667,-49.8468354666667,34.81,8,0.0,0.0,straight
frame_697_lat--6.0932912_lon--49.8468523.png,20250810_113620_228936,-6.0932912,-49.8468523,36.67,8,0.0,0.0,straight
frame_698_lat--6.093290533333334_lon--49.8468683.png,20250810_113621_266064,-6.09329053333333,-49.8468683,35.75,4,0.0,0.0,straight
frame_699_lat--6.093289866666666_lon--49.84688393333334.png,20250810_113622_233432,-6.09328986666667,-49.8468839333333,34.03,4,0.0,0.0,straight
frame_700_lat--6.093289333333333_lon--49.84689996666667.png,20250810_113623_296521,-6.09328933333333,-49.8468999666667,32.26,4,0.0,0.0,straight
frame_701_lat--6.093288733333334_lon--49.84691706666668.png,20250810_113624_222700,-6.09328873333333,-49.8469170666667,30.37,4,0.0,0.0,straight
frame_702_lat--6.093288000000001_lon--49.8469357.png,20250810_113625_261179,-6.093288,-49.8469357,28.32,4,0.0,0.0,straight
frame_703_lat--6.093287233333334_lon--49.84695566666666.png,20250810_113626_237587,-6.09328723333333,-49.8469556666667,26.12,4,0.0,0.0,straight
frame_704_lat--6.093286466666667_lon--49.84697646666667.png,20250810_113627_285093,-6.09328646666667,-49.8469764666667,23.83,4,0.0,0.0,straight
frame_705_lat--6.093285800000001_lon--49.846997566666666.png,20250810_113628_248982,-6.0932858,-49.8469975666667,21.52,4,0.0,0.0,intersection
frame_706_lat--6.0932853_lon--49.8470188.png,20250810_113629_322006,-6.0932853,-49.8470188,19.2,4,0.0,0.0,intersection
frame_707_lat--6.093284533333334_lon--49.84704003333333.png,20250810_113630_255996,-6.09328453333333,-49.8470400333333,16.88,4,0.0,0.0,intersection
frame_708_lat--6.093282933333334_lon--49.84706123333333.png,20250810_113631_230985,-6.09328293333333,-49.8470612333333,14.55,4,0.0,0.0,intersection
frame_709_lat--6.0932803333333325_lon--49.84708233333334.png,20250810_113632_259303,-6.09328033333333,-49.8470823333333,12.22,4,0.0,0.0,intersection
frame_710_lat--6.093277366666666_lon--49.84710283333333.png,20250810_113633_236132,-6.09327736666667,-49.8471028333333,9.94,4,0.0,0.0,intersection
frame_711_lat--6.093274766666667_lon--49.8471221.png,20250810_113634_264099,-6.09327476666667,-49.8471221,7.82,4,0.0,0.0,intersection
frame_712_lat--6.093272866666666_lon--49.84713956666667.png,20250810_113635_232863,-6.09327286666667,-49.8471395666667,5.94,4,0.0,0.0,intersection
frame_713_lat--6.0932716000000005_lon--49.84715483333334.png,20250810_113636_282879,-6.0932716,-49.8471548333333,4.36,4,0.0,0.0,intersection
frame_714_lat--6.093270666666667_lon--49.84716966666667.png,20250810_113637_236017,-6.09327066666667,-49.8471696666667,2.97,4,0.0,0.0,intersection
frame_715_lat--6.093269900000001_lon--49.84718553333333.png,20250810_113638_268454,-6.0932699,-49.8471855333333,2.02,4,0.0,0.0,intersection
frame_716_lat--6.093269133333334_lon--49.847202833333334.png,20250810_113639_243776,-6.09326913333333,-49.8472028333333,2.44,4,0.0,0.0,intersection
frame_717_lat--6.093268400000001_lon--49.84722106666667.png,20250810_113640_298644,-6.0932684,-49.8472210666667,3.99,4,0.0,0.0,intersection
frame_718_lat--6.093267833333333_lon--49.8472397.png,20250810_113641_296552,-6.09326783333333,-49.8472397,5.88,4,0.0,0.0,intersection
frame_719_lat--6.093267033333333_lon--49.84725926666666.png,20250810_113642_246796,-6.09326703333333,-49.8472592666667,7.95,4,0.0,0.0,intersection
frame_720_lat--6.093265966666666_lon--49.84728.png,20250810_113643_321721,-6.09326596666667,-49.84728,10.19,4,0.0,0.0,intersection
frame_721_lat--6.0932649_lon--49.84730136666666.png,20250810_113644_253027,-6.0932649,-49.8473013666667,12.52,4,0.0,0.0,intersection
frame_722_lat--6.093264133333333_lon--49.84732296666667.png,20250810_113645_300927,-6.09326413333333,-49.8473229666667,14.89,4,0.0,0.0,intersection
frame_723_lat--6.093263366666667_lon--49.847345233333336.png,20250810_113646_244537,-6.09326336666667,-49.8473452333333,17.34,4,0.0,0.0,intersection
frame_724_lat--6.093262466666667_lon--49.847368599999996.png,20250810_113647_309597,-6.09326246666667,-49.8473686,19.91,4,0.0,0.0,intersection
frame_725_lat--6.093261599999999_lon--49.84739316666666.png,20250810_113648_255959,-6.0932616,-49.8473931666667,22.63,4,0.0,0.0,intersection
frame_726_lat--6.093261266666667_lon--49.84741876666667.png,20250810_113649_233822,-6.09326126666667,-49.8474187666667,25.45,4,0.0,0.0,straight
frame_727_lat--6.0932612666666675_lon--49.8474454.png,20250810_113650_255091,-6.09326126666667,-49.8474454,28.4,4,0.0,0.0,straight
frame_728_lat--6.0932612666666675_lon--49.847472933333336.png,20250810_113651_232179,-6.09326126666667,-49.8474729333333,31.45,4,0.0,0.0,straight
frame_729_lat--6.093261200000001_lon--49.847501166666675.png,20250810_113652_263650,-6.0932612,-49.8475011666667,34.57,4,0.0,0.0,straight
frame_730_lat--6.093260966666667_lon--49.8475288.png,20250810_113653_246127,-6.09326096666667,-49.8475288,37.63,4,0.0,0.0,straight
frame_731_lat--6.093260233333333_lon--49.84755453333334.png,20250810_113654_223440,-6.09326023333333,-49.8475545333333,40.47,4,0.0,0.0,straight
frame_732_lat--6.093259_lon--49.8475784.png,20250810_113655_253316,-6.093259,-49.8475784,43.11,4,0.0,0.0,straight
frame_733_lat--6.093257333333334_lon--49.84760146666666.png,20250810_113656_227237,-6.09325733333333,-49.8476014666667,44.93,2,0.0,0.0,straight
frame_734_lat--6.093255433333335_lon--49.8476247.png,20250810_113657_260779,-6.09325543333333,-49.8476247,42.37,2,0.0,0.0,straight
frame_735_lat--6.0932534333333335_lon--49.847648766666666.png,20250810_113658_231640,-6.09325343333333,-49.8476487666667,39.73,2,0.0,0.0,straight
frame_736_lat--6.093251566666667_lon--49.847674166666664.png,20250810_113659_264313,-6.09325156666667,-49.8476741666667,36.93,2,0.0,0.0,straight
frame_737_lat--6.093249833333333_lon--49.84770103333333.png,20250810_113700_236036,-6.09324983333333,-49.8477010333333,33.98,2,0.0,0.0,straight
frame_738_lat--6.093248300000001_lon--49.84772936666668.png,20250810_113701_299587,-6.0932483,-49.8477293666667,30.87,2,0.0,0.0,straight
frame_739_lat--6.0932473666666676_lon--49.84775903333334.png,20250810_113702_253257,-6.09324736666667,-49.8477590333333,27.62,2,0.0,0.0,straight
frame_740_lat--6.0932473_lon--49.847789533333334.png,20250810_113703_322880,-6.0932473,-49.8477895333333,24.27,2,0.0,0.0,straight
frame_741_lat--6.093247933333334_lon--49.84782.png,20250810_113704_259281,-6.09324793333333,-49.84782,20.92,2,0.0,0.0,intersection
frame_742_lat--6.093249066666667_lon--49.8478497.png,20250810_113705_234000,-6.09324906666667,-49.8478497,17.65,2,0.0,0.0,intersection
frame_743_lat--6.093250733333333_lon--49.8478779.png,20250810_113706_262342,-6.09325073333333,-49.8478779,14.54,2,0.0,0.0,intersection
frame_744_lat--6.0932529_lon--49.84790393333334.png,20250810_113707_233581,-6.0932529,-49.8479039333333,11.67,2,0.0,0.0,intersection
frame_745_lat--6.0932553333333335_lon--49.84792673333333.png,20250810_113708_263316,-6.09325533333333,-49.8479267333333,9.15,2,0.0,0.0,intersection
frame_746_lat--6.093257766666667_lon--49.84794686666667.png,20250810_113709_235573,-6.09325776666667,-49.8479468666667,6.92,2,0.0,0.0,intersection
frame_747_lat--6.093260133333334_lon--49.847965133333346.png,20250810_113710_282727,-6.09326013333333,-49.8479651333333,4.92,2,0.0,0.0,intersection
frame_748_lat--6.093262466666667_lon--49.847982333333334.png,20250810_113711_240709,-6.09326246666667,-49.8479823333333,3.06,2,0.0,0.0,intersection
frame_749_lat--6.093264866666667_lon--49.847999433333335.png,20250810_113712_281542,-6.09326486666667,-49.8479994333333,1.4,2,0.0,0.0,intersection
frame_750_lat--6.093266866666667_lon--49.848016333333334.png,20250810_113713_250060,-6.09326686666667,-49.8480163333333,1.37,2,0.0,0.0,intersection
frame_751_lat--6.0932675000000005_lon--49.848033599999994.png,20250810_113714_221813,-6.0932675,-49.8480336,3.06,2,0.0,0.0,intersection
frame_752_lat--6.093265566666668_lon--49.84805126666666.png,20250810_113715_264251,-6.09326556666667,-49.8480512666667,5.01,2,0.0,0.0,intersection
frame_753_lat--6.093260366666668_lon--49.848068733333335.png,20250810_113716_235394,-6.09326036666667,-49.8480687333333,7.02,2,0.0,0.0,intersection
frame_754_lat--6.0932516_lon--49.84808546666666.png,20250810_113717_295046,-6.0932516,-49.8480854666667,9.06,2,0.0,0.0,intersection
frame_755_lat--6.0932392_lon--49.848101400000004.png,20250810_113718_245949,-6.0932392,-49.8481014,11.17,2,0.0,0.0,intersection
frame_756_lat--6.0932236_lon--49.84811703333334.png,20250810_113719_221703,-6.0932236,-49.8481170333333,13.44,2,8.76,342.4,intersection
frame_757_lat--6.093205466666666_lon--49.84813283333334.png,20250810_113720_259986,-6.09320546666667,-49.8481328333333,15.91,2,0.0,0.0,intersection
frame_758_lat--6.093185699999999_lon--49.84814910000001.png,20250810_113721_232533,-6.0931857,-49.8481491,18.57,2,0.0,0.0,intersection
frame_759_lat--6.093165333333333_lon--49.84816546666666.png,20250810_113722_269220,-6.09316533333333,-49.8481654666667,21.33,2,0.0,0.0,intersection
frame_760_lat--6.0931462666666665_lon--49.84818073333332.png,20250810_113723_240418,-6.09314626666667,-49.8481807333333,23.93,2,0.0,0.0,straight
frame_761_lat--6.093129800000001_lon--49.848194033333336.png,20250810_113724_295950,-6.0931298,-49.8481940333333,26.2,2,0.0,0.0,straight
frame_762_lat--6.093115933333334_lon--49.84820523333333.png,20250810_113725_249327,-6.09311593333333,-49.8482052333333,28.12,2,0.0,0.0,straight
frame_763_lat--6.0931033999999995_lon--49.84821553333334.png,20250810_113726_224597,-6.0931034,-49.8482155333333,29.88,2,0.0,0.0,straight
frame_764_lat--6.093091033333334_lon--49.84822606666667.png,20250810_113727_266915,-6.09309103333333,-49.8482260666667,31.65,2,0.0,0.0,straight
frame_765_lat--6.0930778_lon--49.84823753333334.png,20250810_113728_240699,-6.0930778,-49.8482375333333,33.57,2,0.0,0.0,straight
frame_766_lat--6.093063466666666_lon--49.84825003333334.png,20250810_113729_296590,-6.09306346666667,-49.8482500333333,35.65,2,0.0,0.0,straight
frame_767_lat--6.093048866666666_lon--49.84826303333334.png,20250810_113730_243538,-6.09304886666667,-49.8482630333333,37.8,2,0.0,0.0,straight
frame_768_lat--6.093036033333332_lon--49.84827463333333.png,20250810_113731_293773,-6.09303603333333,-49.8482746333333,39.7,2,0.0,0.0,straight
frame_769_lat--6.0930204_lon--49.84828856666668.png,20250810_113733_124801,-6.0930204,-49.8482885666667,42.0,2,7.55,352.08,straight
frame_770_lat--6.093006633333333_lon--49.84829169999999.png,20250810_114006_146008,-6.09300663333333,-49.8482917,43.29,2,1.04,351.72,straight
frame_771_lat--6.092994_lon--49.84830530000001.png,20250810_114009_180871,-6.092994,-49.8483053,45.34,2,9.99,351.06,straight
frame_772_lat--6.0929839999999995_lon--49.84831620000001.png,20250810_114010_248347,-6.092984,-49.8483162,46.98,2,0.0,0.0,straight
frame_773_lat--6.0929720666666665_lon--49.84832893333334.png,20250810_114011_226603,-6.09297206666667,-49.8483289333333,48.91,2,0.0,0.0,straight
frame_774_lat--6.092959866666666_lon--49.84834166666667.png,20250810_114012_244406,-6.09295986666667,-49.8483416666667,50.86,2,0.0,0.0,straight
frame_775_lat--6.092947000000001_lon--49.848354500000006.png,20250810_114013_309220,-6.092947,-49.8483545,52.87,2,0.0,0.0,straight
frame_776_lat--6.092932599999999_lon--49.84836803333333.png,20250810_114014_250989,-6.0929326,-49.8483680333333,52.7,1,0.0,0.0,straight
frame_777_lat--6.092916099999999_lon--49.84838253333332.png,20250810_114015_225828,-6.0929161,-49.8483825333333,50.32,1,0.0,0.0,straight
frame_778_lat--6.092897633333333_lon--49.848397999999996.png,20250810_114016_263210,-6.09289763333333,-49.848398,47.7,1,0.0,0.0,straight
frame_779_lat--6.092877266666666_lon--49.848414633333334.png,20250810_114017_257208,-6.09287726666667,-49.8484146333333,44.84,1,0.0,0.0,straight
frame_780_lat--6.092855466666667_lon--49.84843236666667.png,20250810_114018_234039,-6.09285546666667,-49.8484323666667,41.79,1,0.0,0.0,straight
frame_781_lat--6.0928327_lon--49.8484507.png,20250810_114019_265369,-6.0928327,-49.8484507,38.62,1,0.0,0.0,straight
frame_782_lat--6.092809700000001_lon--49.84846926666667.png,20250810_114020_226201,-6.0928097,-49.8484692666667,35.43,1,0.0,0.0,straight
frame_783_lat--6.092786900000001_lon--49.84848776666667.png,20250810_114021_264218,-6.0927869,-49.8484877666667,32.28,1,0.0,0.0,straight
frame_784_lat--6.092764600000001_lon--49.8485063.png,20250810_114022_258440,-6.0927646,-49.8485063,29.2,1,0.0,0.0,straight
frame_785_lat--6.0927429_lon--49.84852463333333.png,20250810_114023_233389,-6.0927429,-49.8485246333333,26.22,1,0.0,0.0,straight
frame_786_lat--6.0927216_lon--49.8485419.png,20250810_114024_264917,-6.0927216,-49.8485419,23.36,1,0.0,0.0,straight
frame_787_lat--6.092700766666667_lon--49.84855723333333.png,20250810_114025_232969,-6.09270076666667,-49.8485572333333,20.66,1,0.0,0.0,intersection
frame_788_lat--6.0926806000000004_lon--49.84857073333333.png,20250810_114026_280348,-6.0926806,-49.8485707333333,18.13,1,0.0,0.0,intersection
frame_789_lat--6.0926612_lon--49.84858336666666.png,20250810_114027_277612,-6.0926612,-49.8485833666667,15.74,1,0.0,0.0,intersection
frame_790_lat--6.092644233333334_lon--49.848594766666665.png,20250810_114028_237924,-6.09264423333333,-49.8485947666667,13.71,1,0.0,0.0,intersection
frame_791_lat--6.0926317333333335_lon--49.848603600000004.png,20250810_114029_282505,-6.09263173333333,-49.8486036,12.26,1,0.0,0.0,intersection
frame_792_lat--6.092616033333333_lon--49.848614566666654.png,20250810_114031_165443,-6.09261603333333,-49.8486145666667,10.53,1,9.13,353.32,intersection
frame_793_lat--6.092602566666666_lon--49.848623733333326.png,20250810_114033_198678,-6.09260256666667,-49.8486237333333,9.19,1,7.61,353.34,intersection
frame_794_lat--6.0925888666666665_lon--49.84863343333333.png,20250810_114036_157124,-6.09258886666667,-49.8486334333333,8.02,1,5.22,353.06,intersection
frame_795_lat--6.092577399999999_lon--49.84864130000001.png,20250810_114041_145141,-6.0925774,-49.8486413,7.24,1,0.65,353.48,intersection
frame_796_lat--6.092561600000001_lon--49.84865619999999.png,20250810_114120_168404,-6.0925616,-49.8486562,6.97,1,8.89,352.85,intersection
frame_797_lat--6.092547466666667_lon--49.8486676.png,20250810_114122_208616,-6.09254746666667,-49.8486676,7.22,1,9.04,352.23,intersection
frame_798_lat--6.0925347_lon--49.84868833333333.png,20250810_114124_122881,-6.0925347,-49.8486883333333,9.02,1,13.06,348.51,intersection
frame_799_lat--6.092531766666667_lon--49.84870276666667.png,20250810_114125_259064,-6.09253176666667,-49.8487027666667,10.56,1,0.0,0.0,intersection
frame_800_lat--6.0925326_lon--49.84871963333333.png,20250810_114126_255627,-6.0925326,-49.8487196333333,12.42,1,0.0,0.0,intersection
frame_801_lat--6.0925379333333325_lon--49.848739666666674.png,20250810_114127_318974,-6.09253793333333,-49.8487396666667,14.69,1,0.0,0.0,intersection
frame_802_lat--6.092548066666666_lon--49.8487626.png,20250810_114128_252163,-6.09254806666667,-49.8487626,17.37,1,0.0,0.0,intersection
frame_803_lat--6.0925623333333325_lon--49.848786733333334.png,20250810_114129_225921,-6.09256233333333,-49.8487867333333,20.31,1,0.0,0.0,intersection
frame_804_lat--6.092578866666666_lon--49.84881033333333.png,20250810_114130_257559,-6.09257886666667,-49.8488103333333,23.29,1,0.0,0.0,straight
frame_805_lat--6.092595733333333_lon--49.848832699999996.png,20250810_114131_320140,-6.09259573333333,-49.8488327,26.21,1,0.0,0.0,straight
frame_806_lat--6.0926122666666656_lon--49.84885413333333.png,20250810_114132_247906,-6.09261226666667,-49.8488541333333,29.06,1,0.0,0.0,straight
frame_807_lat--6.092628599999999_lon--49.84887533333333.png,20250810_114133_321459,-6.0926286,-49.8488753333333,31.9,1,0.0,0.0,straight
frame_808_lat--6.092644999999999_lon--49.84889726666667.png,20250810_114134_256284,-6.092645,-49.8488972666667,34.83,1,0.0,0.0,straight
frame_809_lat--6.092661533333333_lon--49.848920799999995.png,20250810_114135_224886,-6.09266153333333,-49.8489208,37.95,1,0.0,0.0,straight
frame_810_lat--6.092678233333333_lon--49.8489464.png,20250810_114136_245171,-6.09267823333333,-49.8489464,39.11,0,0.0,0.0,straight
frame_811_lat--6.0926953_lon--49.848974033333334.png,20250810_114137_306202,-6.0926953,-49.8489740333333,35.56,0,0.0,0.0,straight
frame_812_lat--6.092712933333333_lon--49.849003233333335.png,20250810_114138_245883,-6.09271293333333,-49.8490032333333,31.86,0,0.0,0.0,straight
frame_813_lat--6.0927308333333325_lon--49.84903313333334.png,20250810_114139_283614,-6.09273083333333,-49.8490331333333,28.09,0,0.0,0.0,straight
frame_814_lat--6.0927484_lon--49.849062700000005.png,20250810_114140_242827,-6.0927484,-49.8490627,24.41,0,0.0,0.0,straight
frame_815_lat--6.092765299999999_lon--49.84909116666667.png,20250810_114141_258833,-6.0927653,-49.8490911666667,20.9,0,0.0,0.0,intersection
frame_816_lat--6.092781366666666_lon--49.84911760000001.png,20250810_114142_296022,-6.09278136666667,-49.8491176,17.67,0,0.0,0.0,intersection
frame_817_lat--6.0927964333333335_lon--49.84914140000001.png,20250810_114143_250810,-6.09279643333333,-49.8491414,14.79,0,0.0,0.0,intersection
frame_818_lat--6.092809966666667_lon--49.8491622.png,20250810_114144_322977,-6.09280996666667,-49.8491622,12.32,0,0.0,0.0,intersection
frame_819_lat--6.092821666666667_lon--49.8491797.png,20250810_114145_259257,-6.09282166666667,-49.8491797,10.32,0,0.0,0.0,intersection
frame_820_lat--6.092831333333334_lon--49.84919383333333.png,20250810_114146_233168,-6.09283133333333,-49.8491938333333,8.8,0,0.0,0.0,intersection
frame_821_lat--6.092844766666667_lon--49.849212666666666.png,20250810_114148_131369,-6.09284476666667,-49.8492126666667,7.0,0,11.08,346.66,intersection
frame_822_lat--6.092862366666667_lon--49.84923206666666.png,20250810_114150_245599,-6.09286236666667,-49.8492320666667,5.39,0,0.0,0.0,intersection
frame_823_lat--6.092877266666666_lon--49.84924363333333.png,20250810_114151_323053,-6.09287726666667,-49.8492436333333,4.65,0,0.0,0.0,intersection
frame_824_lat--6.092895733333332_lon--49.84925366666668.png,20250810_114152_240262,-6.09289573333333,-49.8492536666667,4.49,0,0.0,0.0,intersection
frame_825_lat--6.0929168_lon--49.84926023333334.png,20250810_114153_295647,-6.0929168,-49.8492602333333,5.1,0,0.0,0.0,intersection
frame_826_lat--6.0929399_lon--49.84926230000001.png,20250810_114154_240656,-6.0929399,-49.8492623,6.31,0,0.0,0.0,intersection
frame_827_lat--6.092965133333332_lon--49.849259466666666.png,20250810_114155_295405,-6.09296513333333,-49.8492594666667,8.01,0,0.0,0.0,intersection
frame_828_lat--6.092992566666666_lon--49.849251699999996.png,20250810_114156_253115,-6.09299256666667,-49.8492517,10.2,0,0.0,0.0,intersection
frame_829_lat--6.093021866666667_lon--49.849239266666665.png,20250810_114157_229426,-6.09302186666667,-49.8492392666667,12.88,0,0.0,0.0,intersection
frame_830_lat--6.093052966666667_lon--49.8492222.png,20250810_114158_264228,-6.09305296666667,-49.8492222,16.05,0,0.0,0.0,intersection
frame_831_lat--6.093084933333333_lon--49.84920126666666.png,20250810_114159_235345,-6.09308493333333,-49.8492012666667,19.63,0,0.0,0.0,intersection
frame_832_lat--6.0931156_lon--49.84917856666666.png,20250810_114200_264322,-6.0931156,-49.8491785666667,23.31,0,0.0,0.0,straight
frame_833_lat--6.0931440666666665_lon--49.84915586666666.png,20250810_114201_239266,-6.09314406666667,-49.8491558666667,26.91,0,0.0,0.0,straight
frame_834_lat--6.093171333333333_lon--49.84913349999999.png,20250810_114202_307762,-6.09317133333333,-49.8491335,30.49,0,0.0,0.0,straight
frame_835_lat--6.0931989_lon--49.84911099999999.png,20250810_114203_247931,-6.0931989,-49.849111,34.17,0,0.0,0.0,straight
frame_836_lat--6.093228000000001_lon--49.84908773333333.png,20250810_114204_310627,-6.093228,-49.8490877333333,38.09,0,0.0,0.0,straight
frame_837_lat--6.093259200000001_lon--49.84906323333333.png,20250810_114205_247765,-6.0932592,-49.8490632333333,42.32,0,0.0,0.0,straight
frame_838_lat--6.0932919666666665_lon--49.84903786666667.png,20250810_114206_323362,-6.09329196666667,-49.8490378666667,46.77,0,0.0,0.0,straight
frame_839_lat--6.0933250333333335_lon--49.849012066666674.png,20250810_114207_260302,-6.09332503333333,-49.8490120666667,51.3,0,0.0,0.0,straight
frame_840_lat--6.093357533333333_lon--49.848985933333324.png,20250810_114208_234482,-6.09335753333333,-49.8489859333333,55.81,0,0.0,0.0,straight
frame_841_lat--6.093388666666667_lon--49.84895993333333.png,20250810_114209_265903,-6.09338866666667,-49.8489599333333,52.2,3,0.0,0.0,straight
frame_842_lat--6.093418366666667_lon--49.84893456666667.png,20250810_114210_236018,-6.09341836666667,-49.8489345666667,47.99,3,0.0,0.0,straight
frame_843_lat--6.0934471666666665_lon--49.84890999999999.png,20250810_114211_282726,-6.09344716666667,-49.84891,43.92,3,0.0,0.0,straight
frame_844_lat--6.093475833333333_lon--49.84888573333334.png,20250810_114212_238157,-6.09347583333333,-49.8488857333333,39.92,3,0.0,0.0,straight
frame_845_lat--6.093504599999999_lon--49.84886133333333.png,20250810_114213_241431,-6.0935046,-49.8488613333333,35.93,3,0.0,0.0,straight
frame_846_lat--6.093533233333334_lon--49.848836600000006.png,20250810_114214_295146,-6.09353323333333,-49.8488366,31.96,3,0.0,0.0,straight
frame_847_lat--6.0935614000000005_lon--49.848811733333335.png,20250810_114215_245576,-6.0935614,-49.8488117333333,28.07,3,0.0,0.0,straight
frame_848_lat--6.093588799999999_lon--49.848786600000004.png,20250810_114216_311973,-6.0935888,-49.8487866,24.27,3,0.0,0.0,straight
frame_849_lat--6.093615_lon--49.84876076666668.png,20250810_114217_254481,-6.093615,-49.8487607666667,20.56,3,0.0,0.0,intersection
frame_850_lat--6.093638933333334_lon--49.8487336.png,20250810_114218_255170,-6.09363893333333,-49.8487336,16.93,3,0.0,0.0,intersection
frame_851_lat--6.0936585999999995_lon--49.84870513333333.png,20250810_114219_227035,-6.0936586,-49.8487051333333,13.42,3,0.0,0.0,intersection
frame_852_lat--6.093671566666666_lon--49.84867576666666.png,20250810_114220_263049,-6.09367156666667,-49.8486757666667,10.05,3,0.0,0.0,intersection
frame_853_lat--6.093676866666668_lon--49.8486463.png,20250810_114221_232219,-6.09367686666667,-49.8486463,6.79,3,0.0,0.0,intersection
frame_854_lat--6.093674900000001_lon--49.84861746666666.png,20250810_114222_270254,-6.0936749,-49.8486174666667,3.59,3,0.0,0.0,intersection
frame_855_lat--6.093666866666666_lon--49.84858989999999.png,20250810_114223_243477,-6.09366686666667,-49.8485899,1.05,3,0.0,0.0,intersection
frame_856_lat--6.093654133333333_lon--49.84856396666667.png,20250810_114224_267967,-6.09365413333333,-49.8485639666667,3.28,3,0.0,0.0,intersection
frame_857_lat--6.093638266666667_lon--49.84854003333332.png,20250810_114225_236876,-6.09363826666667,-49.8485400333333,6.42,3,0.0,0.0,intersection
frame_858_lat--6.093621100000001_lon--49.848518133333336.png,20250810_114226_282768,-6.0936211,-49.8485181333333,9.5,3,0.0,0.0,intersection
frame_859_lat--6.093604300000001_lon--49.84849816666667.png,20250810_114227_243025,-6.0936043,-49.8484981666667,12.39,3,0.0,0.0,intersection
frame_860_lat--6.093588433333333_lon--49.84847963333334.png,20250810_114228_269143,-6.09358843333333,-49.8484796333333,15.09,3,0.0,0.0,intersection
frame_861_lat--6.0935732_lon--49.848461933333326.png,20250810_114229_241589,-6.0935732,-49.8484619333333,17.67,3,0.0,0.0,intersection
frame_862_lat--6.093558033333333_lon--49.84844446666666.png,20250810_114230_281916,-6.09355803333333,-49.8484444666667,20.23,3,0.0,0.0,intersection
frame_863_lat--6.093542833333333_lon--49.84842719999999.png,20250810_114231_245520,-6.09354283333333,-49.8484272,22.78,3,0.0,0.0,intersection
frame_864_lat--6.0935279_lon--49.8484103.png,20250810_114232_318739,-6.0935279,-49.8484103,25.27,3,0.0,0.0,straight
frame_865_lat--6.093513866666666_lon--49.84839396666666.png,20250810_114233_253231,-6.09351386666667,-49.8483939666667,27.65,3,0.0,0.0,straight
frame_866_lat--6.0935009666666655_lon--49.84837846666666.png,20250810_114234_310070,-6.09350096666667,-49.8483784666667,29.88,3,0.0,0.0,straight
frame_867_lat--6.093489233333332_lon--49.84836343333334.png,20250810_114235_254423,-6.09348923333333,-49.8483634333333,31.99,3,0.0,0.0,straight
frame_868_lat--6.093478433333333_lon--49.84834850000001.png,20250810_114236_223053,-6.09347843333333,-49.8483485,34.03,3,0.0,0.0,straight
frame_869_lat--6.093468399999999_lon--49.84833403333333.png,20250810_114237_255563,-6.0934684,-49.8483340333333,35.97,3,0.0,0.0,straight
frame_870_lat--6.0934595_lon--49.848321299999995.png,20250810_114238_229796,-6.0934595,-49.8483213,37.68,3,0.0,0.0,straight
frame_871_lat--6.093447733333333_lon--49.84830563333333.png,20250810_114240_132474,-6.09344773333333,-49.8483056333333,38.18,2,8.32,9.66,straight
frame_872_lat--6.093446133333333_lon--49.84829206666666.png,20250810_114441_148703,-6.09344613333333,-49.8482920666667,36.8,2,0.3,14.39,straight
frame_873_lat--6.093432333333334_lon--49.848277133333326.png,20250810_114616_165397,-6.09343233333333,-49.8482771333333,34.6,2,7.43,9.73,straight
frame_874_lat--6.093421866666667_lon--49.848263366666664.png,20250810_114618_196789,-6.09342186666667,-49.8482633666667,32.7,2,8.95,9.74,straight
frame_875_lat--6.093408600000001_lon--49.84824543333333.png,20250810_114620_123642,-6.0934086,-49.8482454333333,30.25,2,11.47,10.01,straight
frame_876_lat--6.093394600000001_lon--49.8482252.png,20250810_114622_112787,-6.0933946,-49.8482252,27.54,2,11.92,10.2,straight
frame_877_lat--6.093384366666667_lon--49.84820993333333.png,20250810_114624_130547,-6.09338436666667,-49.8482099333333,25.51,2,8.57,10.31,straight
frame_878_lat--6.093375533333334_lon--49.84819709999999.png,20250810_114626_142451,-6.09337553333333,-49.8481971,23.8,2,8.94,10.16,straight
frame_879_lat--6.093360966666667_lon--49.848177366666675.png,20250810_114628_261556,-6.09336096666667,-49.8481773666667,21.12,2,0.0,0.0,intersection
frame_880_lat--6.093351533333335_lon--49.84816536666666.png,20250810_114629_239536,-6.09335153333334,-49.8481653666667,19.47,2,0.0,0.0,intersection
frame_881_lat--6.093341766666667_lon--49.84815323333333.png,20250810_114630_291193,-6.09334176666667,-49.8481532333333,17.79,2,0.0,0.0,intersection
frame_882_lat--6.093332600000001_lon--49.84814176666667.png,20250810_114631_248929,-6.0933326,-49.8481417666667,16.22,2,0.0,0.0,intersection
frame_883_lat--6.0933182666666665_lon--49.848122466666666.png,20250810_114633_157446,-6.09331826666667,-49.8481224666667,13.65,2,12.02,10.09,intersection
frame_884_lat--6.093307266666666_lon--49.84810443333333.png,20250810_114635_181653,-6.09330726666667,-49.8481044333333,11.36,2,10.73,11.01,intersection
frame_885_lat--6.093301966666667_lon--49.84808306666666.png,20250810_114637_098783,-6.09330196666667,-49.8480830666667,8.93,2,8.38,13.51,intersection
frame_886_lat--6.093304633333334_lon--49.848062600000006.png,20250810_114638_256741,-6.09330463333333,-49.8480626,6.97,2,0.0,0.0,intersection
frame_887_lat--6.093311033333334_lon--49.8480494.png,20250810_114639_230616,-6.09331103333333,-49.8480494,6.16,2,0.0,0.0,intersection
frame_888_lat--6.093320833333334_lon--49.84803626666667.png,20250810_114640_263788,-6.09332083333333,-49.8480362666667,6.02,2,0.0,0.0,intersection
frame_889_lat--6.093334199999999_lon--49.848022766666666.png,20250810_114641_242763,-6.0933342,-49.8480227666667,6.78,2,0.0,0.0,intersection
frame_890_lat--6.0933505_lon--49.84800956666667.png,20250810_114642_323635,-6.0933505,-49.8480095666667,8.35,2,0.0,0.0,intersection
frame_891_lat--6.093367766666667_lon--49.847997299999996.png,20250810_114643_260045,-6.09336776666667,-49.8479973,10.31,2,0.0,0.0,intersection
frame_892_lat--6.093384600000001_lon--49.84798553333333.png,20250810_114644_233591,-6.0933846,-49.8479855333333,12.35,2,0.0,0.0,intersection
frame_893_lat--6.093401033333334_lon--49.84797346666666.png,20250810_114645_282479,-6.09340103333333,-49.8479734666667,14.42,2,0.0,0.0,intersection
frame_894_lat--6.093417_lon--49.8479611.png,20250810_114646_242330,-6.093417,-49.8479611,16.5,2,0.0,0.0,intersection
frame_895_lat--6.093431900000001_lon--49.847949099999994.png,20250810_114647_295526,-6.0934319,-49.8479491,18.5,2,0.0,0.0,intersection
frame_896_lat--6.093445833333334_lon--49.84793736666667.png,20250810_114648_254233,-6.09344583333333,-49.8479373666667,20.4,2,0.0,0.0,intersection
frame_897_lat--6.0934596999999995_lon--49.84792503333334.png,20250810_114649_231990,-6.0934597,-49.8479250333333,22.35,2,0.0,0.0,intersection
frame_898_lat--6.093474266666666_lon--49.84791160000001.png,20250810_114650_265564,-6.09347426666667,-49.8479116,24.44,2,0.0,0.0,straight
frame_899_lat--6.0934896_lon--49.84789713333335.png,20250810_114651_245341,-6.0934896,-49.8478971333334,26.67,2,0.0,0.0,straight
frame_900_lat--6.0935054_lon--49.84788233333334.png,20250810_114652_320835,-6.0935054,-49.8478823333333,28.98,2,0.0,0.0,straight
frame_901_lat--6.093521166666666_lon--49.84786783333334.png,20250810_114653_237816,-6.09352116666667,-49.8478678333333,31.28,2,0.0,0.0,straight
frame_902_lat--6.093537100000001_lon--49.847853633333344.png,20250810_114654_284018,-6.0935371,-49.8478536333333,33.59,2,0.0,0.0,straight
frame_903_lat--6.0935538000000005_lon--49.847839566666664.png,20250810_114655_247585,-6.0935538,-49.8478395666667,35.97,2,0.0,0.0,straight
frame_904_lat--6.093571466666667_lon--49.84782586666667.png,20250810_114656_221509,-6.09357146666667,-49.8478258666667,38.43,2,0.0,0.0,straight
frame_905_lat--6.0935896666666665_lon--49.8478128.png,20250810_114657_247457,-6.09358966666667,-49.8478128,40.9,2,0.0,0.0,straight
frame_906_lat--6.093608466666666_lon--49.847800033333336.png,20250810_114658_315729,-6.09360846666667,-49.8478000333333,43.41,2,0.0,0.0,straight
frame_907_lat--6.093627866666667_lon--49.84778693333334.png,20250810_114659_254209,-6.09362786666667,-49.8477869333333,46.0,2,0.0,0.0,straight
frame_908_lat--6.093647833333334_lon--49.847773233333335.png,20250810_114700_223297,-6.09364783333333,-49.8477732333333,48.68,2,0.0,0.0,straight
frame_909_lat--6.093668200000001_lon--49.8477591.png,20250810_114701_243848,-6.0936682,-49.8477591,51.42,2,0.0,0.0,straight
frame_910_lat--6.093689133333333_lon--49.84774446666667.png,20250810_114702_220691,-6.09368913333333,-49.8477444666667,50.51,6,0.0,0.0,straight
frame_911_lat--6.0937106_lon--49.84772926666667.png,20250810_114703_248603,-6.0937106,-49.8477292666667,47.63,6,0.0,0.0,straight
frame_912_lat--6.0937325_lon--49.84771363333333.png,20250810_114704_220096,-6.0937325,-49.8477136333333,44.69,6,0.0,0.0,straight
frame_913_lat--6.093754799999999_lon--49.84769776666667.png,20250810_114705_255936,-6.0937548,-49.8476977666667,41.7,6,0.0,0.0,straight
frame_914_lat--6.093777499999999_lon--49.847681666666666.png,20250810_114706_222382,-6.0937775,-49.8476816666667,38.66,6,0.0,0.0,straight
frame_915_lat--6.093800366666666_lon--49.84766520000001.png,20250810_114707_253557,-6.09380036666667,-49.8476652,35.6,6,0.0,0.0,straight
frame_916_lat--6.093823366666666_lon--49.8476486.png,20250810_114708_266429,-6.09382336666667,-49.8476486,32.52,6,0.0,0.0,straight
frame_917_lat--6.093846666666666_lon--49.84763243333333.png,20250810_114709_244579,-6.09384666666667,-49.8476324333333,29.47,6,0.0,0.0,straight
frame_918_lat--6.093870033333333_lon--49.847617333333325.png,20250810_114710_247944,-6.09387003333333,-49.8476173333333,26.52,6,0.0,0.0,straight
frame_919_lat--6.093892566666668_lon--49.84760363333332.png,20250810_114711_223672,-6.09389256666667,-49.8476036333333,23.79,6,0.0,0.0,straight
frame_920_lat--6.093913666666667_lon--49.84759129999999.png,20250810_114712_251901,-6.09391366666667,-49.8475913,21.32,6,0.0,0.0,intersection
frame_921_lat--6.0939338_lon--49.847579800000005.png,20250810_114713_227406,-6.0939338,-49.8475798,19.05,6,0.0,0.0,intersection
frame_922_lat--6.0939537_lon--49.84756826666667.png,20250810_114714_259963,-6.0939537,-49.8475682666667,16.87,6,0.0,0.0,intersection
frame_923_lat--6.093972933333333_lon--49.847556499999996.png,20250810_114715_244445,-6.09397293333333,-49.8475565,14.81,6,0.0,0.0,intersection
frame_924_lat--6.0939906_lon--49.847544033333335.png,20250810_114716_226263,-6.0939906,-49.8475440333333,12.88,6,0.0,0.0,intersection
frame_925_lat--6.094005833333333_lon--49.847529666666674.png,20250810_114717_262197,-6.09400583333333,-49.8475296666667,10.96,6,0.0,0.0,intersection
frame_926_lat--6.094017033333334_lon--49.84751286666667.png,20250810_114718_237297,-6.09401703333333,-49.8475128666667,8.97,6,0.0,0.0,intersection
frame_927_lat--6.0940233_lon--49.84749453333333.png,20250810_114719_280387,-6.0940233,-49.8474945333333,6.92,6,0.0,0.0,intersection
frame_928_lat--6.094024833333334_lon--49.84747613333333.png,20250810_114720_244539,-6.09402483333333,-49.8474761333333,4.9,6,0.0,0.0,intersection
frame_929_lat--6.094016566666666_lon--49.84743546666667.png,20250810_114722_461842,-6.09401656666667,-49.8474354666667,0.71,6,2.29,13.13,intersection
frame_930_lat--6.094008999999999_lon--49.84741366666667.png,20250810_114723_223743,-6.094009,-49.8474136666667,2.49,6,0.0,0.0,intersection
frame_931_lat--6.094000866666667_lon--49.84739283333333.png,20250810_114724_263905,-6.09400086666667,-49.8473928333333,4.93,6,0.0,0.0,intersection
frame_932_lat--6.093992233333333_lon--49.847371966666664.png,20250810_114725_237140,-6.09399223333333,-49.8473719666667,7.42,6,0.0,0.0,intersection
frame_933_lat--6.093982466666667_lon--49.84734916666667.png,20250810_114726_377220,-6.09398246666667,-49.8473491666667,10.16,6,8.91,11.8,intersection
frame_934_lat--6.093971733333333_lon--49.84732443333334.png,20250810_114727_797997,-6.09397173333333,-49.8473244333333,13.14,6,3.49,25.8,intersection
frame_935_lat--6.0939607333333345_lon--49.84729913333333.png,20250810_114728_290983,-6.09396073333333,-49.8472991333333,16.19,6,0.0,11.77,intersection
frame_936_lat--6.0939497000000005_lon--49.847274000000006.png,20250810_114729_239410,-6.0939497,-49.847274,19.23,6,0.0,0.0,intersection
