filename,timestamp,latitude,longitude,distance_to_node_m,node_index,speed_mps,heading_deg,label
frame_0_lat--6.091357666666666_lon--49.849476833333334.png,20250809_180016_186422,-6.091357667,-49.84947683,108.37,12,,,straight
frame_1_lat--6.091356233333333_lon--49.849461566666676.png,20250809_180019_189745,-6.091356233,-49.84946157,106.72,12,3.51,31.97,straight
frame_2_lat--6.091353566666666_lon--49.84943786666666.png,20250809_180021_231879,-6.091353567,-49.84943787,104.14,12,0,0,straight
frame_3_lat--6.0913518_lon--49.84942323333333.png,20250809_180022_231007,-6.0913518,-49.84942323,102.54,12,0,0,straight
frame_4_lat--6.091350099999999_lon--49.84940896666667.png,20250809_180023_193438,-6.0913501,-49.84940897,100.99,12,5.58,31.52,straight
frame_5_lat--6.091346966666666_lon--49.84938416666667.png,20250809_180025_201737,-6.091346967,-49.84938417,98.29,12,0,0,straight
frame_6_lat--6.0913447_lon--49.84936893333334.png,20250809_180026_240068,-6.0913447,-49.84936893,96.62,12,0,0,straight
frame_7_lat--6.0913415_lon--49.84934946666667.png,20250809_180027_216004,-6.0913415,-49.84934947,94.47,12,0,0,straight
frame_8_lat--6.091337433333334_lon--49.84932640000001.png,20250809_180028_237395,-6.091337433,-49.8493264,91.92,12,0,0,straight
frame_9_lat--6.091332633333334_lon--49.84930073333334.png,20250809_180029_212620,-6.091332633,-49.84930073,89.07,12,0,0,straight
frame_10_lat--6.0913273_lon--49.84927326666666.png,20250809_180030_284241,-6.0913273,-49.84927327,86.02,12,0,0,straight
frame_11_lat--6.091321633333333_lon--49.849244899999995.png,20250809_180031_227008,-6.091321633,-49.8492449,82.87,12,0,0,straight
frame_12_lat--6.091315566666666_lon--49.8492164.png,20250809_180032_267463,-6.091315567,-49.8492164,79.69,12,0,0,straight
frame_13_lat--6.091308999999999_lon--49.84918799999999.png,20250809_180033_218218,-6.091309,-49.849188,76.5,12,0,0,straight
frame_14_lat--6.0913018999999995_lon--49.84915953333333.png,20250809_180034_281481,-6.0913019,-49.84915953,73.29,12,0,0,straight
frame_15_lat--6.0912942999999995_lon--49.8491306.png,20250809_180035_229779,-6.0912943,-49.8491306,70.01,12,0,0,straight
frame_16_lat--6.091285999999999_lon--49.84910073333333.png,20250809_180036_199955,-6.091286,-49.84910073,66.61,12,0,0,straight
frame_17_lat--6.091276866666666_lon--49.84906976666666.png,20250809_180037_239558,-6.091276867,-49.84906977,63.06,12,0,0,straight
frame_18_lat--6.091266799999999_lon--49.84903733333333.png,20250809_180038_210536,-6.0912668,-49.84903733,59.33,12,0,0,straight
frame_19_lat--6.091255433333332_lon--49.84900303333333.png,20250809_180039_255509,-6.091255433,-49.84900303,55.35,12,0,0,straight
frame_20_lat--6.091242733333334_lon--49.84896766666667.png,20250809_180040_219682,-6.091242733,-49.84896767,51.2,12,0,0,straight
frame_21_lat--6.0912288666666665_lon--49.84893173333334.png,20250809_180041_294631,-6.091228867,-49.84893173,46.95,12,0,0,straight
frame_22_lat--6.091213866666667_lon--49.84889483333334.png,20250809_180042_228715,-6.091213867,-49.84889483,42.55,12,0,0,straight
frame_23_lat--6.091197800000001_lon--49.84885696666667.png,20250809_180043_204001,-6.0911978,-49.84885697,38,12,0,0,straight
frame_24_lat--6.091181466666667_lon--49.8488192.png,20250809_180044_235374,-6.091181467,-49.8488192,33.45,12,0,0,straight
frame_25_lat--6.091165299999999_lon--49.848781466666665.png,20250809_180045_208825,-6.0911653,-49.84878147,28.92,12,0,0,straight
frame_26_lat--6.0911491_lon--49.848742800000004.png,20250809_180046_270999,-6.0911491,-49.8487428,24.29,12,0,0,straight
frame_27_lat--6.0911325000000005_lon--49.848702700000004.png,20250809_180047_207937,-6.0911325,-49.8487027,19.51,12,0,0,straight
frame_28_lat--6.091115933333334_lon--49.8486625.png,20250809_180048_229707,-6.091115933,-49.8486625,14.73,12,0,0,straight
frame_29_lat--6.091099866666667_lon--49.84862353333333.png,20250809_180049_205636,-6.091099867,-49.84862353,10.14,12,0,0,straight
frame_30_lat--6.0910842333333335_lon--49.848585666666665.png,20250809_180050_258792,-6.091084233,-49.84858567,5.78,12,0,0,intersection
frame_31_lat--6.091068333333332_lon--49.84854796666667.png,20250809_180051_255066,-6.091068333,-49.84854797,2.25,12,0,0,intersection
frame_32_lat--6.091051833333333_lon--49.848509866666674.png,20250809_180052_218976,-6.091051833,-49.84850987,4.24,12,0,0,intersection
frame_33_lat--6.091034266666667_lon--49.848470866666666.png,20250809_180053_270224,-6.091034267,-49.84847087,8.67,12,0,0,intersection
frame_34_lat--6.091015266666667_lon--49.84843036666667.png,20250809_180054_227714,-6.091015267,-49.84843037,13.52,12,0,0,straight
frame_35_lat--6.090995199999999_lon--49.84838876666667.png,20250809_180055_201137,-6.0909952,-49.84838877,18.57,12,0,0,straight
frame_36_lat--6.0909749333333325_lon--49.84834703333333.png,20250809_180056_234942,-6.090974933,-49.84834703,23.67,12,0,0,straight
frame_37_lat--6.090954966666668_lon--49.848305700000004.png,20250809_180057_204516,-6.090954967,-49.8483057,28.73,12,0,0,straight
frame_38_lat--6.090935566666667_lon--49.8482653.png,20250809_180058_240431,-6.090935567,-49.8482653,32.28,11,0,0,straight
frame_39_lat--6.090916766666667_lon--49.84822596666667.png,20250809_180059_211242,-6.090916767,-49.84822597,27.46,11,0,0,straight
frame_40_lat--6.090898533333332_lon--49.84818750000001.png,20250809_180100_256959,-6.090898533,-49.8481875,22.75,11,0,0,straight
frame_41_lat--6.090880666666666_lon--49.848149400000004.png,20250809_180101_218959,-6.090880667,-49.8481494,18.09,11,0,0,straight
frame_42_lat--6.090862966666666_lon--49.848111533333324.png,20250809_180102_282796,-6.090862967,-49.84811153,13.47,11,0,0,straight
frame_43_lat--6.0908453_lon--49.848073933333325.png,20250809_180103_217543,-6.0908453,-49.84807393,8.87,11,0,0,intersection
frame_44_lat--6.090827433333334_lon--49.84803659999999.png,20250809_180104_255859,-6.090827433,-49.8480366,4.29,11,0,0,intersection
frame_45_lat--6.090809433333334_lon--49.847999599999994.png,20250809_180105_221695,-6.090809433,-49.8479996,0.27,11,0,0,intersection
frame_46_lat--6.090791133333334_lon--49.84796216666666.png,20250809_180106_196729,-6.090791133,-49.84796217,4.88,11,0,0,intersection
frame_47_lat--6.090771999999999_lon--49.84792349999999.png,20250809_180107_217447,-6.090772,-49.8479235,9.65,11,0,0,intersection
frame_48_lat--6.090751533333334_lon--49.84788296666667.png,20250809_180108_220986,-6.090751533,-49.84788297,14.68,11,0,0,straight
frame_49_lat--6.090730499999999_lon--49.84784136666667.png,20250809_180109_297974,-6.0907305,-49.84784137,19.84,11,0,0,straight
frame_50_lat--6.090709899999999_lon--49.84779973333334.png,20250809_180110_214183,-6.0907099,-49.84779973,24.98,11,0,0,straight
frame_51_lat--6.090689466666666_lon--49.8477581.png,20250809_180111_264928,-6.090689467,-49.8477581,30.11,11,0,0,straight
frame_52_lat--6.090668366666668_lon--49.84771633333333.png,20250809_180112_208029,-6.090668367,-49.84771633,35.29,11,0,0,straight
frame_53_lat--6.090647133333333_lon--49.84767459999999.png,20250809_180113_220656,-6.090647133,-49.8476746,31.97,13,0,0,straight
frame_54_lat--6.090626533333333_lon--49.847632966666666.png,20250809_180114_255346,-6.090626533,-49.84763297,26.83,13,0,0,straight
frame_55_lat--6.0906066_lon--49.8475914.png,20250809_180115_220879,-6.0906066,-49.8475914,21.75,13,0,0,straight
frame_56_lat--6.090587433333334_lon--49.84754993333335.png,20250809_180116_269343,-6.090587433,-49.84754993,16.72,13,0,0,straight
frame_57_lat--6.090569100000001_lon--49.8475085.png,20250809_180117_219021,-6.0905691,-49.8475085,11.78,13,0,0,straight
frame_58_lat--6.090551166666667_lon--49.84746676666666.png,20250809_180118_284102,-6.090551167,-49.84746677,6.96,13,0,0,intersection
frame_59_lat--6.090532966666667_lon--49.847424266666664.png,20250809_180119_222534,-6.090532967,-49.84742427,2.88,13,0,0,intersection
frame_60_lat--6.090513966666667_lon--49.84738049999999.png,20250809_180120_286436,-6.090513967,-49.8473805,4.66,13,0,0,intersection
frame_61_lat--6.090493833333333_lon--49.84733543333333.png,20250809_180121_205013,-6.090493833,-49.84733543,9.69,13,0,0,intersection
frame_62_lat--6.090472733333334_lon--49.84728943333333.png,20250809_180122_225942,-6.090472733,-49.84728943,15.16,13,0,0,straight
frame_63_lat--6.090451300000001_lon--49.8472429.png,20250809_180123_193907,-6.0904513,-49.8472429,20.76,13,0,0,straight
frame_64_lat--6.090429899999999_lon--49.84719586666667.png,20250809_180124_230329,-6.0904299,-49.84719587,26.44,13,0,0,straight
frame_65_lat--6.0904083_lon--49.847148700000005.png,20250809_180125_200019,-6.0904083,-49.8471487,32.16,13,0,0,straight
frame_66_lat--6.0903863000000005_lon--49.847102066666665.png,20250809_180126_234061,-6.0903863,-49.84710207,37.21,14,0,0,straight
frame_67_lat--6.0903639_lon--49.8470562.png,20250809_180127_206772,-6.0903639,-49.8470562,31.57,14,0,0,straight
frame_68_lat--6.090342166666666_lon--49.8470119.png,20250809_180128_236210,-6.090342167,-49.8470119,26.12,14,0,0,straight
frame_69_lat--6.090323766666667_lon--49.846971366666665.png,20250809_180129_204850,-6.090323767,-49.84697137,21.2,14,0,0,straight
frame_70_lat--6.0903122000000005_lon--49.84693513333333.png,20250809_180130_245007,-6.0903122,-49.84693513,17,14,0,0,straight
frame_71_lat--6.090309566666666_lon--49.8469027.png,20250809_180131_215736,-6.090309567,-49.8469027,13.61,14,0,0,straight
frame_72_lat--6.090316933333332_lon--49.84687406666667.png,20250809_180132_286079,-6.090316933,-49.84687407,11.36,14,0,0,straight
frame_73_lat--6.090334_lon--49.84684969999999.png,20250809_180133_229727,-6.090334,-49.8468497,10.85,14,0,0,straight
frame_74_lat--6.090359266666667_lon--49.846828933333335.png,20250809_180134_202781,-6.090359267,-49.84682893,12.3,14,0,0,straight
frame_75_lat--6.090390366666666_lon--49.84681023333333.png,20250809_180135_241256,-6.090390367,-49.84681023,15.2,14,0,0,straight
frame_76_lat--6.090425333333333_lon--49.84679213333334.png,20250809_180136_215007,-6.090425333,-49.84679213,18.95,14,0,0,straight
frame_77_lat--6.090462933333333_lon--49.84677396666666.png,20250809_180137_253280,-6.090462933,-49.84677397,23.2,14,0,0,straight
frame_78_lat--6.090502533333333_lon--49.846755599999995.png,20250809_180138_215913,-6.090502533,-49.8467556,27.79,14,0,0,straight
frame_79_lat--6.090543599999999_lon--49.84673673333333.png,20250809_180139_285625,-6.0905436,-49.84673673,32.63,14,0,0,straight
frame_80_lat--6.0905856_lon--49.84671663333334.png,20250809_180140_232171,-6.0905856,-49.84671663,37.63,14,0,0,straight
frame_81_lat--6.090628133333334_lon--49.84669506666667.png,20250809_180141_206413,-6.090628133,-49.84669507,42.77,14,0,0,straight
frame_82_lat--6.0906709_lon--49.84667223333334.png,20250809_180142_255817,-6.0906709,-49.84667223,48,14,0,0,straight
frame_83_lat--6.0907134_lon--49.84664863333334.png,20250809_180143_220950,-6.0907134,-49.84664863,53.26,14,0,0,straight
frame_84_lat--6.090755433333333_lon--49.846624500000004.png,20250809_180144_284085,-6.090755433,-49.8466245,58.5,14,0,0,straight
frame_85_lat--6.090797433333334_lon--49.846600166666654.png,20250809_180145_228789,-6.090797433,-49.84660017,63.77,14,0,0,straight
frame_86_lat--6.0908401_lon--49.84657593333333.png,20250809_180146_202499,-6.0908401,-49.84657593,69.13,14,0,0,straight
frame_87_lat--6.090882433333333_lon--49.84655279999999.png,20250809_180147_241331,-6.090882433,-49.8465528,74.41,14,0,0,straight
frame_88_lat--6.090921400000001_lon--49.84653239999999.png,20250809_180148_213941,-6.0909214,-49.8465324,79.24,14,0,0,straight
frame_89_lat--6.090955633333334_lon--49.84651499999999.png,20250809_180149_241386,-6.090955633,-49.846515,83.47,14,0,0,straight
frame_90_lat--6.090986866666667_lon--49.84649926666666.png,20250809_180150_212178,-6.090986867,-49.84649927,87.32,14,0,0,straight
frame_91_lat--6.091017633333334_lon--49.84648393333333.png,20250809_180151_244902,-6.091017633,-49.84648393,91.11,14,0,0,straight
frame_92_lat--6.0910493_lon--49.846468666666674.png,20250809_180152_209167,-6.0910493,-49.84646867,95,14,0,0,straight
frame_93_lat--6.091082433333334_lon--49.8464534.png,20250809_180153_242104,-6.091082433,-49.8464534,97.74,15,0,0,straight
frame_94_lat--6.0911173666666665_lon--49.8464383.png,20250809_180154_212710,-6.091117367,-49.8464383,93.54,15,0,0,straight
frame_95_lat--6.0911542_lon--49.84642356666666.png,20250809_180155_271824,-6.0911542,-49.84642357,89.15,15,0,0,straight
frame_96_lat--6.091192899999999_lon--49.8464092.png,20250809_180156_226541,-6.0911929,-49.8464092,84.59,15,0,0,straight
frame_97_lat--6.091233366666666_lon--49.84639453333334.png,20250809_180157_200981,-6.091233367,-49.84639453,79.83,15,0,0,straight
frame_98_lat--6.091275400000001_lon--49.8463793.png,20250809_180158_246393,-6.0912754,-49.8463793,74.89,15,0,0,straight
frame_99_lat--6.091319233333333_lon--49.84636416666666.png,20250809_180159_220558,-6.091319233,-49.84636417,69.76,15,0,0,straight
frame_100_lat--6.091363599999999_lon--49.846349966666665.png,20250809_180200_288985,-6.0913636,-49.84634997,64.61,15,0,0,straight
frame_101_lat--6.091406233333333_lon--49.8463368.png,20250809_180201_218800,-6.091406233,-49.8463368,59.67,15,0,0,straight
frame_102_lat--6.091446400000001_lon--49.846323366666674.png,20250809_180202_244763,-6.0914464,-49.84632337,54.99,15,0,0,straight
frame_103_lat--6.0914850666666664_lon--49.84630906666666.png,20250809_180203_215687,-6.091485067,-49.84630907,50.43,15,0,0,straight
frame_104_lat--6.0915237_lon--49.84629550000001.png,20250809_180204_268782,-6.0915237,-49.8462955,45.9,15,0,0,straight
frame_105_lat--6.0915634_lon--49.84628496666668.png,20250809_180205_221807,-6.0915634,-49.84628497,41.37,15,0,0,straight
frame_106_lat--6.0916049_lon--49.84627783333334.png,20250809_180206_297865,-6.0916049,-49.84627783,36.79,15,0,0,straight
frame_107_lat--6.0916475_lon--49.84627213333334.png,20250809_180207_227654,-6.0916475,-49.84627213,32.18,15,0,0,straight
frame_108_lat--6.091689266666667_lon--49.8462661.png,20250809_180208_201351,-6.091689267,-49.8462661,27.69,15,0,0,straight
frame_109_lat--6.091728366666667_lon--49.846259399999994.png,20250809_180209_238715,-6.091728367,-49.8462594,23.49,15,0,0,straight
frame_110_lat--6.091764499999999_lon--49.84625283333334.png,20250809_180210_212815,-6.0917645,-49.84625283,19.65,15,0,0,straight
frame_111_lat--6.091798633333333_lon--49.84624683333334.png,20250809_180211_271163,-6.091798633,-49.84624683,16.15,15,0,0,straight
frame_112_lat--6.091833166666666_lon--49.84624123333334.png,20250809_180212_212436,-6.091833167,-49.84624123,12.84,15,0,0,straight
frame_113_lat--6.091870533333333_lon--49.846235199999995.png,20250809_180213_269263,-6.091870533,-49.8462352,9.72,15,0,0,straight
frame_114_lat--6.0919115_lon--49.84622723333333.png,20250809_180214_224833,-6.0919115,-49.84622723,7.46,15,0,0,intersection
frame_115_lat--6.0919547000000005_lon--49.8462162.png,20250809_180215_200880,-6.0919547,-49.8462162,7.55,15,0,0,intersection
frame_116_lat--6.091999033333333_lon--49.846202600000005.png,20250809_180216_237313,-6.091999033,-49.8462026,10.32,15,0,0,straight
frame_117_lat--6.0920447666666675_lon--49.846187699999994.png,20250809_180217_208143,-6.092044767,-49.8461877,14.57,15,0,0,straight
frame_118_lat--6.0920925666666665_lon--49.84617316666667.png,20250809_180218_241544,-6.092092567,-49.84617317,19.58,15,0,0,straight
frame_119_lat--6.092142766666667_lon--49.846160033333334.png,20250809_180219_210077,-6.092142767,-49.84616003,25.08,15,0,0,straight
frame_120_lat--6.0921951_lon--49.84614886666666.png,20250809_180220_246132,-6.0921951,-49.84614887,30.89,15,0,0,straight
frame_121_lat--6.092247733333332_lon--49.846139599999994.png,20250809_180221_220771,-6.092247733,-49.8461396,36.75,15,0,0,straight
frame_122_lat--6.092298633333334_lon--49.846130433333336.png,20250809_180222_296457,-6.092298633,-49.84613043,42.44,15,0,0,straight
frame_123_lat--6.092347233333333_lon--49.84611913333333.png,20250809_180223_231469,-6.092347233,-49.84611913,47.9,15,0,0,straight
frame_124_lat--6.092394166666667_lon--49.846104933333336.png,20250809_180224_206663,-6.092394167,-49.84610493,53.23,15,0,0,straight
frame_125_lat--6.0924407_lon--49.846089400000004.png,20250809_180225_238619,-6.0924407,-49.8460894,58.55,15,0,0,straight
frame_126_lat--6.092487966666666_lon--49.84607493333334.png,20250809_180226_216069,-6.092487967,-49.84607493,63.95,15,0,0,straight
frame_127_lat--6.092536466666665_lon--49.84606223333334.png,20250809_180227_283832,-6.092536467,-49.84606223,69.46,15,0,0,straight
frame_128_lat--6.092586066666667_lon--49.84605073333333.png,20250809_180228_226159,-6.092586067,-49.84605073,75.08,15,0,0,straight
frame_129_lat--6.092636166666667_lon--49.846039899999994.png,20250809_180229_196213,-6.092636167,-49.8460399,80.74,15,0,0,straight
frame_130_lat--6.092686433333332_lon--49.8460295.png,20250809_180230_220679,-6.092686433,-49.8460295,86.11,8,0,0,straight
frame_131_lat--6.0927365333333325_lon--49.846018833333325.png,20250809_180231_256784,-6.092736533,-49.84601883,82.68,8,0,0,straight
frame_132_lat--6.0927864666666665_lon--49.846007199999995.png,20250809_180232_218451,-6.092786467,-49.8460072,79.6,8,0,0,straight
frame_133_lat--6.0928363_lon--49.84599473333333.png,20250809_180233_284802,-6.0928363,-49.84599473,76.88,8,0,0,straight
frame_134_lat--6.0928862_lon--49.84598213333332.png,20250809_180234_229717,-6.0928862,-49.84598213,74.51,8,0,0,straight
frame_135_lat--6.092936166666666_lon--49.845969966666665.png,20250809_180235_200367,-6.092936167,-49.84596997,72.47,8,0,0,straight
frame_136_lat--6.092986166666668_lon--49.84595823333334.png,20250809_180236_236331,-6.092986167,-49.84595823,70.78,8,0,0,straight
frame_137_lat--6.093036166666667_lon--49.845946966666666.png,20250809_180237_207035,-6.093036167,-49.84594697,69.47,8,0,0,straight
frame_138_lat--6.0930857666666665_lon--49.845936066666674.png,20250809_180238_239302,-6.093085767,-49.84593607,68.58,8,0,0,straight
frame_139_lat--6.093133366666667_lon--49.8459259.png,20250809_180239_212517,-6.093133367,-49.8459259,68.11,8,0,0,straight
frame_140_lat--6.093176233333333_lon--49.845917099999994.png,20250809_180240_270678,-6.093176233,-49.8459171,68.02,8,0,0,straight
frame_141_lat--6.0932126333333345_lon--49.845911433333335.png,20250809_180241_225098,-6.093212633,-49.84591143,68.02,8,0,0,straight
frame_142_lat--6.093242300000001_lon--49.8459113.png,20250809_180242_199869,-6.0932423,-49.8459113,67.7,8,0,0,straight
frame_143_lat--6.093266333333332_lon--49.845917666666665.png,20250809_180243_230021,-6.093266333,-49.84591767,66.84,8,0,0,straight
frame_144_lat--6.0932854333333335_lon--49.845930700000004.png,20250809_180244_202139,-6.093285433,-49.8459307,65.35,8,0,0,straight
frame_145_lat--6.093299733333334_lon--49.84595013333333.png,20250809_180245_236705,-6.093299733,-49.84595013,63.2,8,0,0,straight
frame_146_lat--6.093308866666666_lon--49.84597506666667.png,20250809_180246_213525,-6.093308867,-49.84597507,60.47,8,0,0,straight
frame_147_lat--6.093313200000001_lon--49.84600383333333.png,20250809_180247_237423,-6.0933132,-49.84600383,57.31,8,0,0,straight
frame_148_lat--6.093313766666666_lon--49.8460347.png,20250809_180248_210219,-6.093313767,-49.8460347,53.89,8,0,0,straight
frame_149_lat--6.093311999999999_lon--49.84606696666667.png,20250809_180249_256898,-6.093312,-49.84606697,50.32,8,0,0,straight
frame_150_lat--6.093309499999998_lon--49.84610013333333.png,20250809_180250_237642,-6.0933095,-49.84610013,46.64,8,0,0,straight
frame_151_lat--6.093307299999998_lon--49.8461332.png,20250809_180251_208991,-6.0933073,-49.8461332,42.97,8,0,0,straight
frame_152_lat--6.093305633333332_lon--49.84616586666667.png,20250809_180252_241550,-6.093305633,-49.84616587,39.35,8,0,0,straight
frame_153_lat--6.093304566666666_lon--49.846199666666664.png,20250809_180253_216139,-6.093304567,-49.84619967,35.61,8,0,0,straight
frame_154_lat--6.093304033333334_lon--49.84623563333333.png,20250809_180254_287246,-6.093304033,-49.84623563,31.63,8,0,0,straight
frame_155_lat--6.093303733333334_lon--49.846273.png,20250809_180255_214565,-6.093303733,-49.846273,27.49,8,0,0,straight
frame_156_lat--6.0933033_lon--49.8463103.png,20250809_180256_270064,-6.0933033,-49.8463103,23.37,8,0,0,straight
frame_157_lat--6.0933028333333334_lon--49.84634676666667.png,20250809_180257_219293,-6.093302833,-49.84634677,19.34,8,0,0,straight
frame_158_lat--6.093302566666667_lon--49.84638176666667.png,20250809_180258_294782,-6.093302567,-49.84638177,15.47,8,0,0,straight
frame_159_lat--6.093302500000001_lon--49.84641416666667.png,20250809_180259_216844,-6.0933025,-49.84641417,11.91,8,0,0,straight
frame_160_lat--6.093302366666667_lon--49.84644206666667.png,20250809_180300_257850,-6.093302367,-49.84644207,8.84,8,0,0,intersection
frame_161_lat--6.093302166666668_lon--49.846465066666674.png,20250809_180301_221543,-6.093302167,-49.84646507,6.34,8,0,0,intersection
frame_162_lat--6.093301833333332_lon--49.84648513333334.png,20250809_180302_301234,-6.093301833,-49.84648513,4.18,8,0,0,intersection
frame_163_lat--6.0933014_lon--49.84650473333333.png,20250809_180303_231993,-6.0933014,-49.84650473,2.2,8,0,0,intersection
frame_164_lat--6.093300566666667_lon--49.846525433333326.png,20250809_180304_205356,-6.093300567,-49.84652543,1.27,8,0,0,intersection
frame_165_lat--6.093299533333334_lon--49.84654846666666.png,20250809_180305_239890,-6.093299533,-49.84654847,3.22,8,0,0,intersection
frame_166_lat--6.0932996_lon--49.84657406666666.png,20250809_180306_199557,-6.0932996,-49.84657407,5.97,8,0,0,intersection
frame_167_lat--6.093301599999999_lon--49.846601299999996.png,20250809_180307_236070,-6.0933016,-49.8466013,8.98,8,0,0,intersection
frame_168_lat--6.0933044333333335_lon--49.84662913333334.png,20250809_180308_207335,-6.093304433,-49.84662913,12.08,8,0,0,straight
frame_169_lat--6.093306433333333_lon--49.846656366666664.png,20250809_180309_243199,-6.093306433,-49.84665637,15.09,8,0,0,straight
frame_170_lat--6.093307333333334_lon--49.8466815.png,20250809_180310_204759,-6.093307333,-49.8466815,17.87,8,0,0,straight
frame_171_lat--6.0933074666666664_lon--49.846705.png,20250809_180311_227064,-6.093307467,-49.846705,20.46,8,0,0,straight
frame_172_lat--6.0933072_lon--49.84672873333333.png,20250809_180312_230041,-6.0933072,-49.84672873,23.07,8,0,0,straight
frame_173_lat--6.093306733333334_lon--49.846754266666665.png,20250809_180313_202126,-6.093306733,-49.84675427,25.89,8,0,0,straight
frame_174_lat--6.093305966666667_lon--49.84678206666668.png,20250809_180314_230698,-6.093305967,-49.84678207,28.95,8,0,0,straight
frame_175_lat--6.093304533333333_lon--49.8468122.png,20250809_180315_204953,-6.093304533,-49.8468122,32.27,8,0,0,straight
frame_176_lat--6.093302566666665_lon--49.84684466666666.png,20250809_180316_232116,-6.093302567,-49.84684467,35.86,8,0,0,straight
frame_177_lat--6.0933003333333335_lon--49.846878399999994.png,20250809_180317_200900,-6.093300333,-49.8468784,34.79,4,0,0,straight
frame_178_lat--6.093298233333333_lon--49.84691146666666.png,20250809_180318_241823,-6.093298233,-49.84691147,31.14,4,0,0,straight
frame_179_lat--6.093296566666667_lon--49.84694293333334.png,20250809_180319_207952,-6.093296567,-49.84694293,27.68,4,0,0,straight
frame_180_lat--6.093295066666666_lon--49.846973166666665.png,20250809_180320_240629,-6.093295067,-49.84697317,24.36,4,0,0,straight
frame_181_lat--6.093293833333332_lon--49.84700213333333.png,20250809_180321_210190,-6.093293833,-49.84700213,21.2,4,0,0,straight
frame_182_lat--6.093292566666666_lon--49.847028933333334.png,20250809_180322_245302,-6.093292567,-49.84702893,18.28,4,0,0,straight
frame_183_lat--6.0932911333333335_lon--49.8470532.png,20250809_180323_221306,-6.093291133,-49.8470532,15.64,4,0,0,straight
frame_184_lat--6.0932895_lon--49.84707556666667.png,20250809_180324_298605,-6.0932895,-49.84707557,13.22,4,0,0,straight
frame_185_lat--6.0932881000000005_lon--49.847096433333334.png,20250809_180325_223496,-6.0932881,-49.84709643,11,4,0,0,straight
frame_186_lat--6.093287166666667_lon--49.84711456666667.png,20250809_180326_200853,-6.093287167,-49.84711457,9.11,4,0,0,straight
frame_187_lat--6.093286366666667_lon--49.84712996666667.png,20250809_180327_230082,-6.093286367,-49.84712997,7.56,4,0,0,intersection
frame_188_lat--6.093285466666666_lon--49.84714456666667.png,20250809_180328_207580,-6.093285467,-49.84714457,6.16,4,0,0,intersection
frame_189_lat--6.093284466666667_lon--49.84716083333333.png,20250809_180329_243111,-6.093284467,-49.84716083,4.76,4,0,0,intersection
frame_190_lat--6.0932832_lon--49.84717963333333.png,20250809_180330_216395,-6.0932832,-49.84717963,3.6,4,0,0,intersection
frame_191_lat--6.0932813999999995_lon--49.84720086666667.png,20250809_180331_284285,-6.0932814,-49.84720087,3.51,4,0,0,intersection
frame_192_lat--6.093279066666666_lon--49.847223966666675.png,20250809_180332_229547,-6.093279067,-49.84722397,4.89,4,0,0,intersection
frame_193_lat--6.093276533333333_lon--49.847248966666676.png,20250809_180333_208416,-6.093276533,-49.84724897,7.17,4,0,0,intersection
frame_194_lat--6.093274200000001_lon--49.84727683333333.png,20250809_180334_271516,-6.0932742,-49.84727683,10.03,4,0,0,straight
frame_195_lat--6.093272099999999_lon--49.847308899999994.png,20250809_180335_228697,-6.0932721,-49.8473089,13.46,4,0,0,straight
frame_196_lat--6.0932707_lon--49.84734546666666.png,20250809_180336_201186,-6.0932707,-49.84734547,17.44,4,0,0,straight
frame_197_lat--6.093270033333334_lon--49.84738646666666.png,20250809_180337_223309,-6.093270033,-49.84738647,21.95,4,0,0,straight
frame_198_lat--6.0932698_lon--49.8474292.png,20250809_180338_194914,-6.0932698,-49.8474292,26.66,4,0,0,straight
frame_199_lat--6.093269566666668_lon--49.84747043333333.png,20250809_180339_236618,-6.093269567,-49.84747043,31.21,4,0,0,straight
frame_200_lat--6.0932692_lon--49.8475097.png,20250809_180340_202689,-6.0932692,-49.8475097,35.55,4,0,0,straight
frame_201_lat--6.093268133333334_lon--49.847549199999996.png,20250809_180341_229194,-6.093268133,-49.8475492,39.91,4,0,0,straight
frame_202_lat--6.0932659000000005_lon--49.8475907.png,20250809_180342_204409,-6.0932659,-49.8475907,44.49,4,0,0,straight
frame_203_lat--6.093262766666667_lon--49.847634166666666.png,20250809_180343_243260,-6.093262767,-49.84763417,41.29,2,0,0,straight
frame_204_lat--6.093259233333333_lon--49.8476788.png,20250809_180344_216711,-6.093259233,-49.8476788,36.37,2,0,0,straight
frame_205_lat--6.093255933333333_lon--49.847723800000004.png,20250809_180345_273090,-6.093255933,-49.8477238,31.42,2,0,0,straight
frame_206_lat--6.0932537333333325_lon--49.8477687.png,20250809_180346_225618,-6.093253733,-49.8477687,26.48,2,0,0,straight
frame_207_lat--6.093253300000001_lon--49.84781276666667.png,20250809_180347_200384,-6.0932533,-49.84781277,21.63,2,0,0,straight
frame_208_lat--6.093254800000001_lon--49.84785430000001.png,20250809_180348_234254,-6.0932548,-49.8478543,17.05,2,0,0,straight
frame_209_lat--6.093257966666667_lon--49.84789076666667.png,20250809_180349_204361,-6.093257967,-49.84789077,13,2,0,0,straight
frame_210_lat--6.0932623_lon--49.84792026666666.png,20250809_180350_244316,-6.0932623,-49.84792027,9.7,2,0,0,straight
frame_211_lat--6.093267633333334_lon--49.84794343333334.png,20250809_180351_213298,-6.093267633,-49.84794343,7.08,2,0,0,intersection
frame_212_lat--6.0932755_lon--49.84796243333333.png,20250809_180352_260745,-6.0932755,-49.84796243,4.93,2,0,0,intersection
frame_213_lat--6.093288066666666_lon--49.847977966666654.png,20250809_180353_225335,-6.093288067,-49.84797797,3.52,2,0,0,intersection
frame_214_lat--6.093305733333334_lon--49.84798873333333.png,20250809_180354_202035,-6.093305733,-49.84798873,3.95,2,0,0,intersection
frame_215_lat--6.093325866666666_lon--49.84799383333333.png,20250809_180355_234536,-6.093325867,-49.84799383,5.81,2,0,0,intersection
frame_216_lat--6.093345733333335_lon--49.84799436666667.png,20250809_180356_209148,-6.093345733,-49.84799437,7.95,2,0,0,intersection
frame_217_lat--6.093363066666667_lon--49.84799206666666.png,20250809_180357_240702,-6.093363067,-49.84799207,9.88,2,0,0,intersection
frame_218_lat--6.0933762_lon--49.847988566666665.png,20250809_180358_215872,-6.0933762,-49.84798857,11.38,2,0,0,straight
frame_219_lat--6.0933925_lon--49.84798143333334.png,20250809_180400_121896,-6.0933925,-49.84798143,13.3,2,9.02,8.16,straight
frame_220_lat--6.093418433333333_lon--49.847965066666674.png,20250809_180402_239640,-6.093418433,-49.84796507,16.53,2,0,0,straight
frame_221_lat--6.0934371_lon--49.8479507.png,20250809_180403_213322,-6.0934371,-49.8479507,18.98,2,0,0,straight
frame_222_lat--6.093457966666667_lon--49.847933033333334.png,20250809_180404_255708,-6.093457967,-49.84793303,21.83,2,0,0,straight
frame_223_lat--6.093479833333333_lon--49.84791383333334.png,20250809_180405_225331,-6.093479833,-49.84791383,24.89,2,0,0,straight
frame_224_lat--6.093502366666667_lon--49.847893266666674.png,20250809_180406_298393,-6.093502367,-49.84789327,28.12,2,0,0,straight
frame_225_lat--6.0935261_lon--49.8478711.png,20250809_180407_233744,-6.0935261,-49.8478711,31.58,2,0,0,straight
frame_226_lat--6.093551733333333_lon--49.847846833333335.png,20250809_180408_206293,-6.093551733,-49.84784683,35.37,2,0,0,straight
frame_227_lat--6.093580033333333_lon--49.8478213.png,20250809_180409_270740,-6.093580033,-49.8478213,39.5,2,0,0,straight
frame_228_lat--6.093611633333332_lon--49.84779523333334.png,20250809_180410_216458,-6.093611633,-49.84779523,43.99,2,0,0,straight
frame_229_lat--6.093646266666666_lon--49.84776876666666.png,20250809_180411_299294,-6.093646267,-49.84776877,48.8,2,0,0,straight
frame_230_lat--6.093683233333333_lon--49.84774193333334.png,20250809_180412_224316,-6.093683233,-49.84774193,50.8,6,0,0,straight
frame_231_lat--6.093721500000001_lon--49.847714933333336.png,20250809_180413_197672,-6.0937215,-49.84771493,45.66,6,0,0,straight
frame_232_lat--6.093760466666668_lon--49.847687866666675.png,20250809_180414_237620,-6.093760467,-49.84768787,40.48,6,0,0,straight
frame_233_lat--6.093798833333333_lon--49.84766086666667.png,20250809_180415_210632,-6.093798833,-49.84766087,35.37,6,0,0,straight
frame_234_lat--6.093836033333334_lon--49.847634833333345.png,20250809_180416_256763,-6.093836033,-49.84763483,30.45,6,0,0,straight
frame_235_lat--6.093872599999999_lon--49.84761066666666.png,20250809_180417_223459,-6.0938726,-49.84761067,25.77,6,0,0,straight
frame_236_lat--6.0939084999999995_lon--49.847589000000006.png,20250809_180418_200151,-6.0939085,-49.847589,21.44,6,0,0,straight
frame_237_lat--6.093942433333333_lon--49.8475696.png,20250809_180419_237927,-6.093942433,-49.8475696,17.59,6,0,0,straight
frame_238_lat--6.0939733_lon--49.847551633333325.png,20250809_180420_211095,-6.0939733,-49.84755163,14.3,6,0,0,straight
frame_239_lat--6.094000333333333_lon--49.84753286666667.png,20250809_180421_257737,-6.094000333,-49.84753287,11.42,6,0,0,straight
frame_240_lat--6.094021366666667_lon--49.847511.png,20250809_180422_224490,-6.094021367,-49.847511,8.75,6,0,0,intersection
frame_241_lat--6.0940332333333345_lon--49.84748546666667.png,20250809_180423_199010,-6.094033233,-49.84748547,6.05,6,0,0,intersection
frame_242_lat--6.094034533333334_lon--49.84745746666666.png,20250809_180424_237152,-6.094034533,-49.84745747,3.14,6,0,0,intersection
frame_243_lat--6.094027333333334_lon--49.8474281.png,20250809_180425_200083,-6.094027333,-49.8474281,0.73,6,0,0,intersection
frame_244_lat--6.0940157_lon--49.847397266666675.png,20250809_180426_239865,-6.0940157,-49.84739727,3.91,6,0,0,intersection
frame_245_lat--6.094002566666666_lon--49.84736476666667.png,20250809_180427_211190,-6.094002567,-49.84736477,7.75,6,0,0,intersection
frame_246_lat--6.0939890666666665_lon--49.84733076666667.png,20250809_180428_256419,-6.093989067,-49.84733077,11.78,6,0,0,straight
frame_247_lat--6.093975366666666_lon--49.847295733333326.png,20250809_180429_203865,-6.093975367,-49.84729573,15.94,6,0,0,straight
frame_248_lat--6.093961566666667_lon--49.84726013333333.png,20250809_180430_230410,-6.093961567,-49.84726013,20.16,6,0,0,straight
frame_249_lat--6.093947866666667_lon--49.847224999999995.png,20250809_180431_204273,-6.093947867,-49.847225,24.34,6,0,0,straight
frame_250_lat--6.093934766666666_lon--49.84719116666666.png,20250809_180432_241448,-6.093934767,-49.84719117,24.89,5,0,0,straight
frame_251_lat--6.093922866666667_lon--49.84715966666666.png,20250809_180433_215314,-6.093922867,-49.84715967,21.22,5,0,0,straight
frame_252_lat--6.093912066666666_lon--49.847131433333324.png,20250809_180434_283551,-6.093912067,-49.84713143,17.94,5,0,0,straight
frame_253_lat--6.0939016666666666_lon--49.847106866666664.png,20250809_180435_218146,-6.093901667,-49.84710687,15.04,5,0,0,straight
frame_254_lat--6.093891033333334_lon--49.847085500000006.png,20250809_180436_284035,-6.093891033,-49.8470855,12.44,5,0,0,straight
frame_255_lat--6.0938798_lon--49.847067100000004.png,20250809_180437_231623,-6.0938798,-49.8470671,10.07,5,0,0,straight
frame_256_lat--6.0938685999999995_lon--49.84705253333334.png,20250809_180438_208360,-6.0938686,-49.84705253,8.04,5,0,0,intersection
frame_257_lat--6.093857966666667_lon--49.84704186666667.png,20250809_180439_239357,-6.093857967,-49.84704187,6.38,5,0,0,intersection
frame_258_lat--6.093846433333333_lon--49.847033833333334.png,20250809_180440_204710,-6.093846433,-49.84703383,4.92,5,0,0,intersection
frame_259_lat--6.093831166666666_lon--49.84702746666667.png,20250809_180441_239943,-6.093831167,-49.84702747,3.6,5,0,0,intersection
frame_260_lat--6.093810066666667_lon--49.84702356666667.png,20250809_180442_211553,-6.093810067,-49.84702357,3.37,5,0,0,intersection
frame_261_lat--6.0937836_lon--49.84702373333334.png,20250809_180443_206266,-6.0937836,-49.84702373,5.33,5,0,0,intersection
frame_262_lat--6.093753866666667_lon--49.847028433333335.png,20250809_180444_257182,-6.093753867,-49.84702843,8.45,5,0,0,intersection
frame_263_lat--6.093722466666667_lon--49.847036666666654.png,20250809_180445_223041,-6.093722467,-49.84703667,11.99,5,0,0,straight
frame_264_lat--6.093690166666667_lon--49.84704703333333.png,20250809_180446_296878,-6.093690167,-49.84704703,15.74,5,0,0,straight
frame_265_lat--6.093657966666666_lon--49.8470589.png,20250809_180447_225514,-6.093657967,-49.8470589,19.53,5,0,0,straight
frame_266_lat--6.093627199999999_lon--49.847071799999995.png,20250809_180448_197226,-6.0936272,-49.8470718,23.22,5,0,0,straight
frame_267_lat--6.093598166666666_lon--49.847085533333335.png,20250809_180449_232978,-6.093598167,-49.84708553,26.77,5,0,0,straight
frame_268_lat--6.0935699_lon--49.847099700000015.png,20250809_180450_199573,-6.0935699,-49.8470997,30.25,5,0,0,straight
frame_269_lat--6.093541666666667_lon--49.84711383333334.png,20250809_180451_231112,-6.093541667,-49.84711383,33.1,4,0,0,straight
frame_270_lat--6.093513200000001_lon--49.84712703333334.png,20250809_180452_206705,-6.0935132,-49.84712703,29.69,4,0,0,straight
frame_271_lat--6.093484733333332_lon--49.847139133333336.png,20250809_180453_237610,-6.093484733,-49.84713913,26.32,4,0,0,straight
frame_272_lat--6.093456466666668_lon--49.84714993333334.png,20250809_180454_228279,-6.093456467,-49.84714993,23.02,4,0,0,straight
frame_273_lat--6.093428666666666_lon--49.84715953333334.png,20250809_180455_201567,-6.093428667,-49.84715953,19.81,4,0,0,straight
frame_274_lat--6.0934012_lon--49.8471684.png,20250809_180456_236456,-6.0934012,-49.8471684,16.66,4,0,0,straight
frame_275_lat--6.093374066666667_lon--49.847176866666665.png,20250809_180457_205549,-6.093374067,-49.84717687,13.57,4,0,0,straight
frame_276_lat--6.093347133333333_lon--49.84718506666667.png,20250809_180458_236987,-6.093347133,-49.84718507,10.53,4,0,0,straight
frame_277_lat--6.093320033333334_lon--49.84719303333334.png,20250809_180459_204901,-6.093320033,-49.84719303,7.54,4,0,0,intersection
frame_278_lat--6.093292066666667_lon--49.8472013.png,20250809_180500_235408,-6.093292067,-49.8472013,4.64,4,0,0,intersection
frame_279_lat--6.0932631_lon--49.847210133333334.png,20250809_180501_205052,-6.0932631,-49.84721013,2.64,4,0,0,intersection
frame_280_lat--6.093233233333334_lon--49.84721976666667.png,20250809_180502_237623,-6.093233233,-49.84721977,3.99,4,0,0,intersection
frame_281_lat--6.093202033333332_lon--49.84723003333333.png,20250809_180503_205479,-6.093202033,-49.84723003,7.15,4,0,0,intersection
frame_282_lat--6.093168666666666_lon--49.84724076666667.png,20250809_180504_240522,-6.093168667,-49.84724077,10.85,4,0,0,straight
frame_283_lat--6.0931327333333325_lon--49.8472525.png,20250809_180505_219172,-6.093132733,-49.8472525,14.95,4,0,0,straight
frame_284_lat--6.093094433333333_lon--49.8472653.png,20250809_180506_296452,-6.093094433,-49.8472653,19.36,4,0,0,straight
frame_285_lat--6.093054566666668_lon--49.84727863333334.png,20250809_180507_219460,-6.093054567,-49.84727863,23.98,4,0,0,straight
frame_286_lat--6.093014033333334_lon--49.84729106666667.png,20250809_180508_301003,-6.093014033,-49.84729107,28.64,4,0,0,straight
frame_287_lat--6.092972966666666_lon--49.84730126666667.png,20250809_180509_232193,-6.092972967,-49.84730127,33.27,4,0,0,straight
frame_288_lat--6.092931166666666_lon--49.84730933333333.png,20250809_180510_207987,-6.092931167,-49.84730933,37.9,4,0,0,straight
frame_289_lat--6.092888499999999_lon--49.847316766666665.png,20250809_180511_242327,-6.0928885,-49.84731677,42.61,4,0,0,straight
frame_290_lat--6.092845133333333_lon--49.84732459999999.png,20250809_180512_210028,-6.092845133,-49.8473246,47.43,4,0,0,straight
frame_291_lat--6.092801933333334_lon--49.84733296666666.png,20250809_180513_240494,-6.092801933,-49.84733297,52.26,4,0,0,straight
frame_292_lat--6.092759833333334_lon--49.847341633333336.png,20250809_180514_218072,-6.092759833,-49.84734163,56.99,4,0,0,straight
frame_293_lat--6.092719133333334_lon--49.84735036666666.png,20250809_180515_287663,-6.092719133,-49.84735037,58.31,9,0,0,straight
frame_294_lat--6.092679366666667_lon--49.84735906666666.png,20250809_180516_231523,-6.092679367,-49.84735907,53.83,9,0,0,straight
frame_295_lat--6.0926401666666665_lon--49.84736773333333.png,20250809_180517_204418,-6.092640167,-49.84736773,49.4,9,0,0,straight
frame_296_lat--6.092601366666666_lon--49.8473768.png,20250809_180518_244668,-6.092601367,-49.8473768,45.02,9,0,0,straight
frame_297_lat--6.092562733333333_lon--49.84738660000001.png,20250809_180519_218012,-6.092562733,-49.8473866,40.66,9,0,0,straight
frame_298_lat--6.092523699999999_lon--49.84739706666666.png,20250809_180520_281490,-6.0925237,-49.84739707,36.25,9,0,0,straight
frame_299_lat--6.092483566666667_lon--49.84740756666666.png,20250809_180521_223884,-6.092483567,-49.84740757,31.74,9,0,0,straight
frame_300_lat--6.092442233333334_lon--49.84741759999999.png,20250809_180522_201530,-6.092442233,-49.8474176,27.13,9,0,0,straight
frame_301_lat--6.092400100000001_lon--49.8474269.png,20250809_180523_234099,-6.0924001,-49.8474269,22.46,9,0,0,straight
frame_302_lat--6.092358533333334_lon--49.84743540000001.png,20250809_180524_202122,-6.092358533,-49.8474354,17.91,9,0,0,straight
frame_303_lat--6.092318766666667_lon--49.84744340000001.png,20250809_180525_239693,-6.092318767,-49.8474434,13.64,9,0,0,straight
frame_304_lat--6.092280833333334_lon--49.84745136666667.png,20250809_180526_212352,-6.092280833,-49.84745137,9.75,9,0,0,straight
frame_305_lat--6.092243333333334_lon--49.847459666666666.png,20250809_180527_245054,-6.092243333,-49.84745967,6.47,9,0,0,intersection
frame_306_lat--6.092205300000001_lon--49.84746843333333.png,20250809_180528_209313,-6.0922053,-49.84746843,5,9,0,0,intersection
frame_307_lat--6.092166633333333_lon--49.8474779.png,20250809_180529_224078,-6.092166633,-49.8474779,6.85,9,0,0,intersection
frame_308_lat--6.092127633333334_lon--49.8474884.png,20250809_180530_273949,-6.092127633,-49.8474884,10.47,9,0,0,straight
frame_309_lat--6.092088300000001_lon--49.847499899999995.png,20250809_180531_223029,-6.0920883,-49.8474999,14.67,9,0,0,straight
frame_310_lat--6.0920482666666675_lon--49.84751246666666.png,20250809_180532_298816,-6.092048267,-49.84751247,19.14,9,0,0,straight
frame_311_lat--6.092007333333333_lon--49.84752596666667.png,20250809_180533_237112,-6.092007333,-49.84752597,23.82,9,0,0,straight
frame_312_lat--6.091965566666667_lon--49.84754020000001.png,20250809_180534_218557,-6.091965567,-49.8475402,28.64,9,0,0,straight
frame_313_lat--6.0919229_lon--49.8475549.png,20250809_180535_300520,-6.0919229,-49.8475549,33.6,9,0,0,straight
frame_314_lat--6.091879166666666_lon--49.847570166666664.png,20250809_180536_226480,-6.091879167,-49.84757017,38.69,9,0,0,straight
frame_315_lat--6.091834466666667_lon--49.84758663333333.png,20250809_180537_201396,-6.091834467,-49.84758663,43.95,9,0,0,straight
frame_316_lat--6.0917894666666665_lon--49.84760453333333.png,20250809_180538_241106,-6.091789467,-49.84760453,49.3,9,0,0,straight
frame_317_lat--6.0917454_lon--49.8476235.png,20250809_180539_218124,-6.0917454,-49.8476235,54.61,9,0,0,straight
frame_318_lat--6.091703433333334_lon--49.847642699999994.png,20250809_180540_296285,-6.091703433,-49.8476427,59.71,9,0,0,straight
frame_319_lat--6.091662766666667_lon--49.847662533333335.png,20250809_180541_228233,-6.091662767,-49.84766253,64.71,9,0,0,straight
frame_320_lat--6.091621466666668_lon--49.84768353333334.png,20250809_180542_300632,-6.091621467,-49.84768353,69.83,9,0,0,straight
frame_321_lat--6.091578433333334_lon--49.84770503333334.png,20250809_180543_232556,-6.091578433,-49.84770503,75.15,9,0,0,straight
frame_322_lat--6.0915344666666655_lon--49.847725266666664.png,20250809_180544_205029,-6.091534467,-49.84772527,80.5,9,0,0,straight
frame_323_lat--6.091490566666667_lon--49.84774363333333.png,20250809_180545_239850,-6.091490567,-49.84774363,80.51,11,0,0,straight
frame_324_lat--6.091446833333333_lon--49.84776130000001.png,20250809_180546_210621,-6.091446833,-49.8477613,75.3,11,0,0,straight
frame_325_lat--6.091402733333334_lon--49.84777963333333.png,20250809_180547_235494,-6.091402733,-49.84777963,70.02,11,0,0,straight
frame_326_lat--6.091358566666668_lon--49.8477987.png,20250809_180548_210746,-6.091358567,-49.8477987,64.7,11,0,0,straight
frame_327_lat--6.0913154333333335_lon--49.8478179.png,20250809_180549_269116,-6.091315433,-49.8478179,59.49,11,0,0,straight
frame_328_lat--6.0912738_lon--49.84783710000001.png,20250809_180550_221169,-6.0912738,-49.8478371,54.44,11,0,0,straight
frame_329_lat--6.091233266666667_lon--49.847856566666664.png,20250809_180551_294980,-6.091233267,-49.84785657,49.5,11,0,0,straight
frame_330_lat--6.091192833333333_lon--49.8478761.png,20250809_180552_229191,-6.091192833,-49.8478761,44.57,11,0,0,straight
frame_331_lat--6.091152166666667_lon--49.847895400000006.png,20250809_180553_204181,-6.091152167,-49.8478954,39.64,11,0,0,straight
frame_332_lat--6.091112000000001_lon--49.847914133333326.png,20250809_180554_224717,-6.091112,-49.84791413,34.78,11,0,0,straight
frame_333_lat--6.091073233333334_lon--49.84793153333334.png,20250809_180555_298195,-6.091073233,-49.84793153,30.14,11,0,0,straight
frame_334_lat--6.091036066666667_lon--49.847947500000004.png,20250809_180556_224209,-6.091036067,-49.8479475,25.72,11,0,0,straight
frame_335_lat--6.091000800000001_lon--49.847962.png,20250809_180557_284923,-6.0910008,-49.847962,21.56,11,0,0,straight
frame_336_lat--6.090967933333333_lon--49.84797506666668.png,20250809_180558_229157,-6.090967933,-49.84797507,17.72,11,0,0,straight
frame_337_lat--6.090938500000001_lon--49.8479864.png,20250809_180559_231353,-6.0909385,-49.8479864,14.31,11,0,0,straight
frame_338_lat--6.090914300000001_lon--49.84799503333333.png,20250809_180600_208592,-6.0909143,-49.84799503,11.56,11,0,0,straight
frame_339_lat--6.090897066666666_lon--49.84800066666667.png,20250809_180601_240832,-6.090897067,-49.84800067,9.63,11,0,0,straight
frame_340_lat--6.090874466666667_lon--49.84800636666667.png,20250809_180603_170623,-6.090874467,-49.84800637,7.15,11,10.69,357.58,intersection
frame_341_lat--6.090845966666666_lon--49.84800753333333.png,20250809_180605_202780,-6.090845967,-49.84800753,4.02,11,0,0,intersection
frame_342_lat--6.090828833333333_lon--49.84800359999999.png,20250809_180606_235307,-6.090828833,-49.8480036,2.09,11,0,0,intersection
frame_343_lat--6.090811633333334_lon--49.84799449999999.png,20250809_180607_208712,-6.090811633,-49.8479945,0.85,11,0,0,intersection
frame_344_lat--6.090795933333334_lon--49.847979566666666.png,20250809_180608_236937,-6.090795933,-49.84797957,2.93,11,0,0,intersection
frame_345_lat--6.0907815_lon--49.84795826666667.png,20250809_180609_214954,-6.0907815,-49.84795827,5.78,11,0,0,intersection
frame_346_lat--6.090767000000001_lon--49.847930266666665.png,20250809_180610_285384,-6.090767,-49.84793027,9.26,11,0,0,intersection
frame_347_lat--6.0907512_lon--49.84789653333333.png,20250809_180611_228949,-6.0907512,-49.84789653,13.36,11,0,0,straight
frame_348_lat--6.090733733333333_lon--49.84785883333333.png,20250809_180612_200884,-6.090733733,-49.84785883,17.95,11,0,0,straight
frame_349_lat--6.090714833333333_lon--49.84781806666666.png,20250809_180613_236948,-6.090714833,-49.84781807,22.92,11,0,0,straight
frame_350_lat--6.090694733333334_lon--49.84777486666666.png,20250809_180614_210701,-6.090694733,-49.84777487,28.19,11,0,0,straight
frame_351_lat--6.0906739666666665_lon--49.84773043333333.png,20250809_180615_269621,-6.090673967,-49.84773043,33.62,11,0,0,straight
frame_352_lat--6.0906529_lon--49.84768620000001.png,20250809_180616_220222,-6.0906529,-49.8476862,33.4,13,0,0,straight
frame_353_lat--6.090631700000001_lon--49.84764326666667.png,20250809_180617_260147,-6.0906317,-49.84764327,28.11,13,0,0,straight
frame_354_lat--6.0906112_lon--49.847602433333336.png,20250809_180618_258764,-6.0906112,-49.84760243,23.06,13,0,0,straight
frame_355_lat--6.090592666666667_lon--49.84756433333333.png,20250809_180619_222573,-6.090592667,-49.84756433,18.38,13,0,0,straight
frame_356_lat--6.090578866666666_lon--49.847529900000005.png,20250809_180620_201004,-6.090578867,-49.8475299,14.35,13,0,0,straight
frame_357_lat--6.090572066666666_lon--49.8475009.png,20250809_180621_241007,-6.090572067,-49.8475009,11.32,13,0,0,straight
frame_358_lat--6.0905724333333335_lon--49.84747803333333.png,20250809_180622_215921,-6.090572433,-49.84747803,9.53,13,0,0,straight
frame_359_lat--6.090578633333334_lon--49.84745983333333.png,20250809_180623_270830,-6.090578633,-49.84745983,8.96,13,0,0,intersection
frame_360_lat--6.090589266666667_lon--49.8474437.png,20250809_180624_226268,-6.090589267,-49.8474437,9.41,13,0,0,intersection
frame_361_lat--6.090603966666667_lon--49.84742876666667.png,20250809_180625_199770,-6.090603967,-49.84742877,10.75,13,0,0,straight
frame_362_lat--6.090622833333334_lon--49.84741530000001.png,20250809_180626_240805,-6.090622833,-49.8474153,12.83,13,0,0,straight
frame_363_lat--6.090645966666666_lon--49.847403.png,20250809_180627_218327,-6.090645967,-49.847403,15.51,13,0,0,straight
frame_364_lat--6.090673033333333_lon--49.84739073333334.png,20250809_180628_300582,-6.090673033,-49.84739073,18.68,13,0,0,straight
frame_365_lat--6.090704333333333_lon--49.84737723333333.png,20250809_180629_237197,-6.090704333,-49.84737723,22.38,13,0,0,straight
frame_366_lat--6.0907386_lon--49.84736246666667.png,20250809_180630_209815,-6.0907386,-49.84736247,26.45,13,0,0,straight
frame_367_lat--6.090773333333333_lon--49.84734720000001.png,20250809_180631_256780,-6.090773333,-49.8473472,30.59,13,0,0,straight
frame_368_lat--6.0908076_lon--49.84733223333333.png,20250809_180632_223072,-6.0908076,-49.84733223,34.7,13,0,0,straight
frame_369_lat--6.0908422_lon--49.84731746666667.png,20250809_180633_290860,-6.0908422,-49.84731747,38.83,13,0,0,straight
frame_370_lat--6.090877900000001_lon--49.847302166666665.png,20250809_180634_230454,-6.0908779,-49.84730217,43.11,13,0,0,straight
frame_371_lat--6.090914333333334_lon--49.84728586666667.png,20250809_180635_206971,-6.090914333,-49.84728587,47.5,13,0,0,straight
frame_372_lat--6.090951133333333_lon--49.84726863333333.png,20250809_180636_269861,-6.090951133,-49.84726863,51.97,13,0,0,straight
frame_373_lat--6.090985933333333_lon--49.847252399999995.png,20250809_180637_212347,-6.090985933,-49.8472524,56.19,13,0,0,straight
frame_374_lat--6.091013466666667_lon--49.847240299999996.png,20250809_180638_257451,-6.091013467,-49.8472403,59.51,13,0,0,straight
frame_375_lat--6.091032266666668_lon--49.847233333333335.png,20250809_180639_217195,-6.091032267,-49.84723333,61.73,13,0,0,straight
frame_376_lat--6.091045533333334_lon--49.84722956666667.png,20250809_180640_279186,-6.091045533,-49.84722957,63.25,13,0,0,straight
frame_377_lat--6.091071166666666_lon--49.84722193333333.png,20250809_180642_203684,-6.091071167,-49.84722193,66.2,13,0,0,straight
frame_378_lat--6.091086866666666_lon--49.84721606666666.png,20250809_180643_257516,-6.091086867,-49.84721607,68.06,13,0,0,straight
frame_379_lat--6.091104433333332_lon--49.847208566666666.png,20250809_180644_213489,-6.091104433,-49.84720857,70.17,13,0,0,straight
frame_380_lat--6.091124399999999_lon--49.847199.png,20250809_180645_278248,-6.0911244,-49.847199,72.6,13,0,0,straight
frame_381_lat--6.0911481_lon--49.8471869.png,20250809_180646_226906,-6.0911481,-49.8471869,75.52,13,0,0,straight
frame_382_lat--6.0911762_lon--49.84717273333333.png,20250809_180647_198643,-6.0911762,-49.84717273,78.98,13,0,0,straight
frame_383_lat--6.0912082666666665_lon--49.84715726666667.png,20250809_180648_232425,-6.091208267,-49.84715727,82.9,13,0,0,straight
frame_384_lat--6.091243133333333_lon--49.84714086666666.png,20250809_180649_201753,-6.091243133,-49.84714087,87.15,13,0,0,straight
frame_385_lat--6.091279366666667_lon--49.84712410000001.png,20250809_180650_236898,-6.091279367,-49.8471241,91.56,13,0,0,straight
frame_386_lat--6.0913151999999995_lon--49.847107533333336.png,20250809_180651_214694,-6.0913152,-49.84710753,88.23,7,0,0,straight
frame_387_lat--6.091349800000001_lon--49.84709206666667.png,20250809_180652_270258,-6.0913498,-49.84709207,84.04,7,0,0,straight
frame_388_lat--6.0913834_lon--49.8470779.png,20250809_180653_214368,-6.0913834,-49.8470779,80.01,7,0,0,straight
frame_389_lat--6.091416300000001_lon--49.847063533333326.png,20250809_180654_270713,-6.0914163,-49.84706353,76.04,7,0,0,straight
frame_390_lat--6.0914488_lon--49.847048566666665.png,20250809_180655_225783,-6.0914488,-49.84704857,72.08,7,0,0,straight
frame_391_lat--6.091481466666666_lon--49.84703416666667.png,20250809_180656_284864,-6.091481467,-49.84703417,68.13,7,0,0,straight
frame_392_lat--6.091514733333332_lon--49.84702106666667.png,20250809_180657_225705,-6.091514733,-49.84702107,64.18,7,0,0,straight
frame_393_lat--6.091548566666667_lon--49.84700853333334.png,20250809_180658_239133,-6.091548567,-49.84700853,60.19,7,0,0,straight
frame_394_lat--6.091582733333334_lon--49.846995899999996.png,20250809_180659_210411,-6.091582733,-49.8469959,56.17,7,0,0,straight
frame_395_lat--6.091617033333334_lon--49.84698343333333.png,20250809_180700_254000,-6.091617033,-49.84698343,52.15,7,0,0,straight
frame_396_lat--6.091651166666667_lon--49.84697186666667.png,20250809_180701_213456,-6.091651167,-49.84697187,48.18,7,0,0,straight
frame_397_lat--6.091684766666669_lon--49.84696166666667.png,20250809_180702_258383,-6.091684767,-49.84696167,44.34,7,0,0,straight
frame_398_lat--6.091717066666667_lon--49.84695276666667.png,20250809_180703_217674,-6.091717067,-49.84695277,40.69,7,0,0,straight
frame_399_lat--6.091747466666668_lon--49.846944300000004.png,20250809_180704_281354,-6.091747467,-49.8469443,37.27,7,0,0,straight
frame_400_lat--6.0917761_lon--49.846935699999996.png,20250809_180705_221399,-6.0917761,-49.8469357,34.02,7,0,0,straight
frame_401_lat--6.091804033333333_lon--49.84692683333332.png,20250809_180706_285929,-6.091804033,-49.84692683,30.84,7,0,0,straight
frame_402_lat--6.0918322_lon--49.846917733333335.png,20250809_180707_226158,-6.0918322,-49.84691773,27.64,7,0,0,straight
frame_403_lat--6.091860933333333_lon--49.846908400000004.png,20250809_180708_296276,-6.091860933,-49.8469084,24.4,7,0,0,straight
frame_404_lat--6.091889666666667_lon--49.84689926666666.png,20250809_180709_230149,-6.091889667,-49.84689927,21.19,7,0,0,straight
frame_405_lat--6.091916900000001_lon--49.84689056666666.png,20250809_180710_198243,-6.0919169,-49.84689057,18.19,7,0,0,straight
frame_406_lat--6.091941433333334_lon--49.84688263333334.png,20250809_180711_239242,-6.091941433,-49.84688263,15.54,7,0,0,straight
frame_407_lat--6.091963333333333_lon--49.846875499999996.png,20250809_180712_215059,-6.091963333,-49.8468755,13.24,7,0,0,straight
frame_408_lat--6.0919834_lon--49.8468692.png,20250809_180713_282313,-6.0919834,-49.8468692,11.24,7,0,0,straight
frame_409_lat--6.092002633333333_lon--49.846864433333344.png,20250809_180714_226136,-6.092002633,-49.84686443,9.59,7,0,0,straight
frame_410_lat--6.0920209_lon--49.84686196666668.png,20250809_180715_201395,-6.0920209,-49.84686197,8.47,7,0,0,intersection
frame_411_lat--6.0920381_lon--49.8468615.png,20250809_180716_228452,-6.0920381,-49.8468615,7.98,7,0,0,intersection
frame_412_lat--6.092055_lon--49.84686103333333.png,20250809_180717_202531,-6.092055,-49.84686103,7.91,7,0,0,intersection
frame_413_lat--6.092072133333334_lon--49.84685903333333.png,20250809_180718_245226,-6.092072133,-49.84685903,8.13,7,0,0,intersection
frame_414_lat--6.092089866666666_lon--49.84685516666667.png,20250809_180719_220841,-6.092089867,-49.84685517,8.63,7,0,0,intersection
frame_415_lat--6.092108866666666_lon--49.8468491.png,20250809_180720_299366,-6.092108867,-49.8468491,9.47,7,0,0,intersection
frame_416_lat--6.0921297999999995_lon--49.84684153333333.png,20250809_180721_220482,-6.0921298,-49.84684153,10.79,7,0,0,straight
frame_417_lat--6.0921533666666665_lon--49.84683356666667.png,20250809_180722_297562,-6.092153367,-49.84683357,12.71,7,0,0,straight
frame_418_lat--6.0921801_lon--49.84682573333333.png,20250809_180723_234455,-6.0921801,-49.84682573,15.24,7,0,0,straight
frame_419_lat--6.0922103666666665_lon--49.84681780000001.png,20250809_180724_206042,-6.092210367,-49.8468178,18.33,7,0,0,straight
frame_420_lat--6.092243799999999_lon--49.8468097.png,20250809_180725_239123,-6.0922438,-49.8468097,21.87,7,0,0,straight
frame_421_lat--6.0922787_lon--49.846801733333336.png,20250809_180726_207551,-6.0922787,-49.84680173,25.66,7,0,0,straight
frame_422_lat--6.092314033333333_lon--49.846794100000004.png,20250809_180727_245826,-6.092314033,-49.8467941,29.53,7,0,0,straight
frame_423_lat--6.0923499_lon--49.84678623333333.png,20250809_180728_203568,-6.0923499,-49.84678623,33.5,7,0,0,straight
frame_424_lat--6.0923865333333325_lon--49.84677743333333.png,20250809_180729_230853,-6.092386533,-49.84677743,37.57,7,0,0,straight
frame_425_lat--6.092424333333334_lon--49.846767533333335.png,20250809_180730_203345,-6.092424333,-49.84676753,41.8,7,0,0,straight
frame_426_lat--6.092463100000001_lon--49.8467569.png,20250809_180731_233101,-6.0924631,-49.8467569,46.16,7,0,0,straight
frame_427_lat--6.0925019_lon--49.84674536666667.png,20250809_180732_223804,-6.0925019,-49.84674537,50.55,7,0,0,straight
frame_428_lat--6.092540100000001_lon--49.8467331.png,20250809_180733_197161,-6.0925401,-49.8467331,54.89,7,0,0,straight
frame_429_lat--6.092577866666666_lon--49.84672166666668.png,20250809_180734_227275,-6.092577867,-49.84672167,59.19,7,0,0,straight
frame_430_lat--6.092615733333334_lon--49.84671253333333.png,20250809_180735_198008,-6.092615733,-49.84671253,63.48,7,0,0,straight
frame_431_lat--6.092654133333333_lon--49.846705199999995.png,20250809_180736_232946,-6.092654133,-49.8467052,67.79,7,0,0,straight
frame_432_lat--6.092693433333333_lon--49.84669796666667.png,20250809_180737_204686,-6.092693433,-49.84669797,68.82,8,0,0,straight
frame_433_lat--6.092733633333333_lon--49.846689766666664.png,20250809_180738_243988,-6.092733633,-49.84668977,64.3,8,0,0,straight
frame_434_lat--6.092774333333334_lon--49.8466809.png,20250809_180739_207080,-6.092774333,-49.8466809,59.71,8,0,0,straight
frame_435_lat--6.092815033333332_lon--49.84667193333333.png,20250809_180740_234912,-6.092815033,-49.84667193,55.12,8,0,0,straight
frame_436_lat--6.092855666666667_lon--49.84666326666667.png,20250809_180741_208794,-6.092855667,-49.84666327,50.55,8,0,0,straight
frame_437_lat--6.092896566666667_lon--49.846654699999995.png,20250809_180742_240865,-6.092896567,-49.8466547,45.96,8,0,0,straight
frame_438_lat--6.092938500000001_lon--49.846645966666664.png,20250809_180743_230885,-6.0929385,-49.84664597,41.26,8,0,0,straight
frame_439_lat--6.0929817_lon--49.846636366666665.png,20250809_180744_201113,-6.0929817,-49.84663637,36.41,8,0,0,straight
frame_440_lat--6.0930256_lon--49.846625566666674.png,20250809_180745_239034,-6.0930256,-49.84662557,31.45,8,0,0,straight
frame_441_lat--6.093067900000001_lon--49.84661476666667.png,20250809_180746_208373,-6.0930679,-49.84661477,26.66,8,0,0,straight
frame_442_lat--6.0931063000000005_lon--49.846605200000006.png,20250809_180747_246309,-6.0931063,-49.8466052,22.35,8,0,0,straight
frame_443_lat--6.093139566666667_lon--49.84659723333334.png,20250809_180748_219264,-6.093139567,-49.84659723,18.65,8,0,0,straight
frame_444_lat--6.0931667_lon--49.84659086666667.png,20250809_180749_298643,-6.0931667,-49.84659087,15.68,8,0,0,straight
frame_445_lat--6.093188100000001_lon--49.84658603333334.png,20250809_180750_230230,-6.0931881,-49.84658603,13.37,8,0,0,straight
frame_446_lat--6.0932059_lon--49.8465823.png,20250809_180751_200747,-6.0932059,-49.8465823,11.51,8,0,0,straight
frame_447_lat--6.0932219000000005_lon--49.846579299999995.png,20250809_180752_242213,-6.0932219,-49.8465793,9.92,8,0,0,straight
frame_448_lat--6.0932367_lon--49.84657666666667.png,20250809_180753_214054,-6.0932367,-49.84657667,8.53,8,0,0,intersection
frame_449_lat--6.093251166666667_lon--49.846574100000005.png,20250809_180754_225711,-6.093251167,-49.8465741,7.28,8,0,0,intersection
frame_450_lat--6.0932656000000005_lon--49.846571.png,20250809_180755_200677,-6.0932656,-49.846571,6.16,8,0,0,intersection
frame_451_lat--6.093280433333334_lon--49.8465678.png,20250809_180756_240601,-6.093280433,-49.8465678,5.29,8,0,0,intersection
frame_452_lat--6.093295633333334_lon--49.846564766666674.png,20250809_180757_215218,-6.093295633,-49.84656477,4.88,8,0,0,intersection
frame_453_lat--6.093311299999999_lon--49.8465624.png,20250809_180758_241361,-6.0933113,-49.8465624,5.15,8,0,0,intersection
frame_454_lat--6.093327266666667_lon--49.84656056666667.png,20250809_180759_216122,-6.093327267,-49.84656057,6.01,8,0,0,intersection
frame_455_lat--6.093343066666667_lon--49.846559166666665.png,20250809_180800_289171,-6.093343067,-49.84655917,7.23,8,0,0,intersection
frame_456_lat--6.093358966666666_lon--49.84655733333334.png,20250809_180801_228873,-6.093358967,-49.84655733,8.62,8,0,0,intersection
frame_457_lat--6.093375633333333_lon--49.8465545.png,20250809_180802_200433,-6.093375633,-49.8465545,10.17,8,0,0,straight
frame_458_lat--6.093393233333334_lon--49.8465505.png,20250809_180803_240966,-6.093393233,-49.8465505,11.87,8,0,0,straight
frame_459_lat--6.093411566666667_lon--49.84654606666667.png,20250809_180804_213763,-6.093411567,-49.84654607,13.73,8,0,0,straight
frame_460_lat--6.093430466666667_lon--49.84654163333334.png,20250809_180805_288780,-6.093430467,-49.84654163,15.7,8,0,0,straight
frame_461_lat--6.0934493666666665_lon--49.84653710000001.png,20250809_180806_230454,-6.093449367,-49.8465371,17.71,8,0,0,straight
frame_462_lat--6.093467700000001_lon--49.846532366666665.png,20250809_180807_205337,-6.0934677,-49.84653237,19.69,8,0,0,straight
frame_463_lat--6.0934854000000005_lon--49.84652746666667.png,20250809_180808_244834,-6.0934854,-49.84652747,21.62,8,0,0,straight
frame_464_lat--6.093503266666667_lon--49.84652216666666.png,20250809_180809_220901,-6.093503267,-49.84652217,23.58,8,0,0,straight
frame_465_lat--6.0935218666666655_lon--49.84651583333333.png,20250809_180810_199261,-6.093521867,-49.84651583,25.65,8,0,0,straight
frame_466_lat--6.093541166666666_lon--49.84650813333333.png,20250809_180811_237176,-6.093541167,-49.84650813,27.81,8,0,0,straight
frame_467_lat--6.0935609_lon--49.84649923333334.png,20250809_180812_207459,-6.0935609,-49.84649923,30.05,8,0,0,straight
frame_468_lat--6.093580966666666_lon--49.846489466666675.png,20250809_180813_242934,-6.093580967,-49.84648947,32.37,8,0,0,straight
frame_469_lat--6.093601433333332_lon--49.8464792.png,20250809_180814_212236,-6.093601433,-49.8464792,34.75,8,0,0,straight
frame_470_lat--6.093622833333333_lon--49.84646846666667.png,20250809_180815_243405,-6.093622833,-49.84646847,37.26,8,0,0,straight
frame_471_lat--6.093646266666666_lon--49.84645723333333.png,20250809_180816_219848,-6.093646267,-49.84645723,40.03,8,0,0,straight
frame_472_lat--6.093672433333333_lon--49.84644540000001.png,20250809_180817_296776,-6.093672433,-49.8464454,43.11,8,0,0,straight
frame_473_lat--6.093701633333334_lon--49.84643293333333.png,20250809_180818_228773,-6.093701633,-49.84643293,46.55,8,0,0,straight
frame_474_lat--6.093734333333332_lon--49.846419999999995.png,20250809_180819_206675,-6.093734333,-49.84642,50.39,8,0,0,straight
frame_475_lat--6.0937693333333325_lon--49.846406933333334.png,20250809_180820_258421,-6.093769333,-49.84640693,54.49,8,0,0,straight
frame_476_lat--6.093804633333334_lon--49.84639416666667.png,20250809_180821_225527,-6.093804633,-49.84639417,58.62,8,0,0,straight
frame_477_lat--6.093839600000001_lon--49.84638163333334.png,20250809_180822_198592,-6.0938396,-49.84638163,62.71,8,0,0,straight
frame_478_lat--6.093875366666667_lon--49.84636883333334.png,20250809_180823_240879,-6.093875367,-49.84636883,66.89,8,0,0,straight
frame_479_lat--6.093912966666666_lon--49.84635519999999.png,20250809_180824_212265,-6.093912967,-49.8463552,71.29,8,0,0,straight
frame_480_lat--6.0939521333333335_lon--49.84634053333333.png,20250809_180825_244917,-6.093952133,-49.84634053,73.95,5,0,0,straight
frame_481_lat--6.093991333333335_lon--49.846325633333336.png,20250809_180826_220204,-6.093991333,-49.84632563,76.51,5,0,0,straight
frame_482_lat--6.094029266666668_lon--49.84631173333334.png,20250809_180827_300887,-6.094029267,-49.84631173,79.1,5,0,0,straight
frame_483_lat--6.094065733333334_lon--49.84629923333334.png,20250809_180828_235113,-6.094065733,-49.84629923,81.67,5,0,0,straight
frame_484_lat--6.0941011_lon--49.846287600000004.png,20250809_180829_212693,-6.0941011,-49.8462876,84.23,5,0,0,straight
frame_485_lat--6.094136066666667_lon--49.84627643333334.png,20250809_180830_268483,-6.094136067,-49.84627643,86.85,5,0,0,straight
frame_486_lat--6.094171266666668_lon--49.846266033333336.png,20250809_180831_215038,-6.094171267,-49.84626603,89.51,5,0,0,straight
frame_487_lat--6.094207_lon--49.84625633333333.png,20250809_180832_274139,-6.094207,-49.84625633,92.23,5,0,0,straight
frame_488_lat--6.094243266666666_lon--49.84624623333333.png,20250809_180833_226970,-6.094243267,-49.84624623,95.12,5,0,0,straight
frame_489_lat--6.094279899999998_lon--49.84623476666667.png,20250809_180834_301192,-6.0942799,-49.84623477,98.25,5,0,0,straight
frame_490_lat--6.094316433333333_lon--49.84622233333332.png,20250809_180835_235367,-6.094316433,-49.84622233,101.55,5,0,0,straight
frame_491_lat--6.0943524_lon--49.84621009999999.png,20250809_180836_210697,-6.0943524,-49.8462101,104.86,5,0,0,straight
frame_492_lat--6.094387566666667_lon--49.84619876666667.png,20250809_180837_243541,-6.094387567,-49.84619877,108.1,5,0,0,straight
frame_493_lat--6.094422033333333_lon--49.84618893333334.png,20250809_180838_217612,-6.094422033,-49.84618893,111.22,5,0,0,straight
frame_494_lat--6.094455133333334_lon--49.8461809.png,20250809_180839_299650,-6.094455133,-49.8461809,114.14,5,0,0,straight
frame_495_lat--6.094485333333334_lon--49.84617496666667.png,20250809_180840_225131,-6.094485333,-49.84617497,116.73,5,0,0,straight
frame_496_lat--6.094511233333334_lon--49.84617106666667.png,20250809_180841_281347,-6.094511233,-49.84617107,118.87,5,0,0,straight
frame_497_lat--6.094533633333333_lon--49.84616883333334.png,20250809_180842_221557,-6.094533633,-49.84616883,120.66,5,0,0,straight
frame_498_lat--6.094553833333333_lon--49.846168166666665.png,20250809_180843_300052,-6.094553833,-49.84616817,122.19,5,0,0,straight
frame_499_lat--6.094572133333334_lon--49.84616933333333.png,20250809_180844_239585,-6.094572133,-49.84616933,123.44,5,0,0,straight
frame_500_lat--6.094587933333335_lon--49.846172466666665.png,20250809_180845_215204,-6.094587933,-49.84617247,124.36,5,0,0,straight
frame_501_lat--6.094611266666666_lon--49.846182633333335.png,20250809_180847_220056,-6.094611267,-49.84618263,125.32,5,0,0,straight
frame_502_lat--6.094630333333333_lon--49.84620073333334.png,20250809_180849_224374,-6.094630333,-49.84620073,125.38,5,0,0,straight
frame_503_lat--6.094638466666666_lon--49.84621406666667.png,20250809_180850_196337,-6.094638467,-49.84621407,125,5,0,0,straight
frame_504_lat--6.094644866666666_lon--49.84622979999999.png,20250809_180851_234903,-6.094644867,-49.8462298,124.31,5,0,0,straight
frame_505_lat--6.094649633333333_lon--49.84624783333334.png,20250809_180852_207540,-6.094649633,-49.84624783,123.35,5,0,0,straight
frame_506_lat--6.094653233333334_lon--49.846267733333335.png,20250809_180853_256473,-6.094653233,-49.84626773,122.18,5,0,0,straight
frame_507_lat--6.094655966666666_lon--49.84628886666667.png,20250809_180854_219098,-6.094655967,-49.84628887,120.88,5,0,0,straight
frame_508_lat--6.0946582_lon--49.8463104.png,20250809_180855_284273,-6.0946582,-49.8463104,119.54,5,0,0,straight
frame_509_lat--6.094659900000001_lon--49.84633183333334.png,20250809_180856_227064,-6.0946599,-49.84633183,118.2,5,0,0,straight
frame_510_lat--6.094661233333333_lon--49.84635240000001.png,20250809_180857_200591,-6.094661233,-49.8463524,116.91,5,0,0,straight
frame_511_lat--6.094662600000001_lon--49.84637123333333.png,20250809_180858_240506,-6.0946626,-49.84637123,115.77,5,0,0,straight
frame_512_lat--6.094663966666666_lon--49.8463884.png,20250809_180859_214598,-6.094663967,-49.8463884,114.77,5,0,0,straight
frame_513_lat--6.0946649666666675_lon--49.84640466666667.png,20250809_180900_254161,-6.094664967,-49.84640467,113.82,5,0,0,straight
frame_514_lat--6.094665866666666_lon--49.84642130000001.png,20250809_180901_216421,-6.094665867,-49.8464213,112.85,5,0,0,straight
frame_515_lat--6.094667033333332_lon--49.846438366666675.png,20250809_180902_301551,-6.094667033,-49.84643837,111.9,5,0,0,straight
frame_516_lat--6.094668999999999_lon--49.8464558.png,20250809_180903_230276,-6.094669,-49.8464558,111.03,5,0,0,straight
frame_517_lat--6.094671833333334_lon--49.846474099999995.png,20250809_180904_200506,-6.094671833,-49.8464741,110.22,5,0,0,straight
frame_518_lat--6.0946755999999995_lon--49.84649376666666.png,20250809_180905_238426,-6.0946756,-49.84649377,109.46,5,0,0,straight
frame_519_lat--6.0946801_lon--49.8465148.png,20250809_180906_214569,-6.0946801,-49.8465148,108.73,5,0,0,straight
frame_520_lat--6.0946848000000005_lon--49.84653683333333.png,20250809_180907_297338,-6.0946848,-49.84653683,108.01,5,0,0,straight
frame_521_lat--6.094689466666667_lon--49.8465595.png,20250809_180908_226408,-6.094689467,-49.8465595,107.31,5,0,0,straight
frame_522_lat--6.0946945_lon--49.846582433333325.png,20250809_180909_205229,-6.0946945,-49.84658243,106.7,5,0,0,straight
frame_523_lat--6.0946997666666665_lon--49.846604766666665.png,20250809_180910_238895,-6.094699767,-49.84660477,106.19,5,0,0,straight
frame_524_lat--6.094704699999999_lon--49.84662563333334.png,20250809_180911_207149,-6.0947047,-49.84662563,105.77,5,0,0,straight
frame_525_lat--6.094708466666667_lon--49.846644366666666.png,20250809_180912_220786,-6.094708467,-49.84664437,105.37,5,0,0,straight
frame_526_lat--6.0947106_lon--49.84665970000001.png,20250809_180913_234347,-6.0947106,-49.8466597,104.98,5,0,0,straight
frame_527_lat--6.094706033333333_lon--49.84668436666667.png,20250809_180915_237692,-6.094706033,-49.84668437,103.57,5,0,0,straight
frame_528_lat--6.094696600000001_lon--49.8466957.png,20250809_180916_207327,-6.0946966,-49.8466957,102.17,5,0,0,straight
frame_529_lat--6.094681999999999_lon--49.84670493333333.png,20250809_180917_271134,-6.094682,-49.84670493,100.31,5,0,0,straight
frame_530_lat--6.094662466666667_lon--49.84671176666667.png,20250809_180918_221825,-6.094662467,-49.84671177,98.02,5,0,0,straight
frame_531_lat--6.0946379_lon--49.84671753333334.png,20250809_180919_200384,-6.0946379,-49.84671753,95.24,5,0,0,straight
frame_532_lat--6.094609199999999_lon--49.84672353333333.png,20250809_180920_238378,-6.0946092,-49.84672353,92.03,5,0,0,straight
frame_533_lat--6.094578133333334_lon--49.84673026666666.png,20250809_180921_225776,-6.094578133,-49.84673027,88.54,5,0,0,straight
frame_534_lat--6.094546733333333_lon--49.84673773333333.png,20250809_180922_196701,-6.094546733,-49.84673773,84.99,5,0,0,straight
frame_535_lat--6.0945160666666665_lon--49.846745733333336.png,20250809_180923_237474,-6.094516067,-49.84674573,81.5,5,0,0,straight
frame_536_lat--6.094486233333335_lon--49.84675426666668.png,20250809_180924_219049,-6.094486233,-49.84675427,78.07,5,0,0,straight
frame_537_lat--6.094456666666667_lon--49.846762933333345.png,20250809_180925_201115,-6.094456667,-49.84676293,74.67,5,0,0,straight
frame_538_lat--6.094426866666667_lon--49.846771733333334.png,20250809_180926_226805,-6.094426867,-49.84677173,71.24,5,0,0,straight
frame_539_lat--6.0943966666666665_lon--49.84678076666667.png,20250809_180927_199630,-6.094396667,-49.84678077,67.77,5,0,0,straight
frame_540_lat--6.0943657_lon--49.84679023333334.png,20250809_180928_237877,-6.0943657,-49.84679023,64.19,5,0,0,straight
frame_541_lat--6.094334000000001_lon--49.84679996666667.png,20250809_180929_211583,-6.094334,-49.84679997,60.53,5,0,0,straight
frame_542_lat--6.0943021_lon--49.84680999999999.png,20250809_180930_239603,-6.0943021,-49.84681,56.84,5,0,0,straight
frame_543_lat--6.0942707333333335_lon--49.84682069999999.png,20250809_180931_209210,-6.094270733,-49.8468207,53.18,5,0,0,straight
frame_544_lat--6.094239933333334_lon--49.84683216666666.png,20250809_180932_241009,-6.094239933,-49.84683217,49.55,5,0,0,straight
frame_545_lat--6.0942089333333325_lon--49.8468438.png,20250809_180933_216421,-6.094208933,-49.8468438,45.88,5,0,0,straight
frame_546_lat--6.0941765666666665_lon--49.84685506666666.png,20250809_180934_282479,-6.094176567,-49.84685507,42.1,5,0,0,straight
frame_547_lat--6.0941429000000005_lon--49.84686593333333.png,20250809_180935_225596,-6.0941429,-49.84686593,38.19,5,0,0,straight
frame_548_lat--6.094109233333333_lon--49.84687649999999.png,20250809_180936_201123,-6.094109233,-49.8468765,34.31,5,0,0,straight
frame_549_lat--6.094076566666667_lon--49.84688709999999.png,20250809_180937_243364,-6.094076567,-49.8468871,30.52,5,0,0,straight
frame_550_lat--6.094045133333333_lon--49.846898100000004.png,20250809_180938_217157,-6.094045133,-49.8468981,26.85,5,0,0,straight
frame_551_lat--6.094014733333333_lon--49.8469094.png,20250809_180939_253162,-6.094014733,-49.8469094,23.27,5,0,0,straight
frame_552_lat--6.093985099999999_lon--49.846920766666656.png,20250809_180940_215043,-6.0939851,-49.84692077,19.77,5,0,0,straight
frame_553_lat--6.0939559_lon--49.846931899999994.png,20250809_180941_284087,-6.0939559,-49.8469319,16.32,5,0,0,straight
frame_554_lat--6.0939277333333335_lon--49.84694276666666.png,20250809_180942_216826,-6.093927733,-49.84694277,12.99,5,0,0,straight
frame_555_lat--6.093900666666667_lon--49.84695353333333.png,20250809_180943_242506,-6.093900667,-49.84695353,9.79,5,0,0,straight
frame_556_lat--6.093873366666667_lon--49.84696506666666.png,20250809_180944_230350,-6.093873367,-49.84696507,6.54,5,0,0,intersection
frame_557_lat--6.093844700000001_lon--49.8469781.png,20250809_180945_201151,-6.0938447,-49.8469781,3.11,5,0,0,intersection
frame_558_lat--6.093815000000001_lon--49.8469925.png,20250809_180946_217525,-6.093815,-49.8469925,0.97,5,0,0,intersection
frame_559_lat--6.093785133333333_lon--49.84700740000001.png,20250809_180947_284039,-6.093785133,-49.8470074,4.37,5,0,0,intersection
frame_560_lat--6.0937552_lon--49.84702170000001.png,20250809_180948_226961,-6.0937552,-49.8470217,8.02,5,0,0,intersection
frame_561_lat--6.093724400000001_lon--49.847035000000005.png,20250809_180949_298311,-6.0937244,-49.847035,11.73,5,0,0,straight
frame_562_lat--6.093692033333333_lon--49.84704760000001.png,20250809_180950_238167,-6.093692033,-49.8470476,15.57,5,0,0,straight
frame_563_lat--6.093658566666667_lon--49.847059900000005.png,20250809_180951_213300,-6.093658567,-49.8470599,19.51,5,0,0,straight
frame_564_lat--6.0936258_lon--49.847072633333326.png,20250809_180952_257313,-6.0936258,-49.84707263,23.4,5,0,0,straight
frame_565_lat--6.0935948333333325_lon--49.84708633333333.png,20250809_180953_221850,-6.093594833,-49.84708633,27.14,5,0,0,straight
frame_566_lat--6.093565533333333_lon--49.84710076666667.png,20250809_180954_200456,-6.093565533,-49.84710077,30.74,5,0,0,straight
frame_567_lat--6.0935369999999995_lon--49.84711503333334.png,20250809_180955_239287,-6.093537,-49.84711503,32.56,4,0,0,straight
frame_568_lat--6.0935088_lon--49.8471283.png,20250809_180956_212831,-6.0935088,-49.8471283,29.18,4,0,0,straight
frame_569_lat--6.093480666666666_lon--49.847140233333334.png,20250809_180957_238313,-6.093480667,-49.84714023,25.86,4,0,0,straight
frame_570_lat--6.093452399999999_lon--49.84715066666667.png,20250809_180958_208001,-6.0934524,-49.84715067,22.56,4,0,0,straight
frame_571_lat--6.0934243_lon--49.84715996666667.png,20250809_180959_253392,-6.0934243,-49.84715997,19.32,4,0,0,straight
frame_572_lat--6.093396666666666_lon--49.8471682.png,20250809_181000_221275,-6.093396667,-49.8471682,16.16,4,0,0,straight
frame_573_lat--6.0933698666666665_lon--49.8471758.png,20250809_181001_277143,-6.093369867,-49.8471758,13.12,4,0,0,straight
frame_574_lat--6.093343233333333_lon--49.84718366666667.png,20250809_181002_217493,-6.093343233,-49.84718367,10.11,4,0,0,straight
frame_575_lat--6.093315366666667_lon--49.84719253333333.png,20250809_181003_271404,-6.093315367,-49.84719253,7.02,4,0,0,intersection
frame_576_lat--6.0932854999999995_lon--49.84720253333334.png,20250809_181004_207414,-6.0932855,-49.84720253,4,4,0,0,intersection
frame_577_lat--6.093253566666666_lon--49.84721376666668.png,20250809_181005_243937,-6.093253567,-49.84721377,2.75,4,0,0,intersection
frame_578_lat--6.093219666666666_lon--49.847225800000004.png,20250809_181006_226116,-6.093219667,-49.8472258,5.42,4,0,0,intersection
frame_579_lat--6.093183833333333_lon--49.8472384.png,20250809_181007_295422,-6.093183833,-49.8472384,9.31,4,0,0,intersection
frame_580_lat--6.093146066666667_lon--49.84725133333334.png,20250809_181008_234685,-6.093146067,-49.84725133,13.6,4,0,0,straight
frame_581_lat--6.093106733333333_lon--49.8472646.png,20250809_181009_208655,-6.093106733,-49.8472646,18.11,4,0,0,straight
frame_582_lat--6.093066666666667_lon--49.84727769999999.png,20250809_181010_256981,-6.093066667,-49.8472777,22.73,4,0,0,straight
frame_583_lat--6.093026333333334_lon--49.84728979999999.png,20250809_181011_214437,-6.093026333,-49.8472898,27.34,4,0,0,straight
frame_584_lat--6.092985566666668_lon--49.847300399999995.png,20250809_181012_257424,-6.092985567,-49.8473004,31.94,4,0,0,straight
frame_585_lat--6.0929444_lon--49.847309433333336.png,20250809_181013_215265,-6.0929444,-49.84730943,36.54,4,0,0,straight
frame_586_lat--6.0929036_lon--49.84731703333334.png,20250809_181014_271539,-6.0929036,-49.84731703,41.05,4,0,0,straight
frame_587_lat--6.092863933333332_lon--49.84732373333334.png,20250809_181015_228781,-6.092863933,-49.84732373,45.43,4,0,0,straight
frame_588_lat--6.0928254666666675_lon--49.84732996666666.png,20250809_181016_200883,-6.092825467,-49.84732997,49.68,4,0,0,straight
frame_589_lat--6.0927879_lon--49.84733609999999.png,20250809_181017_243233,-6.0927879,-49.8473361,53.84,4,0,0,straight
frame_590_lat--6.092750766666667_lon--49.847342233333336.png,20250809_181018_215139,-6.092750767,-49.84734223,57.97,4,0,0,straight
frame_591_lat--6.092713766666668_lon--49.847348999999994.png,20250809_181019_256118,-6.092713767,-49.847349,57.75,9,0,0,straight
frame_592_lat--6.0926765666666665_lon--49.8473569.png,20250809_181020_217883,-6.092676567,-49.8473569,53.55,9,0,0,straight
frame_593_lat--6.092638833333334_lon--49.84736576666667.png,20250809_181021_241493,-6.092638833,-49.84736577,49.28,9,0,0,straight
frame_594_lat--6.092600133333333_lon--49.8473753.png,20250809_181022_209822,-6.092600133,-49.8473753,44.91,9,0,0,straight
frame_595_lat--6.092560733333333_lon--49.8473853.png,20250809_181023_244837,-6.092560733,-49.8473853,40.45,9,0,0,straight
frame_596_lat--6.0925210666666665_lon--49.84739523333333.png,20250809_181024_221934,-6.092521067,-49.84739523,35.98,9,0,0,straight
frame_597_lat--6.0924814_lon--49.84740456666666.png,20250809_181025_300607,-6.0924814,-49.84740457,31.52,9,0,0,straight
frame_598_lat--6.0924418000000005_lon--49.84741306666666.png,20250809_181026_236242,-6.0924418,-49.84741307,27.1,9,0,0,straight
frame_599_lat--6.0924022_lon--49.847420799999995.png,20250809_181027_207843,-6.0924022,-49.8474208,22.7,9,0,0,straight
frame_600_lat--6.0923633_lon--49.847428366666655.png,20250809_181028_243689,-6.0923633,-49.84742837,18.4,9,0,0,straight
frame_601_lat--6.092326033333333_lon--49.84743579999999.png,20250809_181029_216813,-6.092326033,-49.8474358,14.33,9,0,0,straight
frame_602_lat--6.092291800000001_lon--49.847442566666665.png,20250809_181030_272202,-6.0922918,-49.84744257,10.68,9,0,0,straight
frame_603_lat--6.092261966666666_lon--49.84744926666666.png,20250809_181031_224142,-6.092261967,-49.84744927,7.71,9,0,0,intersection
frame_604_lat--6.092236933333334_lon--49.847459099999995.png,20250809_181032_207409,-6.092236933,-49.8474591,5.88,9,0,0,intersection
frame_605_lat--6.0922184_lon--49.8474753.png,20250809_181033_238780,-6.0922184,-49.8474753,6.15,9,0,0,intersection
frame_606_lat--6.092208733333334_lon--49.84749723333334.png,20250809_181034_212342,-6.092208733,-49.84749723,8.21,9,0,0,intersection
frame_607_lat--6.092207833333333_lon--49.84752206666667.png,20250809_181035_255460,-6.092207833,-49.84752207,10.92,9,0,0,straight
frame_608_lat--6.0922125000000005_lon--49.84754829999999.png,20250809_181036_213529,-6.0922125,-49.8475483,13.87,9,0,0,straight
frame_609_lat--6.0922196_lon--49.84757623333333.png,20250809_181037_243729,-6.0922196,-49.84757623,17.04,9,0,0,straight
frame_610_lat--6.0922277000000005_lon--49.847606166666665.png,20250809_181038_218262,-6.0922277,-49.84760617,20.45,9,0,0,straight
frame_611_lat--6.092236633333334_lon--49.847638366666665.png,20250809_181039_271234,-6.092236633,-49.84763837,24.13,9,0,0,straight
frame_612_lat--6.092246366666667_lon--49.84767353333333.png,20250809_181040_227076,-6.092246367,-49.84767353,28.16,9,0,0,straight
frame_613_lat--6.0922559000000005_lon--49.84771143333332.png,20250809_181041_200496,-6.0922559,-49.84771143,32.48,9,0,0,straight
frame_614_lat--6.092264566666667_lon--49.84775023333333.png,20250809_181042_238544,-6.092264567,-49.84775023,34.19,10,0,0,straight
frame_615_lat--6.0922727666666665_lon--49.84778783333333.png,20250809_181043_211474,-6.092272767,-49.84778783,29.93,10,0,0,straight
frame_616_lat--6.0922811999999995_lon--49.84782323333333.png,20250809_181044_237340,-6.0922812,-49.84782323,25.91,10,0,0,straight
frame_617_lat--6.092290066666666_lon--49.84785706666666.png,20250809_181045_206664,-6.092290067,-49.84785707,22.04,10,0,0,straight
frame_618_lat--6.0922989_lon--49.8478903.png,20250809_181046_219185,-6.0922989,-49.8478903,18.23,10,0,0,straight
frame_619_lat--6.092307666666667_lon--49.84792333333333.png,20250809_181047_281493,-6.092307667,-49.84792333,14.45,10,0,0,straight
frame_620_lat--6.092316166666666_lon--49.84795616666666.png,20250809_181048_220330,-6.092316167,-49.84795617,10.7,10,0,0,straight
frame_621_lat--6.092323199999998_lon--49.84798786666667.png,20250809_181049_283990,-6.0923232,-49.84798787,7.11,10,0,0,intersection
frame_622_lat--6.0923271_lon--49.84801746666666.png,20250809_181050_230807,-6.0923271,-49.84801747,3.81,10,0,0,intersection
frame_623_lat--6.0923259666666665_lon--49.848044566666665.png,20250809_181051_204845,-6.092325967,-49.84804457,1.23,10,0,0,intersection
frame_624_lat--6.092318633333332_lon--49.84806926666666.png,20250809_181052_242846,-6.092318633,-49.84806927,2.71,10,0,0,intersection
frame_625_lat--6.092303566666667_lon--49.848089366666656.png,20250809_181053_218865,-6.092303567,-49.84808937,5.49,10,0,0,intersection
frame_626_lat--6.092280766666666_lon--49.848103933333334.png,20250809_181054_300144,-6.092280767,-49.84810393,8.38,10,0,0,intersection
frame_627_lat--6.0922510999999995_lon--49.84811463333333.png,20250809_181055_233656,-6.0922511,-49.84811463,11.65,10,0,0,straight
frame_628_lat--6.092215700000001_lon--49.848124399999996.png,20250809_181056_208307,-6.0922157,-49.8481244,15.49,10,0,0,straight
frame_629_lat--6.0921756_lon--49.84813523333332.png,20250809_181057_244240,-6.0921756,-49.84813523,19.94,10,0,0,straight
frame_630_lat--6.092131866666667_lon--49.84814793333334.png,20250809_181058_216349,-6.092131867,-49.84814793,24.89,10,0,0,straight
frame_631_lat--6.092085466666666_lon--49.848162466666665.png,20250809_181059_246146,-6.092085467,-49.84816247,30.23,10,0,0,straight
frame_632_lat--6.092037166666667_lon--49.84817833333333.png,20250809_181100_212346,-6.092037167,-49.84817833,35.83,10,0,0,straight
frame_633_lat--6.091987666666666_lon--49.8481951.png,20250809_181101_281649,-6.091987667,-49.8481951,41.59,10,0,0,straight
frame_634_lat--6.091938233333334_lon--49.84821276666667.png,20250809_181102_212985,-6.091938233,-49.84821277,47.39,10,0,0,straight
frame_635_lat--6.091889933333333_lon--49.8482309.png,20250809_181103_255998,-6.091889933,-49.8482309,53.09,10,0,0,straight
frame_636_lat--6.0918432000000005_lon--49.848248866666665.png,20250809_181104_217229,-6.0918432,-49.84824887,58.63,10,0,0,straight
frame_637_lat--6.0917982_lon--49.84826603333333.png,20250809_181105_287894,-6.0917982,-49.84826603,63.96,10,0,0,straight
frame_638_lat--6.0917550999999985_lon--49.84828366666666.png,20250809_181106_227150,-6.0917551,-49.84828367,69.11,10,0,0,straight
frame_639_lat--6.091713866666666_lon--49.84830393333333.png,20250809_181107_200451,-6.091713867,-49.84830393,74.18,10,0,0,straight
frame_640_lat--6.091673566666666_lon--49.848326933333325.png,20250809_181108_230694,-6.091673567,-49.84832693,73.38,12,0,0,straight
frame_641_lat--6.0916328_lon--49.848350633333325.png,20250809_181109_202879,-6.0916328,-49.84835063,68.26,12,0,0,straight
frame_642_lat--6.0915905_lon--49.848373200000005.png,20250809_181110_231722,-6.0915905,-49.8483732,63.04,12,0,0,straight
frame_643_lat--6.091547_lon--49.848394466666676.png,20250809_181111_201217,-6.091547,-49.84839447,57.74,12,0,0,straight
frame_644_lat--6.091503033333334_lon--49.848414566666676.png,20250809_181112_229154,-6.091503033,-49.84841457,52.44,12,0,0,straight
frame_645_lat--6.091459166666667_lon--49.84843346666666.png,20250809_181113_196907,-6.091459167,-49.84843347,47.2,12,0,0,straight
frame_646_lat--6.0914159_lon--49.848451233333336.png,20250809_181114_229854,-6.0914159,-49.84845123,42.07,12,0,0,straight
frame_647_lat--6.091374166666666_lon--49.84846813333333.png,20250809_181115_199969,-6.091374167,-49.84846813,37.14,12,0,0,straight
frame_648_lat--6.091334866666666_lon--49.848484066666664.png,20250809_181116_221975,-6.091334867,-49.84848407,32.5,12,0,0,straight
frame_649_lat--6.091298466666667_lon--49.848498866666674.png,20250809_181117_221555,-6.091298467,-49.84849887,28.23,12,0,0,straight
frame_650_lat--6.0912646_lon--49.848512666666664.png,20250809_181118_268154,-6.0912646,-49.84851267,24.27,12,0,0,straight
frame_651_lat--6.091232733333333_lon--49.84852563333333.png,20250809_181119_216217,-6.091232733,-49.84852563,20.58,12,0,0,straight
frame_652_lat--6.091202766666666_lon--49.848537799999995.png,20250809_181120_257238,-6.091202767,-49.8485378,17.15,12,0,0,straight
frame_653_lat--6.091175799999999_lon--49.848548400000006.png,20250809_181121_220472,-6.0911758,-49.8485484,14.13,12,0,0,straight
frame_654_lat--6.0911546_lon--49.84855623333334.png,20250809_181122_292553,-6.0911546,-49.84855623,11.82,12,0,0,straight
frame_655_lat--6.091138366666667_lon--49.84856126666667.png,20250809_181123_225123,-6.091138367,-49.84856127,10.1,12,0,0,straight
frame_656_lat--6.091123833333333_lon--49.848563999999996.png,20250809_181124_197880,-6.091123833,-49.848564,8.57,12,5.7,355.91,intersection
frame_657_lat--6.091108766666666_lon--49.84856463333333.png,20250809_181125_231437,-6.091108767,-49.84856463,6.97,12,0,0,intersection
frame_658_lat--6.091092466666668_lon--49.84856206666666.png,20250809_181126_205028,-6.091092467,-49.84856207,5.16,12,0,0,intersection
frame_659_lat--6.0910758000000005_lon--49.84855396666667.png,20250809_181127_240305,-6.0910758,-49.84855397,3.14,12,0,0,intersection
frame_660_lat--6.0910601_lon--49.84853793333333.png,20250809_181128_216481,-6.0910601,-49.84853793,1.74,12,0,0,intersection
frame_661_lat--6.0910453_lon--49.84851383333332.png,20250809_181129_222087,-6.0910453,-49.84851383,3.79,12,0,0,intersection
frame_662_lat--6.091030133333334_lon--49.8484839.png,20250809_181130_284073,-6.091030133,-49.8484839,7.37,12,0,0,intersection
frame_663_lat--6.091014199999999_lon--49.848450433333326.png,20250809_181131_205365,-6.0910142,-49.84845043,11.43,12,0,0,straight
frame_664_lat--6.090997633333335_lon--49.84841453333333.png,20250809_181132_239190,-6.090997633,-49.84841453,15.79,12,0,0,straight
frame_665_lat--6.0909803_lon--49.848376233333326.png,20250809_181133_205622,-6.0909803,-49.84837623,20.43,12,0,0,straight
frame_666_lat--6.090961966666667_lon--49.848336033333325.png,20250809_181134_233283,-6.090961967,-49.84833603,25.32,12,0,0,straight
frame_667_lat--6.090942999999999_lon--49.84829523333334.png,20250809_181135_201912,-6.090943,-49.84829523,30.29,12,0,0,straight
frame_668_lat--6.090924033333333_lon--49.84825523333334.png,20250809_181136_234546,-6.090924033,-49.84825523,30.74,11,0,0,straight
frame_669_lat--6.0909054_lon--49.8482164.png,20250809_181137_202683,-6.0909054,-49.8482164,25.97,11,0,0,straight
frame_670_lat--6.090887266666666_lon--49.84817896666667.png,20250809_181138_239253,-6.090887267,-49.84817897,21.37,11,0,0,straight
frame_671_lat--6.0908707333333325_lon--49.84814383333334.png,20250809_181139_215335,-6.090870733,-49.84814383,17.08,11,0,0,straight
frame_672_lat--6.090858333333333_lon--49.8481122.png,20250809_181140_283281,-6.090858333,-49.8481122,13.32,11,0,0,straight
frame_673_lat--6.0908525000000004_lon--49.848084666666665.png,20250809_181141_225926,-6.0908525,-49.84808467,10.29,11,0,0,straight
frame_674_lat--6.090854233333333_lon--49.8480612.png,20250809_181142_298838,-6.090854233,-49.8480612,8.18,11,0,0,intersection
frame_675_lat--6.0908638999999996_lon--49.848040633333326.png,20250809_181143_233478,-6.0908639,-49.84804063,7.34,11,0,0,intersection
frame_676_lat--6.090881333333334_lon--49.848022566666664.png,20250809_181144_208181,-6.090881333,-49.84802257,8.21,11,0,0,intersection
frame_677_lat--6.0909055_lon--49.848007633333324.png,20250809_181145_270449,-6.0909055,-49.84800763,10.58,11,0,0,straight
frame_678_lat--6.090935_lon--49.84799509999999.png,20250809_181146_226009,-6.090935,-49.8479951,13.84,11,0,0,straight
frame_679_lat--6.090968833333333_lon--49.84798286666666.png,20250809_181147_197798,-6.090968833,-49.84798287,17.69,11,0,0,straight
frame_680_lat--6.091006_lon--49.8479695.png,20250809_181148_233994,-6.091006,-49.8479695,21.97,11,0,0,straight
frame_681_lat--6.091045599999999_lon--49.8479544.png,20250809_181149_208412,-6.0910456,-49.8479544,26.58,11,0,0,straight
frame_682_lat--6.091086_lon--49.8479375.png,20250809_181150_243024,-6.091086,-49.8479375,31.35,11,0,0,straight
frame_683_lat--6.0911249666666665_lon--49.847919833333336.png,20250809_181151_219175,-6.091124967,-49.84791983,36,11,0,0,straight
frame_684_lat--6.0911612_lon--49.84790243333334.png,20250809_181152_269162,-6.0911612,-49.84790243,40.37,11,0,0,straight
frame_685_lat--6.0911954_lon--49.847885466666675.png,20250809_181153_299403,-6.0911954,-49.84788547,44.53,11,0,0,straight
frame_686_lat--6.091228633333333_lon--49.8478689.png,20250809_181154_234016,-6.091228633,-49.8478689,48.58,11,0,0,straight
frame_687_lat--6.091261433333333_lon--49.84785280000001.png,20250809_181155_204147,-6.091261433,-49.8478528,52.58,11,0,0,straight
frame_688_lat--6.091293733333333_lon--49.8478373.png,20250809_181156_245466,-6.091293733,-49.8478373,56.52,11,0,0,straight
frame_689_lat--6.091325633333334_lon--49.84782250000001.png,20250809_181157_214752,-6.091325633,-49.8478225,60.38,11,0,0,straight
frame_690_lat--6.0913574666666666_lon--49.84780843333333.png,20250809_181158_281843,-6.091357467,-49.84780843,64.22,11,0,0,straight
frame_691_lat--6.0913898_lon--49.847795.png,20250809_181159_225317,-6.0913898,-49.847795,68.09,11,0,0,straight
frame_692_lat--6.091422733333333_lon--49.84778203333334.png,20250809_181200_286142,-6.091422733,-49.84778203,72,11,0,0,straight
frame_693_lat--6.0914566_lon--49.8477687.png,20250809_181201_231281,-6.0914566,-49.8477687,76.03,11,0,0,straight
frame_694_lat--6.0914918_lon--49.84775390000001.png,20250809_181202_200486,-6.0914918,-49.8477539,80.24,11,0,0,straight
frame_695_lat--6.091528566666666_lon--49.84773713333334.png,20250809_181203_237095,-6.091528567,-49.84773713,81.64,9,0,0,straight
frame_696_lat--6.091566800000001_lon--49.84771876666667.png,20250809_181204_212579,-6.0915668,-49.84771877,76.95,9,0,0,straight
frame_697_lat--6.091606133333334_lon--49.847699299999995.png,20250809_181205_270756,-6.091606133,-49.8476993,72.1,9,0,0,straight
frame_698_lat--6.091646266666666_lon--49.84767923333334.png,20250809_181206_225196,-6.091646267,-49.84767923,67.14,9,0,0,straight
frame_699_lat--6.091686866666667_lon--49.84765933333333.png,20250809_181207_201937,-6.091686867,-49.84765933,62.14,9,0,0,straight
frame_700_lat--6.091727799999999_lon--49.84764046666667.png,20250809_181208_239764,-6.0917278,-49.84764047,57.15,9,0,0,straight
frame_701_lat--6.091769033333334_lon--49.8476232.png,20250809_181209_206583,-6.091769033,-49.8476232,52.21,9,0,0,straight
frame_702_lat--6.091810333333333_lon--49.84760726666667.png,20250809_181210_233955,-6.091810333,-49.84760727,47.33,9,0,0,straight
frame_703_lat--6.091851766666667_lon--49.84759176666667.png,20250809_181211_227727,-6.091851767,-49.84759177,42.46,9,0,0,straight
frame_704_lat--6.091894000000001_lon--49.8475764.png,20250809_181212_204283,-6.091894,-49.8475764,37.51,9,0,0,straight
frame_705_lat--6.091937866666667_lon--49.847561466666676.png,20250809_181213_231071,-6.091937867,-49.84756147,32.45,9,0,0,straight
frame_706_lat--6.091982133333332_lon--49.84754736666667.png,20250809_181214_201114,-6.091982133,-49.84754737,27.41,9,0,0,straight
frame_707_lat--6.092024499999999_lon--49.84753443333334.png,20250809_181215_229997,-6.0920245,-49.84753443,22.66,9,0,0,straight
frame_708_lat--6.092063866666666_lon--49.84752243333334.png,20250809_181216_266723,-6.092063867,-49.84752243,18.32,9,0,0,straight
frame_709_lat--6.0921012_lon--49.847511.png,20250809_181217_206992,-6.0921012,-49.847511,14.32,9,0,0,straight
frame_710_lat--6.092137666666667_lon--49.84750003333333.png,20250809_181218_244054,-6.092137667,-49.84750003,10.67,9,0,0,straight
frame_711_lat--6.092174166666667_lon--49.847489666666675.png,20250809_181219_220178,-6.092174167,-49.84748967,7.7,9,0,0,intersection
frame_712_lat--6.092211333333333_lon--49.847479966666675.png,20250809_181220_295868,-6.092211333,-49.84747997,6.39,9,0,0,intersection
frame_713_lat--6.092249233333333_lon--49.847470533333336.png,20250809_181221_214774,-6.092249233,-49.84747053,7.74,9,0,0,intersection
frame_714_lat--6.0922873_lon--49.8474613.png,20250809_181222_268427,-6.0922873,-49.8474613,10.81,9,0,0,straight
frame_715_lat--6.0923253_lon--49.847452266666664.png,20250809_181223_223662,-6.0923253,-49.84745227,14.53,9,0,0,straight
frame_716_lat--6.092363533333334_lon--49.84744339999999.png,20250809_181224_267550,-6.092363533,-49.8474434,18.54,9,0,0,straight
frame_717_lat--6.0924022_lon--49.84743423333333.png,20250809_181225_227119,-6.0924022,-49.84743423,22.72,9,0,0,straight
frame_718_lat--6.0924412666666665_lon--49.84742466666667.png,20250809_181226_200804,-6.092441267,-49.84742467,27.01,9,0,0,straight
frame_719_lat--6.092480866666667_lon--49.84741486666667.png,20250809_181227_237060,-6.092480867,-49.84741487,31.41,9,0,0,straight
frame_720_lat--6.092521266666667_lon--49.8474051.png,20250809_181228_201103,-6.092521267,-49.8474051,35.92,9,0,0,straight
frame_721_lat--6.092562433333334_lon--49.8473956.png,20250809_181229_239643,-6.092562433,-49.8473956,40.53,9,0,0,straight
frame_722_lat--6.092604533333333_lon--49.84738659999999.png,20250809_181230_214226,-6.092604533,-49.8473866,45.26,9,0,0,straight
frame_723_lat--6.092647866666667_lon--49.847377900000005.png,20250809_181231_240047,-6.092647867,-49.8473779,50.12,9,0,0,straight
frame_724_lat--6.092692533333333_lon--49.84736926666667.png,20250809_181232_211021,-6.092692533,-49.84736927,55.13,9,0,0,straight
frame_725_lat--6.092738366666666_lon--49.847360599999995.png,20250809_181233_257301,-6.092738367,-49.8473606,59.89,4,0,0,straight
frame_726_lat--6.0927845666666665_lon--49.847352066666666.png,20250809_181234_212005,-6.092784567,-49.84735207,54.75,4,0,0,straight
frame_727_lat--6.092829566666667_lon--49.84734373333333.png,20250809_181235_257919,-6.092829567,-49.84734373,49.76,4,0,0,straight
frame_728_lat--6.092872166666668_lon--49.847336066666664.png,20250809_181236_220622,-6.092872167,-49.84733607,45.05,4,0,0,straight
frame_729_lat--6.092912200000001_lon--49.84732863333333.png,20250809_181237_301847,-6.0929122,-49.84732863,40.63,4,0,0,straight
frame_730_lat--6.092950733333334_lon--49.847320333333336.png,20250809_181238_238104,-6.092950733,-49.84732033,36.35,4,0,0,straight
frame_731_lat--6.092989366666667_lon--49.84731033333334.png,20250809_181239_212846,-6.092989367,-49.84731033,32,4,0,0,straight
frame_732_lat--6.093029233333333_lon--49.8472986.png,20250809_181240_256730,-6.093029233,-49.8472986,27.46,4,0,0,straight
frame_733_lat--6.093070066666667_lon--49.8472857.png,20250809_181241_220071,-6.093070067,-49.8472857,22.79,4,0,0,straight
frame_734_lat--6.093110433333333_lon--49.847272700000005.png,20250809_181242_283479,-6.093110433,-49.8472727,18.19,4,0,0,straight
frame_735_lat--6.093148733333334_lon--49.8472608.png,20250809_181243_227624,-6.093148733,-49.8472608,13.91,4,0,0,straight
frame_736_lat--6.093184166666666_lon--49.847249899999994.png,20250809_181244_293218,-6.093184167,-49.8472499,10.09,4,0,0,straight
frame_737_lat--6.093216833333334_lon--49.84723846666667.png,20250809_181245_230497,-6.093216833,-49.84723847,6.72,4,0,0,intersection
frame_738_lat--6.093247233333333_lon--49.847226033333335.png,20250809_181246_207591,-6.093247233,-49.84722603,4.13,4,0,0,intersection
frame_739_lat--6.093277366666666_lon--49.847214.png,20250809_181247_257087,-6.093277367,-49.847214,3.94,4,0,0,intersection
frame_740_lat--6.093309533333333_lon--49.84720346666667.png,20250809_181248_220755,-6.093309533,-49.84720347,6.56,4,0,0,intersection
frame_741_lat--6.093345166666667_lon--49.84719439999999.png,20250809_181249_285469,-6.093345167,-49.8471944,10.32,4,0,0,straight
frame_742_lat--6.0933842_lon--49.84718516666667.png,20250809_181250_227674,-6.0933842,-49.84718517,14.63,4,0,0,straight
frame_743_lat--6.093425333333333_lon--49.8471736.png,20250809_181251_203138,-6.093425333,-49.8471736,19.24,4,0,0,straight
frame_744_lat--6.0934667_lon--49.84715893333333.png,20250809_181252_226774,-6.0934667,-49.84715893,23.98,4,0,0,straight
frame_745_lat--6.0935068999999995_lon--49.84714163333333.png,20250809_181253_197539,-6.0935069,-49.84714163,28.67,4,0,0,straight
frame_746_lat--6.093545366666666_lon--49.847122633333335.png,20250809_181254_237869,-6.093545367,-49.84712263,33.26,4,0,0,straight
frame_747_lat--6.093582933333333_lon--49.847103633333326.png,20250809_181255_210629,-6.093582933,-49.84710363,29.1,5,0,0,straight
frame_748_lat--6.093620933333332_lon--49.8470865.png,20250809_181256_271727,-6.093620933,-49.8470865,24.49,5,0,0,straight
frame_749_lat--6.093659966666666_lon--49.84707123333334.png,20250809_181257_226841,-6.093659967,-49.84707123,19.86,5,0,0,straight
frame_750_lat--6.093699166666667_lon--49.84705660000001.png,20250809_181258_200958,-6.093699167,-49.8470566,15.25,5,0,0,straight
frame_751_lat--6.0937372000000005_lon--49.8470416.png,20250809_181259_228274,-6.0937372,-49.8470416,10.75,5,0,0,straight
frame_752_lat--6.093773400000001_lon--49.847026166666666.png,20250809_181300_300976,-6.0937734,-49.84702617,6.42,5,0,0,intersection
frame_753_lat--6.093808366666666_lon--49.84701033333333.png,20250809_181301_235181,-6.093808367,-49.84701033,2.27,5,0,0,intersection
frame_754_lat--6.093843033333334_lon--49.8469942.png,20250809_181302_203898,-6.093843033,-49.8469942,2.22,5,0,0,intersection
frame_755_lat--6.0938783999999995_lon--49.846978033333336.png,20250809_181303_234950,-6.0938784,-49.84697803,6.44,5,0,0,intersection
frame_756_lat--6.0939149666666665_lon--49.84696243333333.png,20250809_181304_207527,-6.093914967,-49.84696243,10.83,5,0,0,straight
frame_757_lat--6.093952766666667_lon--49.846947433333334.png,20250809_181305_257902,-6.093952767,-49.84694743,15.32,5,0,0,straight
frame_758_lat--6.093991566666666_lon--49.8469326.png,20250809_181306_208190,-6.093991567,-49.8469326,19.92,5,0,0,straight
frame_759_lat--6.0940313_lon--49.84691746666666.png,20250809_181307_255106,-6.0940313,-49.84691747,24.62,5,0,0,straight
frame_760_lat--6.094071933333334_lon--49.846902.png,20250809_181308_219072,-6.094071933,-49.846902,29.43,5,0,0,straight
frame_761_lat--6.0941137_lon--49.84688656666667.png,20250809_181309_286740,-6.0941137,-49.84688657,34.35,5,0,0,straight
frame_762_lat--6.094156633333334_lon--49.8468711.png,20250809_181310_230643,-6.094156633,-49.8468711,39.4,5,0,0,straight
frame_763_lat--6.0942004_lon--49.846855733333335.png,20250809_181311_205238,-6.0942004,-49.84685573,44.53,5,0,0,straight
frame_764_lat--6.094244766666667_lon--49.84684053333334.png,20250809_181312_241359,-6.094244767,-49.84684053,49.72,5,0,0,straight
frame_765_lat--6.094289533333333_lon--49.84682556666667.png,20250809_181313_209245,-6.094289533,-49.84682557,54.93,5,0,0,straight
frame_766_lat--6.094334633333333_lon--49.846810700000006.png,20250809_181314_259833,-6.094334633,-49.8468107,60.18,5,0,0,straight
frame_767_lat--6.0943800999999995_lon--49.84679633333334.png,20250809_181315_222970,-6.0943801,-49.84679633,65.45,5,0,0,straight
frame_768_lat--6.094426033333333_lon--49.846783033333324.png,20250809_181316_242656,-6.094426033,-49.84678303,70.73,5,0,0,straight
frame_769_lat--6.094472266666667_lon--49.846771233333335.png,20250809_181317_208420,-6.094472267,-49.84677123,75.99,5,0,0,straight
frame_770_lat--6.0945176000000005_lon--49.84676113333334.png,20250809_181318_242136,-6.0945176,-49.84676113,81.09,5,0,0,straight
frame_771_lat--6.094560066666666_lon--49.84675263333333.png,20250809_181319_230658,-6.094560067,-49.84675263,85.85,5,0,0,straight
frame_772_lat--6.094597966666666_lon--49.84674536666667.png,20250809_181320_200468,-6.094597967,-49.84674537,90.08,5,0,0,straight
frame_773_lat--6.094630533333334_lon--49.8467387.png,20250809_181321_237810,-6.094630533,-49.8467387,93.73,5,0,0,straight
frame_774_lat--6.094658533333333_lon--49.84672986666667.png,20250809_181322_210396,-6.094658533,-49.84672987,96.98,5,0,0,straight
frame_775_lat--6.0946818333333335_lon--49.84671556666667.png,20250809_181323_242259,-6.094681833,-49.84671557,99.92,5,0,0,straight
frame_776_lat--6.094698500000001_lon--49.84669423333334.png,20250809_181324_234957,-6.0946985,-49.84669423,102.42,5,0,0,straight
frame_777_lat--6.094707466666667_lon--49.84666693333334.png,20250809_181325_206674,-6.094707467,-49.84666693,104.37,5,0,0,straight
frame_778_lat--6.094709933333333_lon--49.846636333333336.png,20250809_181326_244860,-6.094709933,-49.84663633,105.86,5,0,0,straight
frame_779_lat--6.094708433333335_lon--49.84660503333333.png,20250809_181327_217706,-6.094708433,-49.84660503,107.05,5,0,0,straight
frame_780_lat--6.094704900000001_lon--49.84657460000001.png,20250809_181328_289790,-6.0947049,-49.8465746,108.11,5,0,0,straight
frame_781_lat--6.094699666666668_lon--49.84654603333333.png,20250809_181329_225134,-6.094699667,-49.84654603,108.99,5,0,0,straight
frame_782_lat--6.0946931666666675_lon--49.846521433333336.png,20250809_181330_200406,-6.094693167,-49.84652143,109.63,5,0,0,straight
frame_783_lat--6.094686733333333_lon--49.846502766666674.png,20250809_181331_237986,-6.094686733,-49.84650277,110.02,5,0,0,straight
frame_784_lat--6.094681366666667_lon--49.84648919999999.png,20250809_181332_210524,-6.094681367,-49.8464892,110.26,5,0,0,straight
frame_785_lat--6.094674733333333_lon--49.84647096666667.png,20250809_181334_112473,-6.094674733,-49.84647097,110.68,5,9.05,12.33,straight
frame_786_lat--6.094671133333334_lon--49.84645476666667.png,20250809_181336_119625,-6.094671133,-49.84645477,111.29,5,9.28,13.3,straight
frame_787_lat--6.094669866666666_lon--49.846433033333334.png,20250809_181338_240428,-6.094669867,-49.84643303,112.49,5,0,0,straight
frame_788_lat--6.0946700666666676_lon--49.84641856666667.png,20250809_181339_211506,-6.094670067,-49.84641857,113.4,5,0,0,straight
frame_789_lat--6.094670433333333_lon--49.846401433333334.png,20250809_181340_222290,-6.094670433,-49.84640143,114.52,5,0,0,straight
frame_790_lat--6.094670433333334_lon--49.84638213333333.png,20250809_181341_282759,-6.094670433,-49.84638213,115.76,5,0,0,straight
frame_791_lat--6.0946698_lon--49.84636093333334.png,20250809_181342_225061,-6.0946698,-49.84636093,117.09,5,0,0,straight
frame_792_lat--6.094668433333334_lon--49.84633863333333.png,20250809_181343_200819,-6.094668433,-49.84633863,118.47,5,0,0,straight
frame_793_lat--6.094666466666667_lon--49.8463165.png,20250809_181344_230441,-6.094666467,-49.8463165,119.83,5,0,0,straight
frame_794_lat--6.094664_lon--49.84629476666667.png,20250809_181345_201784,-6.094664,-49.84629477,121.14,5,0,0,straight
frame_795_lat--6.0946612_lon--49.846273100000005.png,20250809_181346_237670,-6.0946612,-49.8462731,122.46,5,0,0,straight
frame_796_lat--6.094658633333333_lon--49.84625243333333.png,20250809_181347_200392,-6.094658633,-49.84625243,123.75,5,0,0,straight
frame_797_lat--6.0946567_lon--49.846234933333335.png,20250809_181348_228243,-6.0946567,-49.84623493,124.89,5,0,0,straight
frame_798_lat--6.094654433333333_lon--49.84621283333333.png,20250809_181350_139933,-6.094654433,-49.84621283,126.37,5,9.65,13.63,straight
frame_799_lat--6.094652833333333_lon--49.84619553333333.png,20250809_181353_086285,-6.094652833,-49.84619553,127.56,5,5.06,13.74,straight
frame_800_lat--6.0946476_lon--49.846176533333335.png,20250809_181356_162583,-6.0946476,-49.84617653,128.62,5,7.13,12.1,straight
frame_801_lat--6.0946389_lon--49.846164200000004.png,20250809_181358_196113,-6.0946389,-49.8461642,128.91,5,3.18,18.94,straight
frame_802_lat--6.094619333333332_lon--49.84615486666666.png,20250809_181400_244784,-6.094619333,-49.84615487,128.16,5,0,0,straight
frame_803_lat--6.094604366666666_lon--49.84615303333334.png,20250809_181401_210112,-6.094604367,-49.84615303,127.18,5,0,0,straight
frame_804_lat--6.094586666666666_lon--49.84615266666666.png,20250809_181402_241120,-6.094586667,-49.84615267,125.88,5,0,0,straight
frame_805_lat--6.094566566666666_lon--49.84615316666667.png,20250809_181403_204919,-6.094566567,-49.84615317,124.36,5,0,0,straight
frame_806_lat--6.094543366666666_lon--49.8461545.png,20250809_181404_238623,-6.094543367,-49.8461545,122.57,5,0,0,straight
frame_807_lat--6.094516033333333_lon--49.84615696666667.png,20250809_181405_213739,-6.094516033,-49.84615697,120.42,5,0,0,straight
frame_808_lat--6.0944847666666675_lon--49.84616093333333.png,20250809_181406_271711,-6.094484767,-49.84616093,117.9,5,0,0,straight
frame_809_lat--6.0944513_lon--49.84616656666667.png,20250809_181407_209204,-6.0944513,-49.84616657,115.14,5,0,0,straight
frame_810_lat--6.094417500000001_lon--49.8461741.png,20250809_181408_243022,-6.0944175,-49.8461741,112.25,5,0,0,straight
frame_811_lat--6.094383666666667_lon--49.84618356666667.png,20250809_181409_218193,-6.094383667,-49.84618357,109.23,5,0,0,straight
frame_812_lat--6.094348733333334_lon--49.846194733333334.png,20250809_181410_258569,-6.094348733,-49.84619473,106.05,5,0,0,straight
frame_813_lat--6.094311433333333_lon--49.84620686666666.png,20250809_181411_221447,-6.094311433,-49.84620687,102.7,5,0,0,straight
frame_814_lat--6.094272066666667_lon--49.84621886666666.png,20250809_181412_299079,-6.094272067,-49.84621887,99.33,5,0,0,straight
frame_815_lat--6.094231866666666_lon--49.84623023333333.png,20250809_181413_233707,-6.094231867,-49.84623023,96.07,5,0,0,straight
frame_816_lat--6.0941917666666665_lon--49.84624136666666.png,20250809_181414_206185,-6.094191767,-49.84624137,92.96,5,0,0,straight
frame_817_lat--6.094151666666666_lon--49.84625273333333.png,20250809_181415_239891,-6.094151667,-49.84625273,89.95,5,0,0,straight
frame_818_lat--6.094111633333332_lon--49.84626406666666.png,20250809_181416_213564,-6.094111633,-49.84626407,87.08,5,0,0,straight
frame_819_lat--6.0940711_lon--49.84627593333333.png,20250809_181417_259497,-6.0940711,-49.84627593,84.3,5,0,0,straight
frame_820_lat--6.094029399999999_lon--49.84628933333333.png,20250809_181418_222356,-6.0940294,-49.84628933,81.49,5,0,0,straight
frame_821_lat--6.0939864_lon--49.84630443333333.png,20250809_181419_300739,-6.0939864,-49.84630443,78.66,5,0,0,straight
frame_822_lat--6.093943399999999_lon--49.84632046666667.png,20250809_181420_240734,-6.0939434,-49.84632047,75.59,8,0,0,straight
frame_823_lat--6.093901166666667_lon--49.84633683333333.png,20250809_181421_214634,-6.093901167,-49.84633683,70.59,8,0,0,straight
frame_824_lat--6.093859066666666_lon--49.84635330000001.png,20250809_181422_271900,-6.093859067,-49.8463533,65.61,8,0,0,straight
frame_825_lat--6.093816433333333_lon--49.846369800000005.png,20250809_181423_210875,-6.093816433,-49.8463698,60.57,8,0,0,straight
frame_826_lat--6.093772966666667_lon--49.846386499999994.png,20250809_181424_238059,-6.093772967,-49.8463865,55.45,8,0,0,straight
frame_827_lat--6.093728733333334_lon--49.846403466666665.png,20250809_181425_213791,-6.093728733,-49.84640347,50.23,8,0,0,straight
frame_828_lat--6.0936841_lon--49.84642026666666.png,20250809_181426_271829,-6.0936841,-49.84642027,44.99,8,0,0,straight
frame_829_lat--6.093639866666668_lon--49.84643616666666.png,20250809_181427_218489,-6.093639867,-49.84643617,39.81,8,0,0,straight
frame_830_lat--6.093597_lon--49.8464505.png,20250809_181428_193459,-6.093597,-49.8464505,34.84,8,0,0,straight
frame_831_lat--6.093557633333332_lon--49.84646293333333.png,20250809_181429_219615,-6.093557633,-49.84646293,30.29,8,0,0,straight
frame_832_lat--6.093523833333333_lon--49.84647269999999.png,20250809_181430_296936,-6.093523833,-49.8464727,26.41,8,0,0,straight
frame_833_lat--6.093495366666666_lon--49.84647993333333.png,20250809_181431_231573,-6.093495367,-49.84647993,23.16,8,0,0,straight
frame_834_lat--6.093469533333332_lon--49.84648583333334.png,20250809_181432_203521,-6.093469533,-49.84648583,20.23,8,0,0,straight
frame_835_lat--6.0934452666666665_lon--49.8464912.png,20250809_181433_235939,-6.093445267,-49.8464912,17.48,8,0,0,straight
frame_836_lat--6.093423266666667_lon--49.84649566666666.png,20250809_181434_208284,-6.093423267,-49.84649567,15,8,0,0,straight
frame_837_lat--6.093404633333334_lon--49.84649946666666.png,20250809_181435_255872,-6.093404633,-49.84649947,12.9,8,0,0,straight
frame_838_lat--6.0933882_lon--49.84650320000001.png,20250809_181436_220317,-6.0933882,-49.8465032,11.04,8,0,0,straight
frame_839_lat--6.093371733333333_lon--49.84650733333333.png,20250809_181437_300832,-6.093371733,-49.84650733,9.16,8,0,0,straight
frame_840_lat--6.0933541333333325_lon--49.846512000000004.png,20250809_181438_232901,-6.093354133,-49.846512,7.16,8,0,0,intersection
frame_841_lat--6.0933356666666665_lon--49.846517166666665.png,20250809_181439_206307,-6.093335667,-49.84651717,5.07,8,0,0,intersection
frame_842_lat--6.093316166666666_lon--49.84652306666667.png,20250809_181440_242197,-6.093316167,-49.84652307,2.9,8,0,0,intersection
frame_843_lat--6.093294133333333_lon--49.84653010000001.png,20250809_181441_215291,-6.093294133,-49.8465301,1.11,8,0,0,intersection
frame_844_lat--6.093268_lon--49.8465383.png,20250809_181442_271036,-6.093268,-49.8465383,3.1,8,0,0,intersection
frame_845_lat--6.093237599999999_lon--49.84654753333333.png,20250809_181443_226912,-6.0932376,-49.84654753,6.5,8,0,0,intersection
frame_846_lat--6.093203066666666_lon--49.84655766666666.png,20250809_181444_203510,-6.093203067,-49.84655767,10.44,8,0,0,straight
frame_847_lat--6.0931641_lon--49.84656893333333.png,20250809_181445_239963,-6.0931641,-49.84656893,14.9,8,0,0,straight
frame_848_lat--6.0931212666666665_lon--49.846581099999995.png,20250809_181446_213747,-6.093121267,-49.8465811,19.81,8,0,0,straight
frame_849_lat--6.093076166666667_lon--49.84659356666667.png,20250809_181447_269651,-6.093076167,-49.84659357,24.97,8,0,0,straight
frame_850_lat--6.0930304333333325_lon--49.846605966666665.png,20250809_181448_223549,-6.093030433,-49.84660597,30.21,8,0,0,straight
frame_851_lat--6.092985166666667_lon--49.84661763333334.png,20250809_181449_200960,-6.092985167,-49.84661763,35.37,8,0,0,straight
frame_852_lat--6.092941766666667_lon--49.846628233333334.png,20250809_181450_235833,-6.092941767,-49.84662823,40.3,8,0,0,straight
frame_853_lat--6.092901533333334_lon--49.846637566666665.png,20250809_181451_204992,-6.092901533,-49.84663757,44.86,8,0,0,straight
frame_854_lat--6.092863633333333_lon--49.84664596666667.png,20250809_181452_234723,-6.092863633,-49.84664597,49.14,8,0,0,straight
frame_855_lat--6.092826_lon--49.84665436666667.png,20250809_181453_206909,-6.092826,-49.84665437,53.39,8,0,0,straight
frame_856_lat--6.0927875333333334_lon--49.84666333333333.png,20250809_181454_243373,-6.092787533,-49.84666333,57.76,8,0,0,straight
frame_857_lat--6.092747966666666_lon--49.846672866666665.png,20250809_181455_220181,-6.092747967,-49.84667287,62.25,8,0,0,straight
frame_858_lat--6.0927082666666665_lon--49.8466823.png,20250809_181456_298999,-6.092708267,-49.8466823,66.76,8,0,0,straight
frame_859_lat--6.092669233333333_lon--49.846690466666665.png,20250809_181457_230389,-6.092669233,-49.84669047,69.69,7,0,0,straight
frame_860_lat--6.0926311333333345_lon--49.84669733333333.png,20250809_181458_203787,-6.092631133,-49.84669733,65.41,7,0,0,straight
frame_861_lat--6.0925934333333345_lon--49.84670396666667.png,20250809_181459_243841,-6.092593433,-49.84670397,61.17,7,0,0,straight
frame_862_lat--6.092556666666666_lon--49.846711266666674.png,20250809_181500_207280,-6.092556667,-49.84671127,57.03,7,0,0,straight
frame_863_lat--6.092521866666666_lon--49.84671916666666.png,20250809_181501_235433,-6.092521867,-49.84671917,53.1,7,0,0,straight
frame_864_lat--6.0924885_lon--49.8467275.png,20250809_181502_208348,-6.0924885,-49.8467275,49.31,7,0,0,straight
frame_865_lat--6.092454833333333_lon--49.846736400000005.png,20250809_181503_224766,-6.092454833,-49.8467364,45.49,7,0,0,straight
frame_866_lat--6.0924203666666665_lon--49.846745866666666.png,20250809_181504_296094,-6.092420367,-49.84674587,41.58,7,0,0,straight
frame_867_lat--6.092387466666667_lon--49.84675483333334.png,20250809_181505_224725,-6.092387467,-49.84675483,37.85,7,0,0,straight
frame_868_lat--6.092356766666667_lon--49.846762866666666.png,20250809_181506_301022,-6.092356767,-49.84676287,34.39,7,0,0,straight
frame_869_lat--6.092326566666666_lon--49.8467703.png,20250809_181507_234077,-6.092326567,-49.8467703,30.99,7,0,0,straight
frame_870_lat--6.092295233333333_lon--49.84677756666666.png,20250809_181508_209778,-6.092295233,-49.84677757,27.49,7,0,0,straight
frame_871_lat--6.092263133333334_lon--49.84678423333333.png,20250809_181509_270206,-6.092263133,-49.84678423,23.91,7,0,0,straight
frame_872_lat--6.0922325_lon--49.846789666666666.png,20250809_181510_221118,-6.0922325,-49.84678967,20.51,7,0,0,straight
frame_873_lat--6.092205666666667_lon--49.84679363333334.png,20250809_181511_298950,-6.092205667,-49.84679363,17.55,7,0,0,straight
frame_874_lat--6.0921827666666655_lon--49.84679633333334.png,20250809_181512_233851,-6.092182767,-49.84679633,15.03,7,0,0,straight
frame_875_lat--6.092162466666666_lon--49.846797900000006.png,20250809_181513_208072,-6.092162467,-49.8467979,12.8,7,0,0,straight
frame_876_lat--6.092143_lon--49.84679806666667.png,20250809_181514_244299,-6.092143,-49.84679807,10.65,7,0,0,straight
frame_877_lat--6.092122733333333_lon--49.84679746666667.png,20250809_181515_214692,-6.092122733,-49.84679747,8.42,7,0,0,intersection
frame_878_lat--6.0921012333333335_lon--49.8467979.png,20250809_181516_273475,-6.092101233,-49.8467979,6.06,7,0,0,intersection
frame_879_lat--6.092078166666665_lon--49.84680123333333.png,20250809_181517_224921,-6.092078167,-49.84680123,3.66,7,0,0,intersection
frame_880_lat--6.0920535000000005_lon--49.846808233333334.png,20250809_181518_200502,-6.0920535,-49.84680823,2.14,7,0,0,intersection
frame_881_lat--6.092026666666667_lon--49.84681836666666.png,20250809_181519_241324,-6.092026667,-49.84681837,3.86,7,0,0,intersection
frame_882_lat--6.091997199999999_lon--49.84683063333334.png,20250809_181520_218162,-6.0919972,-49.84683063,7.11,7,0,0,intersection
frame_883_lat--6.091964766666666_lon--49.846843866666674.png,20250809_181521_256335,-6.091964767,-49.84684387,10.87,7,0,0,straight
frame_884_lat--6.091930066666666_lon--49.846857433333334.png,20250809_181522_218838,-6.091930067,-49.84685743,14.93,7,0,0,straight
frame_885_lat--6.0918939666666665_lon--49.846871066666665.png,20250809_181523_256816,-6.091893967,-49.84687107,19.16,7,0,0,straight
frame_886_lat--6.091857366666667_lon--49.846884466666666.png,20250809_181524_219003,-6.091857367,-49.84688447,23.43,7,0,0,straight
frame_887_lat--6.091820800000001_lon--49.84689746666666.png,20250809_181525_296150,-6.0918208,-49.84689747,27.7,7,0,0,straight
frame_888_lat--6.091784200000001_lon--49.84690946666666.png,20250809_181526_228857,-6.0917842,-49.84690947,31.93,7,0,0,straight
frame_889_lat--6.0917472_lon--49.84692086666666.png,20250809_181527_201258,-6.0917472,-49.84692087,36.18,7,0,0,straight
frame_890_lat--6.091710033333333_lon--49.8469325.png,20250809_181528_232118,-6.091710033,-49.8469325,40.47,7,0,0,straight
frame_891_lat--6.091672866666667_lon--49.84694509999999.png,20250809_181529_210706,-6.091672867,-49.8469451,44.8,7,0,0,straight
frame_892_lat--6.0916352666666675_lon--49.846958699999995.png,20250809_181530_273903,-6.091635267,-49.8469587,49.21,7,0,0,straight
frame_893_lat--6.091596433333335_lon--49.8469732.png,20250809_181531_223635,-6.091596433,-49.8469732,53.8,7,0,0,straight
frame_894_lat--6.091555966666666_lon--49.846988466666666.png,20250809_181532_241820,-6.091555967,-49.84698847,58.58,7,0,0,straight
frame_895_lat--6.091514266666666_lon--49.8470047.png,20250809_181533_215818,-6.091514267,-49.8470047,63.53,7,0,0,straight
frame_896_lat--6.091471699999999_lon--49.847021733333335.png,20250809_181534_284370,-6.0914717,-49.84702173,68.6,7,0,0,straight
frame_897_lat--6.091428499999999_lon--49.84703936666667.png,20250809_181535_218444,-6.0914285,-49.84703937,73.76,7,0,0,straight
frame_898_lat--6.0913848_lon--49.84705746666667.png,20250809_181536_234466,-6.0913848,-49.84705747,78.99,7,0,0,straight
frame_899_lat--6.091341266666667_lon--49.847076.png,20250809_181537_203880,-6.091341267,-49.847076,84.22,7,0,0,straight
frame_900_lat--6.091299266666667_lon--49.84709436666667.png,20250809_181538_240999,-6.091299267,-49.84709437,89.29,7,0,0,straight
frame_901_lat--6.091261266666666_lon--49.84711113333334.png,20250809_181539_216668,-6.091261267,-49.84711113,90.23,13,0,0,straight
frame_902_lat--6.0912278_lon--49.84712576666667.png,20250809_181540_286440,-6.0912278,-49.84712577,86.19,13,0,0,straight
frame_903_lat--6.091198566666666_lon--49.84713856666667.png,20250809_181541_229453,-6.091198567,-49.84713857,82.66,13,0,0,straight
frame_904_lat--6.091174533333333_lon--49.84714923333333.png,20250809_181542_202125,-6.091174533,-49.84714923,79.76,13,0,0,straight
frame_905_lat--6.091156966666666_lon--49.84715729999999.png,20250809_181543_243084,-6.091156967,-49.8471573,77.62,13,0,0,straight
frame_906_lat--6.091138599999999_lon--49.84716576666666.png,20250809_181545_156691,-6.0911386,-49.84716577,75.39,13,7.5,355.14,straight
frame_907_lat--6.0911221_lon--49.8471736.png,20250809_181548_103437,-6.0911221,-49.8471736,73.37,13,7.74,354.94,straight
frame_908_lat--6.091107766666665_lon--49.84718076666667.png,20250809_181550_108303,-6.091107767,-49.84718077,71.6,13,8.58,354.82,straight
frame_909_lat--6.0910929_lon--49.847187299999995.png,20250809_181552_116373,-6.0910929,-49.8471873,69.81,13,8.83,355.43,straight
frame_910_lat--6.091077000000001_lon--49.8471942.png,20250809_181554_114969,-6.091077,-49.8471942,67.89,13,10.06,355.39,straight
frame_911_lat--6.091053799999999_lon--49.84720393333335.png,20250809_181556_208245,-6.0910538,-49.84720393,65.11,13,0,0,straight
frame_912_lat--6.091039866666667_lon--49.84720943333334.png,20250809_181557_235380,-6.091039867,-49.84720943,63.45,13,0,0,straight
frame_913_lat--6.091024733333333_lon--49.847215600000006.png,20250809_181558_206472,-6.091024733,-49.8472156,61.64,13,0,0,straight
frame_914_lat--6.091007599999999_lon--49.847223166666666.png,20250809_181559_269133,-6.0910076,-49.84722317,59.57,13,0,0,straight
frame_915_lat--6.0909876_lon--49.8472324.png,20250809_181600_230724,-6.0909876,-49.8472324,57.14,13,0,0,straight
frame_916_lat--6.0909648333333335_lon--49.847243066666664.png,20250809_181601_209025,-6.090964833,-49.84724307,54.37,13,0,0,straight
frame_917_lat--6.090940233333333_lon--49.84725469999999.png,20250809_181602_256443,-6.090940233,-49.8472547,51.36,13,0,0,straight
frame_918_lat--6.0909147_lon--49.84726723333333.png,20250809_181603_220919,-6.0909147,-49.84726723,48.23,13,0,0,straight
frame_919_lat--6.090888133333333_lon--49.84728033333333.png,20250809_181604_292447,-6.090888133,-49.84728033,44.97,13,0,0,straight
frame_920_lat--6.0908603333333335_lon--49.847293666666666.png,20250809_181605_220892,-6.090860333,-49.84729367,41.58,13,0,0,straight
frame_921_lat--6.090831666666667_lon--49.84730713333333.png,20250809_181606_297443,-6.090831667,-49.84730713,38.09,13,0,0,straight
frame_922_lat--6.0908033_lon--49.847320466666666.png,20250809_181607_222030,-6.0908033,-49.84732047,34.64,13,0,0,straight
frame_923_lat--6.090776100000001_lon--49.847333066666664.png,20250809_181608_301306,-6.0907761,-49.84733307,31.34,13,0,0,straight
frame_924_lat--6.0907502000000004_lon--49.84734513333333.png,20250809_181609_235682,-6.0907502,-49.84734513,28.21,13,0,0,straight
frame_925_lat--6.090725266666666_lon--49.84735706666666.png,20250809_181610_208333,-6.090725267,-49.84735707,25.18,13,0,0,straight
frame_926_lat--6.090701733333333_lon--49.84736806666666.png,20250809_181611_256595,-6.090701733,-49.84736807,22.35,13,0,0,straight
frame_927_lat--6.090680466666667_lon--49.84737706666667.png,20250809_181612_218046,-6.090680467,-49.84737707,19.82,13,0,0,straight
frame_928_lat--6.090661933333334_lon--49.84738423333333.png,20250809_181613_296045,-6.090661933,-49.84738423,17.64,13,0,0,straight
frame_929_lat--6.090645866666667_lon--49.84739056666666.png,20250809_181614_218799,-6.090645867,-49.84739057,15.75,13,0,0,straight
frame_930_lat--6.090631666666665_lon--49.847396533333324.png,20250809_181615_264519,-6.090631667,-49.84739653,14.07,13,0,0,straight
frame_931_lat--6.090608666666666_lon--49.84740596666667.png,20250809_181617_173476,-6.090608667,-49.84740597,11.38,13,10.92,355.75,straight
frame_932_lat--6.0905939333333325_lon--49.84741116666667.png,20250809_181619_185385,-6.090593933,-49.84741117,9.69,13,6.47,356.31,straight
frame_933_lat--6.090574366666667_lon--49.8474163.png,20250809_181622_141104,-6.090574367,-49.8474163,7.48,13,8.47,357.89,intersection
frame_934_lat--6.0905508_lon--49.8474131.png,20250809_181624_298347,-6.0905508,-49.8474131,4.94,13,0,0,intersection
frame_935_lat--6.0905366333333335_lon--49.84740383333334.png,20250809_181625_231887,-6.090536633,-49.84740383,3.84,13,0,0,intersection
frame_936_lat--6.090523166666667_lon--49.847387466666675.png,20250809_181626_204042,-6.090523167,-49.84738747,4.22,13,0,0,intersection
frame_937_lat--6.090509933333334_lon--49.847364533333334.png,20250809_181627_242986,-6.090509933,-49.84736453,6.37,13,0,0,intersection
frame_938_lat--6.090495199999999_lon--49.84733596666666.png,20250809_181628_216606,-6.0904952,-49.84733597,9.61,13,0,0,intersection
frame_939_lat--6.090478299999999_lon--49.8473023.png,20250809_181629_295663,-6.0904783,-49.8473023,13.63,13,0,0,straight
frame_940_lat--6.090460133333333_lon--49.847264900000006.png,20250809_181630_228605,-6.090460133,-49.8472649,18.15,13,0,0,straight
frame_941_lat--6.090441966666667_lon--49.84722596666667.png,20250809_181631_204072,-6.090441967,-49.84722597,22.86,13,0,0,straight
frame_942_lat--6.090424133333334_lon--49.847186866666675.png,20250809_181632_243504,-6.090424133,-49.84718687,27.59,13,0,0,straight
frame_943_lat--6.090406333333335_lon--49.84714760000001.png,20250809_181633_202374,-6.090406333,-49.8471476,32.35,13,0,0,straight
frame_944_lat--6.090388133333333_lon--49.84710773333333.png,20250809_181634_231514,-6.090388133,-49.84710773,37.19,13,0,0,straight
frame_945_lat--6.090369866666667_lon--49.847068.png,20250809_181635_201441,-6.090369867,-49.847068,33.03,14,0,0,straight
frame_946_lat--6.0903524_lon--49.8470295.png,20250809_181636_236933,-6.0903524,-49.8470295,28.35,14,0,0,straight
frame_947_lat--6.090336466666668_lon--49.846993166666664.png,20250809_181637_211380,-6.090336467,-49.84699317,23.96,14,0,0,straight
frame_948_lat--6.090322866666666_lon--49.846959633333334.png,20250809_181638_258092,-6.090322867,-49.84695963,19.96,14,0,0,straight
frame_949_lat--6.090313033333333_lon--49.8469283.png,20250809_181639_219987,-6.090313033,-49.8469283,16.34,14,0,0,straight
frame_950_lat--6.0903093666666654_lon--49.846898966666664.png,20250809_181640_300234,-6.090309367,-49.84689897,13.23,14,0,0,straight
frame_951_lat--6.0903136333333325_lon--49.846872866666665.png,20250809_181641_232033,-6.090313633,-49.84687287,11.03,14,0,0,straight
frame_952_lat--6.090326066666667_lon--49.84685133333333.png,20250809_181642_200776,-6.090326067,-49.84685133,10.26,14,0,0,straight
frame_953_lat--6.090345166666667_lon--49.84683403333334.png,20250809_181643_238389,-6.090345167,-49.84683403,11.06,14,0,0,straight
frame_954_lat--6.0903689_lon--49.84681906666667.png,20250809_181644_206545,-6.0903689,-49.84681907,13.03,14,0,0,straight
frame_955_lat--6.090395866666666_lon--49.846804299999995.png,20250809_181645_257297,-6.090395867,-49.8468043,15.74,14,0,0,straight
frame_956_lat--6.090426233333332_lon--49.846788466666666.png,20250809_181646_218589,-6.090426233,-49.84678847,19.05,14,0,0,straight
frame_957_lat--6.09046_lon--49.8467715.png,20250809_181647_282526,-6.09046,-49.8467715,22.9,14,0,0,straight
frame_958_lat--6.090496633333332_lon--49.84675356666666.png,20250809_181648_223515,-6.090496633,-49.84675357,27.18,14,0,0,straight
frame_959_lat--6.090535233333332_lon--49.8467349.png,20250809_181649_301280,-6.090535233,-49.8467349,31.76,14,0,0,straight
frame_960_lat--6.090573999999999_lon--49.84671603333333.png,20250809_181650_234244,-6.090574,-49.84671603,36.4,14,0,0,straight
frame_961_lat--6.090612233333333_lon--49.84669699999999.png,20250809_181651_207923,-6.090612233,-49.846697,41.02,14,0,0,straight
frame_962_lat--6.090650533333333_lon--49.84667726666667.png,20250809_181652_233448,-6.090650533,-49.84667727,45.68,14,0,0,straight
frame_963_lat--6.090689500000001_lon--49.8466566.png,20250809_181653_208736,-6.0906895,-49.8466566,50.47,14,0,0,straight
frame_964_lat--6.0907289_lon--49.846635533333334.png,20250809_181654_260357,-6.0907289,-49.84663553,55.33,14,0,0,straight
frame_965_lat--6.090768533333334_lon--49.846614333333335.png,20250809_181655_218454,-6.090768533,-49.84661433,60.24,14,0,0,straight
frame_966_lat--6.0908085_lon--49.84659273333334.png,20250809_181656_290151,-6.0908085,-49.84659273,65.2,14,0,0,straight
frame_967_lat--6.0908489333333335_lon--49.84657059999999.png,20250809_181657_225695,-6.090848933,-49.8465706,70.25,14,0,0,straight
frame_968_lat--6.090889933333334_lon--49.84654836666667.png,20250809_181658_299483,-6.090889933,-49.84654837,75.36,14,0,0,straight
frame_969_lat--6.0909317000000005_lon--49.84652646666667.png,20250809_181659_229011,-6.0909317,-49.84652647,80.54,14,0,0,straight
frame_970_lat--6.090973933333332_lon--49.84650493333333.png,20250809_181700_283614,-6.090973933,-49.84650493,85.76,14,0,0,straight
frame_971_lat--6.091015166666668_lon--49.84648429999999.png,20250809_181701_232881,-6.091015167,-49.8464843,90.85,14,0,0,straight
frame_972_lat--6.091054300000001_lon--49.84646503333333.png,20250809_181702_207908,-6.0910543,-49.84646503,95.66,14,0,0,straight
frame_973_lat--6.091092266666666_lon--49.846447.png,20250809_181703_245639,-6.091092267,-49.846447,96.47,15,0,0,straight
frame_974_lat--6.091130766666667_lon--49.8464296.png,20250809_181704_217094,-6.091130767,-49.8464296,91.82,15,0,0,straight
frame_975_lat--6.091170033333333_lon--49.846412666666666.png,20250809_181705_297277,-6.091170033,-49.84641267,87.11,15,0,0,straight
frame_976_lat--6.0912090333333335_lon--49.8463965.png,20250809_181706_231379,-6.091209033,-49.8463965,82.45,15,0,0,straight
frame_977_lat--6.091247399999999_lon--49.84638106666667.png,20250809_181707_203124,-6.0912474,-49.84638107,77.88,15,0,0,straight
frame_978_lat--6.091286633333333_lon--49.846366333333336.png,20250809_181708_236175,-6.091286633,-49.84636633,73.25,15,0,0,straight
frame_979_lat--6.091328033333333_lon--49.84635226666667.png,20250809_181709_208594,-6.091328033,-49.84635227,68.42,15,0,0,straight
frame_980_lat--6.091372699999999_lon--49.84633876666667.png,20250809_181710_241926,-6.0913727,-49.84633877,63.26,15,0,0,straight
frame_981_lat--6.0914208_lon--49.84632500000001.png,20250809_181711_214010,-6.0914208,-49.846325,57.73,15,0,0,straight
frame_982_lat--6.091471333333333_lon--49.846310233333334.png,20250809_181712_243030,-6.091471333,-49.84631023,51.91,15,0,0,straight
frame_983_lat--6.091521966666667_lon--49.846294799999995.png,20250809_181713_216673,-6.091521967,-49.8462948,46.06,15,0,0,straight
frame_984_lat--6.0915707_lon--49.8462805.png,20250809_181714_254172,-6.0915707,-49.8462805,40.45,15,0,0,straight
frame_985_lat--6.091616199999999_lon--49.8462686.png,20250809_181715_220973,-6.0916162,-49.8462686,35.27,15,0,0,straight
frame_986_lat--6.0916584999999985_lon--49.8462592.png,20250809_181716_302132,-6.0916585,-49.8462592,30.52,15,0,0,straight
frame_987_lat--6.091698733333334_lon--49.8462516.png,20250809_181717_226350,-6.091698733,-49.8462516,26.08,15,0,0,straight
frame_988_lat--6.0917384_lon--49.84624493333333.png,20250809_181718_283503,-6.0917384,-49.84624493,21.77,15,0,0,straight
frame_989_lat--6.0917775999999995_lon--49.84623863333333.png,20250809_181719_232091,-6.0917776,-49.84623863,17.61,15,0,0,straight
frame_990_lat--6.091815433333332_lon--49.846232699999995.png,20250809_181720_202524,-6.091815433,-49.8462327,13.73,15,0,0,straight
frame_991_lat--6.091852333333333_lon--49.846226933333334.png,20250809_181721_243703,-6.091852333,-49.84622693,10.22,15,0,0,straight
frame_992_lat--6.091889766666666_lon--49.84622076666667.png,20250809_181722_215880,-6.091889767,-49.84622077,7.33,15,0,0,intersection
frame_993_lat--6.091928666666666_lon--49.846213266666666.png,20250809_181723_285396,-6.091928667,-49.84621327,6.06,15,0,0,intersection
frame_994_lat--6.091968866666666_lon--49.84620403333333.png,20250809_181724_228001,-6.091968867,-49.84620403,7.61,15,0,0,intersection
frame_995_lat--6.092009966666667_lon--49.8461933.png,20250809_181725_201830,-6.092009967,-49.8461933,11.03,15,0,0,straight
frame_996_lat--6.092052100000001_lon--49.84618163333333.png,20250809_181726_239766,-6.0920521,-49.84618163,15.24,15,0,0,straight
frame_997_lat--6.0920958333333335_lon--49.846170099999995.png,20250809_181727_213729,-6.092095833,-49.8461701,19.92,15,0,0,straight
frame_998_lat--6.0921414_lon--49.846159533333335.png,20250809_181728_224721,-6.0921414,-49.84615953,24.93,15,0,0,straight
frame_999_lat--6.0921883999999995_lon--49.84615016666667.png,20250809_181729_298816,-6.0921884,-49.84615017,30.14,15,0,0,straight
frame_1000_lat--6.092236466666667_lon--49.846141333333335.png,20250809_181730_232014,-6.092236467,-49.84614133,35.5,15,0,0,straight
frame_1001_lat--6.0922852999999995_lon--49.84613183333333.png,20250809_181731_206483,-6.0922853,-49.84613183,40.96,15,0,0,straight
frame_1002_lat--6.092334133333333_lon--49.84612033333334.png,20250809_181732_241981,-6.092334133,-49.84612033,46.45,15,0,0,straight
frame_1003_lat--6.0923822_lon--49.8461064.png,20250809_181733_219692,-6.0923822,-49.8461064,51.9,15,0,0,straight
frame_1004_lat--6.092429399999999_lon--49.846090933333336.png,20250809_181734_283163,-6.0924294,-49.84609093,57.29,15,0,0,straight
frame_1005_lat--6.092476633333333_lon--49.84607576666667.png,20250809_181735_210725,-6.092476633,-49.84607577,62.7,15,0,0,straight
frame_1006_lat--6.092524766666666_lon--49.84606183333333.png,20250809_181736_234581,-6.092524767,-49.84606183,68.19,15,0,0,straight
frame_1007_lat--6.092574066666666_lon--49.846049166666674.png,20250809_181737_205119,-6.092574067,-49.84604917,73.8,15,0,0,straight
frame_1008_lat--6.0926243_lon--49.846037333333335.png,20250809_181738_219529,-6.0926243,-49.84603733,79.5,15,0,0,straight
frame_1009_lat--6.092675266666667_lon--49.84602629999999.png,20250809_181739_233395,-6.092675267,-49.8460263,85.26,15,0,0,straight
frame_1010_lat--6.092726766666667_lon--49.846015900000005.png,20250809_181740_286283,-6.092726767,-49.8460159,83.7,8,0,0,straight
frame_1011_lat--6.092778533333333_lon--49.84600583333334.png,20250809_181741_230121,-6.092778533,-49.84600583,80.32,8,0,0,straight
frame_1012_lat--6.092830166666667_lon--49.84599536666667.png,20250809_181742_205061,-6.092830167,-49.84599537,77.27,8,0,0,straight
frame_1013_lat--6.092881_lon--49.84598396666668.png,20250809_181743_240518,-6.092881,-49.84598397,74.7,8,0,0,straight
frame_1014_lat--6.092930866666667_lon--49.84597213333334.png,20250809_181744_206072,-6.092930867,-49.84597213,72.59,8,0,0,straight
frame_1015_lat--6.092980166666667_lon--49.84596066666666.png,20250809_181745_242419,-6.092980167,-49.84596067,70.86,8,0,0,straight
frame_1016_lat--6.093029133333333_lon--49.84594966666666.png,20250809_181746_220565,-6.093029133,-49.84594967,69.51,8,0,0,straight
frame_1017_lat--6.093077166666666_lon--49.84593863333333.png,20250809_181747_299256,-6.093077167,-49.84593863,68.63,8,0,0,straight
frame_1018_lat--6.093122766666666_lon--49.84592740000001.png,20250809_181748_237710,-6.093122767,-49.8459274,68.26,8,0,0,straight
frame_1019_lat--6.093164066666666_lon--49.84591713333334.png,20250809_181749_206329,-6.093164067,-49.84591713,68.28,8,0,0,straight
frame_1020_lat--6.0932001_lon--49.84590973333333.png,20250809_181750_268225,-6.0932001,-49.84590973,68.39,8,0,0,straight
frame_1021_lat--6.093230966666666_lon--49.845907133333334.png,20250809_181751_217395,-6.093230967,-49.84590713,68.26,8,0,0,straight
frame_1022_lat--6.093257433333333_lon--49.8459105.png,20250809_181752_275734,-6.093257433,-49.8459105,67.68,8,0,0,straight
frame_1023_lat--6.093278966666667_lon--49.845920766666666.png,20250809_181753_219113,-6.093278967,-49.84592077,66.45,8,0,0,straight
frame_1024_lat--6.093294033333334_lon--49.8459378.png,20250809_181754_270664,-6.093294033,-49.8459378,64.56,8,0,0,straight
frame_1025_lat--6.093302366666667_lon--49.84596023333334.png,20250809_181755_215149,-6.093302367,-49.84596023,62.09,8,0,0,straight
frame_1026_lat--6.093305633333334_lon--49.8459866.png,20250809_181756_244261,-6.093305633,-49.8459866,59.18,8,0,0,straight
frame_1027_lat--6.0933065_lon--49.84601610000001.png,20250809_181757_218677,-6.0933065,-49.8460161,55.92,8,0,0,straight
frame_1028_lat--6.093306833333332_lon--49.8460481.png,20250809_181758_269834,-6.093306833,-49.8460481,52.38,8,0,0,straight
frame_1029_lat--6.093307333333334_lon--49.84608113333333.png,20250809_181759_219640,-6.093307333,-49.84608113,48.73,8,0,0,straight
frame_1030_lat--6.0933079_lon--49.84611386666667.png,20250809_181800_300962,-6.0933079,-49.84611387,45.11,8,0,0,straight
frame_1031_lat--6.093308166666666_lon--49.8461458.png,20250809_181801_239292,-6.093308167,-49.8461458,41.58,8,0,0,straight
frame_1032_lat--6.093308066666666_lon--49.84617706666667.png,20250809_181802_224358,-6.093308067,-49.84617707,38.12,8,0,0,straight
frame_1033_lat--6.093307699999999_lon--49.846209333333334.png,20250809_181803_203240,-6.0933077,-49.84620933,34.56,8,0,0,straight
frame_1034_lat--6.093307033333334_lon--49.846244166666665.png,20250809_181804_240450,-6.093307033,-49.84624417,30.7,8,0,0,straight
frame_1035_lat--6.093305866666667_lon--49.84628106666666.png,20250809_181805_213915,-6.093305867,-49.84628107,26.62,8,0,0,straight
frame_1036_lat--6.0933042_lon--49.846318100000005.png,20250809_181806_258928,-6.0933042,-49.8463181,22.51,8,0,0,straight
frame_1037_lat--6.093302333333332_lon--49.84635396666666.png,20250809_181807_219443,-6.093302333,-49.84635397,18.54,8,0,0,straight
frame_1038_lat--6.0933009333333334_lon--49.84638793333333.png,20250809_181808_296911,-6.093300933,-49.84638793,14.78,8,0,0,straight
frame_1039_lat--6.093300366666666_lon--49.84641766666667.png,20250809_181809_229305,-6.093300367,-49.84641767,11.5,8,0,0,straight
frame_1040_lat--6.0933006333333335_lon--49.84644189999999.png,20250809_181810_200632,-6.093300633,-49.8464419,8.83,8,0,0,intersection
frame_1041_lat--6.093301599999999_lon--49.8464612.png,20250809_181811_300428,-6.0933016,-49.8464612,6.74,8,0,0,intersection
frame_1042_lat--6.093303099999999_lon--49.84647706666666.png,20250809_181812_230684,-6.0933031,-49.84647707,5.07,8,0,0,intersection
frame_1043_lat--6.093304933333334_lon--49.84649076666666.png,20250809_181813_203716,-6.093304933,-49.84649077,3.73,8,0,0,intersection
frame_1044_lat--6.093309700000001_lon--49.84651473333333.png,20250809_181815_215100,-6.0933097,-49.84651473,2.29,8,0,0,intersection
frame_1045_lat--6.093320833333333_lon--49.84653453333334.png,20250809_181817_198311,-6.093320833,-49.84653453,3.72,8,0,0,intersection
frame_1046_lat--6.093343833333333_lon--49.84654670000001.png,20250809_181819_212818,-6.093343833,-49.8465467,6.6,8,0,0,intersection
frame_1047_lat--6.093359433333333_lon--49.846548899999995.png,20250809_181820_271527,-6.093359433,-49.8465489,8.28,8,0,0,intersection
frame_1048_lat--6.0933771000000005_lon--49.846548199999994.png,20250809_181821_300835,-6.0933771,-49.8465482,10.09,8,0,0,straight
frame_1049_lat--6.093396533333333_lon--49.8465456.png,20250809_181822_219265,-6.093396533,-49.8465456,12.09,8,0,0,straight
frame_1050_lat--6.093417266666667_lon--49.8465422.png,20250809_181823_282899,-6.093417267,-49.8465422,14.27,8,0,0,straight
frame_1051_lat--6.093438766666667_lon--49.84653840000001.png,20250809_181824_223311,-6.093438767,-49.8465384,16.56,8,0,0,straight
frame_1052_lat--6.093460333333333_lon--49.84653393333333.png,20250809_181825_198854,-6.093460333,-49.84653393,18.89,8,0,0,straight
frame_1053_lat--6.093481433333333_lon--49.8465285.png,20250809_181826_235981,-6.093481433,-49.8465285,21.19,8,0,0,straight
frame_1054_lat--6.0935019666666665_lon--49.846522066666665.png,20250809_181827_200520,-6.093501967,-49.84652207,23.44,8,0,0,straight
frame_1055_lat--6.093522266666666_lon--49.8465148.png,20250809_181828_226194,-6.093522267,-49.8465148,25.69,8,0,0,straight
frame_1056_lat--6.093542633333333_lon--49.846506899999994.png,20250809_181829_200307,-6.093542633,-49.8465069,27.98,8,0,0,straight
frame_1057_lat--6.0935635_lon--49.84649806666666.png,20250809_181830_236049,-6.0935635,-49.84649807,30.35,8,0,0,straight
frame_1058_lat--6.0935858666666665_lon--49.84648766666666.png,20250809_181831_206202,-6.093585867,-49.84648767,32.93,8,0,0,straight
frame_1059_lat--6.093610966666665_lon--49.846475299999994.png,20250809_181832_244889,-6.093610967,-49.8464753,35.85,8,0,0,straight
frame_1060_lat--6.093639333333334_lon--49.84646103333334.png,20250809_181833_216350,-6.093639333,-49.84646103,39.2,8,0,0,straight
frame_1061_lat--6.093669433333334_lon--49.846446166666674.png,20250809_181834_292878,-6.093669433,-49.84644617,42.77,8,0,0,straight
frame_1062_lat--6.0936984333333335_lon--49.84643236666666.png,20250809_181835_225413,-6.093698433,-49.84643237,46.22,8,0,0,straight
frame_1063_lat--6.093725433333333_lon--49.84642026666666.png,20250809_181836_297652,-6.093725433,-49.84642027,49.43,8,0,0,straight
frame_1064_lat--6.093751566666667_lon--49.846409300000005.png,20250809_181837_234510,-6.093751567,-49.8464093,52.52,8,0,0,straight
frame_1065_lat--6.093778766666666_lon--49.84639826666667.png,20250809_181838_210975,-6.093778767,-49.84639827,55.73,8,0,0,straight
frame_1066_lat--6.093808366666666_lon--49.84638689999999.png,20250809_181839_259839,-6.093808367,-49.8463869,59.22,8,0,0,straight
frame_1067_lat--6.093840266666667_lon--49.846375233333326.png,20250809_181840_222069,-6.093840267,-49.84637523,62.96,8,0,0,straight
frame_1068_lat--6.093873533333333_lon--49.84636293333334.png,20250809_181841_242654,-6.093873533,-49.84636293,66.86,8,0,0,straight
frame_1069_lat--6.0939078_lon--49.84634996666667.png,20250809_181842_217431,-6.0939078,-49.84634997,70.9,8,0,0,straight
frame_1070_lat--6.0939433_lon--49.84633686666667.png,20250809_181843_271489,-6.0939433,-49.84633687,74.17,5,0,0,straight
frame_1071_lat--6.0939798666666665_lon--49.84632426666667.png,20250809_181844_229139,-6.093979867,-49.84632427,76.35,5,0,0,straight
frame_1072_lat--6.0940168_lon--49.846312233333336.png,20250809_181845_200246,-6.0940168,-49.84631223,78.67,5,0,0,straight
frame_1073_lat--6.094053833333334_lon--49.8463005.png,20250809_181846_230118,-6.094053833,-49.8463005,81.11,5,0,0,straight
frame_1074_lat--6.094091133333333_lon--49.84628876666666.png,20250809_181847_207060,-6.094091133,-49.84628877,83.71,5,0,0,straight
frame_1075_lat--6.094129033333333_lon--49.846276966666665.png,20250809_181848_257175,-6.094129033,-49.84627697,86.49,5,0,0,straight
frame_1076_lat--6.094167633333333_lon--49.84626546666666.png,20250809_181849_223197,-6.094167633,-49.84626547,89.4,5,0,0,straight
frame_1077_lat--6.094206333333333_lon--49.84625476666666.png,20250809_181850_297877,-6.094206333,-49.84625477,92.35,5,0,0,straight
frame_1078_lat--6.094244099999999_lon--49.8462445.png,20250809_181851_231613,-6.0942441,-49.8462445,95.33,5,0,0,straight
frame_1079_lat--6.094280633333333_lon--49.84623353333334.png,20250809_181852_208161,-6.094280633,-49.84623353,98.41,5,0,0,straight
frame_1080_lat--6.094316266666667_lon--49.846221666666665.png,20250809_181853_257043,-6.094316267,-49.84622167,101.6,5,0,0,straight
frame_1081_lat--6.094351666666666_lon--49.846209433333335.png,20250809_181854_207805,-6.094351667,-49.84620943,104.88,5,0,0,straight
frame_1082_lat--6.094387433333334_lon--49.84619816666667.png,20250809_181855_237951,-6.094387433,-49.84619817,108.15,5,0,0,straight
frame_1083_lat--6.094424133333332_lon--49.84618866666666.png,20250809_181856_211886,-6.094424133,-49.84618867,111.38,5,0,0,straight
frame_1084_lat--6.094460733333333_lon--49.846181233333326.png,20250809_181857_213859,-6.094460733,-49.84618123,114.49,5,0,0,straight
frame_1085_lat--6.0944948_lon--49.846175933333335.png,20250809_181858_272759,-6.0944948,-49.84617593,117.3,5,0,0,straight
frame_1086_lat--6.094523666666666_lon--49.84617256666667.png,20250809_181859_226362,-6.094523667,-49.84617257,119.63,5,0,0,straight
frame_1087_lat--6.094546333333334_lon--49.846170533333336.png,20250809_181900_199819,-6.094546333,-49.84617053,121.44,5,0,0,straight
frame_1088_lat--6.094564733333334_lon--49.8461688.png,20250809_181901_233938,-6.094564733,-49.8461688,122.93,5,0,0,straight
frame_1089_lat--6.094581600000001_lon--49.846165733333336.png,20250809_181902_218207,-6.0945816,-49.84616573,124.44,5,0,0,straight
frame_1090_lat--6.094597833333334_lon--49.846158733333326.png,20250809_181903_294900,-6.094597833,-49.84615873,126.22,5,0,0,straight
frame_1091_lat--6.094611933333335_lon--49.84614633333334.png,20250809_181904_232621,-6.094611933,-49.84614633,128.29,5,0,0,straight
frame_1092_lat--6.0946221000000005_lon--49.846129033333334.png,20250809_181905_207569,-6.0946221,-49.84612903,130.46,5,0,0,straight
frame_1093_lat--6.094627766666667_lon--49.84610856666667.png,20250809_181906_237495,-6.094627767,-49.84610857,132.55,5,0,0,straight
frame_1094_lat--6.0946297666666664_lon--49.84608620000001.png,20250809_181907_214881,-6.094629767,-49.8460862,134.54,5,0,0,straight
frame_1095_lat--6.094629333333333_lon--49.84606210000001.png,20250809_181908_284218,-6.094629333,-49.8460621,136.52,5,0,0,straight
frame_1096_lat--6.0946274_lon--49.846035533333335.png,20250809_181909_229344,-6.0946274,-49.84603553,138.62,5,0,0,straight
frame_1097_lat--6.0946239_lon--49.84600619999999.png,20250809_181910_205460,-6.0946239,-49.8460062,140.89,5,0,0,straight
frame_1098_lat--6.094618933333334_lon--49.84597446666666.png,20250809_181911_244590,-6.094618933,-49.84597447,143.3,5,0,0,straight
frame_1099_lat--6.094613266666667_lon--49.84594069999999.png,20250809_181912_220883,-6.094613267,-49.8459407,145.89,5,0,0,straight
frame_1100_lat--6.094607933333334_lon--49.84590443333333.png,20250809_181913_201718,-6.094607933,-49.84590443,148.78,5,0,0,straight
frame_1101_lat--6.094603266666667_lon--49.84586516666666.png,20250809_181914_239232,-6.094603267,-49.84586517,152.04,5,0,0,straight
frame_1102_lat--6.094598866666667_lon--49.845823499999995.png,20250809_181915_213412,-6.094598867,-49.8458235,155.59,5,0,0,straight
frame_1103_lat--6.094594099999999_lon--49.84578193333333.png,20250809_181916_283978,-6.0945941,-49.84578193,159.16,5,0,0,straight
frame_1104_lat--6.0945887999999995_lon--49.8457444.png,20250809_181917_227547,-6.0945888,-49.8457444,162.38,5,0,0,straight
frame_1105_lat--6.094583266666667_lon--49.84571433333333.png,20250809_181918_201224,-6.094583267,-49.84571433,164.91,5,0,0,straight
frame_1106_lat--6.094578333333333_lon--49.8456934.png,20250809_181919_239956,-6.094578333,-49.8456934,166.64,5,0,0,straight
frame_1107_lat--6.094572233333335_lon--49.84567330000001.png,20250809_181921_132319,-6.094572233,-49.8456733,168.23,5,8.15,12.4,straight
frame_1108_lat--6.094566300000001_lon--49.845659.png,20250809_181923_127229,-6.0945663,-49.845659,169.29,5,9.34,11.68,straight
frame_1109_lat--6.0945476_lon--49.84563836666667.png,20250809_181925_222292,-6.0945476,-49.84563837,169.96,8,0,0,straight
frame_1110_lat--6.094528533333333_lon--49.8456282.png,20250809_181926_203075,-6.094528533,-49.8456282,168.9,8,9.23,4.92,straight
frame_1111_lat--6.094502933333333_lon--49.84562043333334.png,20250809_181927_234845,-6.094502933,-49.84562043,167.12,8,0,0,straight
frame_1112_lat--6.094471733333333_lon--49.845616266666674.png,20250809_181928_203035,-6.094471733,-49.84561627,164.65,8,0,0,straight
frame_1113_lat--6.0944365_lon--49.84561613333334.png,20250809_181929_240152,-6.0944365,-49.84561613,161.58,8,0,0,straight
frame_1114_lat--6.0943996333333335_lon--49.845619666666664.png,20250809_181930_214980,-6.094399633,-49.84561967,158.15,8,0,0,straight
frame_1115_lat--6.0943621_lon--49.8456259.png,20250809_181931_244669,-6.0943621,-49.8456259,154.51,8,0,0,straight
frame_1116_lat--6.094323533333332_lon--49.845633666666664.png,20250809_181932_216373,-6.094323533,-49.84563367,150.7,8,0,0,straight
frame_1117_lat--6.094283099999999_lon--49.845642033333334.png,20250809_181933_270805,-6.0942831,-49.84564203,146.72,8,0,0,straight
frame_1118_lat--6.094240733333333_lon--49.845650666666664.png,20250809_181934_211705,-6.094240733,-49.84565067,142.6,8,0,0,straight
frame_1119_lat--6.094196833333333_lon--49.8456595.png,20250809_181935_239980,-6.094196833,-49.8456595,138.39,8,0,0,straight
frame_1120_lat--6.094151800000001_lon--49.84566866666667.png,20250809_181936_207371,-6.0941518,-49.84566867,134.11,8,0,0,straight
frame_1121_lat--6.0941059666666675_lon--49.84567813333333.png,20250809_181937_242397,-6.094105967,-49.84567813,129.8,8,0,0,straight
frame_1122_lat--6.094059733333333_lon--49.84568796666667.png,20250809_181938_212469,-6.094059733,-49.84568797,125.49,8,0,0,straight
frame_1123_lat--6.094013933333334_lon--49.845697833333325.png,20250809_181939_270424,-6.094013933,-49.84569783,121.29,8,0,0,straight
frame_1124_lat--6.093968866666666_lon--49.845707533333325.png,20250809_181940_222900,-6.093968867,-49.84570753,117.24,8,0,0,straight
frame_1125_lat--6.093924200000001_lon--49.84571713333332.png,20250809_181941_200747,-6.0939242,-49.84571713,113.3,8,0,0,straight
frame_1126_lat--6.093879500000002_lon--49.8457269.png,20250809_181942_235723,-6.0938795,-49.8457269,109.44,8,0,0,straight
frame_1127_lat--6.093834966666667_lon--49.845736966666664.png,20250809_181943_209730,-6.093834967,-49.84573697,105.66,8,0,0,straight
frame_1128_lat--6.093790933333333_lon--49.845747300000006.png,20250809_181944_257601,-6.093790933,-49.8457473,102,8,0,0,straight
frame_1129_lat--6.093747433333332_lon--49.845757766666665.png,20250809_181945_221166,-6.093747433,-49.84575777,98.47,8,0,0,straight
frame_1130_lat--6.0937046666666665_lon--49.845768199999995.png,20250809_181946_300520,-6.093704667,-49.8457682,95.12,8,0,0,straight
frame_1131_lat--6.0936629_lon--49.84577843333334.png,20250809_181947_240346,-6.0936629,-49.84577843,91.96,8,0,0,straight
frame_1132_lat--6.0936223_lon--49.84578810000001.png,20250809_181948_211372,-6.0936223,-49.8457881,89.06,8,0,0,straight
frame_1133_lat--6.093582933333333_lon--49.84579636666667.png,20250809_181949_271203,-6.093582933,-49.84579637,86.51,8,0,0,straight
frame_1134_lat--6.093544933333333_lon--49.8458035.png,20250809_181950_221754,-6.093544933,-49.8458035,84.28,8,0,0,straight
frame_1135_lat--6.093508_lon--49.84581056666667.png,20250809_181951_283027,-6.093508,-49.84581057,82.25,8,0,0,straight
frame_1136_lat--6.0934713_lon--49.845818566666665.png,20250809_181952_226891,-6.0934713,-49.84581857,80.3,8,0,0,straight
frame_1137_lat--6.093434833333332_lon--49.8458275.png,20250809_181953_200635,-6.093434833,-49.8458275,78.42,8,0,0,straight
frame_1138_lat--6.093398833333333_lon--49.84583696666667.png,20250809_181954_237966,-6.093398833,-49.84583697,76.67,8,0,0,straight
frame_1139_lat--6.093363166666667_lon--49.84584673333334.png,20250809_181955_215339,-6.093363167,-49.84584673,75.08,8,0,0,straight
frame_1140_lat--6.093327266666667_lon--49.84585666666668.png,20250809_181956_256152,-6.093327267,-49.84585667,73.65,8,0,0,straight
frame_1141_lat--6.0932906_lon--49.84586646666667.png,20250809_181957_220875,-6.0932906,-49.84586647,72.45,8,0,0,straight
frame_1142_lat--6.093252866666666_lon--49.84587586666667.png,20250809_181958_199442,-6.093252867,-49.84587587,71.53,8,0,0,straight
frame_1143_lat--6.093214166666667_lon--49.8458851.png,20250809_181959_236494,-6.093214167,-49.8458851,70.89,8,0,0,straight
frame_1144_lat--6.0931747000000005_lon--49.8458945.png,20250809_182000_211238,-6.0931747,-49.8458945,70.51,8,0,0,straight
frame_1145_lat--6.093134633333333_lon--49.8459043.png,20250809_182001_269592,-6.093134633,-49.8459043,70.39,8,0,0,straight
frame_1146_lat--6.0930941_lon--49.845914500000006.png,20250809_182002_223498,-6.0930941,-49.8459145,70.55,8,0,0,straight
frame_1147_lat--6.093053266666668_lon--49.845925.png,20250809_182003_224336,-6.093053267,-49.845925,70.98,8,0,0,straight
frame_1148_lat--6.0930124333333335_lon--49.84593616666667.png,20250809_182004_199253,-6.093012433,-49.84593617,71.65,8,0,0,straight
frame_1149_lat--6.0929719_lon--49.8459481.png,20250809_182005_230923,-6.0929719,-49.8459481,72.52,8,0,0,straight
frame_1150_lat--6.092931633333334_lon--49.84596063333333.png,20250809_182006_202666,-6.092931633,-49.84596063,73.61,8,0,0,straight
frame_1151_lat--6.0928916000000015_lon--49.84597326666667.png,20250809_182007_241585,-6.0928916,-49.84597327,74.95,8,0,0,straight
frame_1152_lat--6.092851766666667_lon--49.84598483333334.png,20250809_182008_222464,-6.092851767,-49.84598483,76.62,8,0,0,straight
frame_1153_lat--6.092811933333333_lon--49.84599360000001.png,20250809_182009_203189,-6.092811933,-49.8459936,78.76,8,0,0,straight
frame_1154_lat--6.092772399999999_lon--49.845997600000004.png,20250809_182010_243364,-6.0927724,-49.8459976,81.44,8,0,0,straight
frame_1155_lat--6.092733266666667_lon--49.84599806666667.png,20250809_182011_218929,-6.092733267,-49.84599807,84.51,8,0,0,straight
frame_1156_lat--6.092694400000001_lon--49.84599866666666.png,20250809_182012_295068,-6.0926944,-49.84599867,87.64,8,0,0,straight
frame_1157_lat--6.092656833333335_lon--49.84600186666666.png,20250809_182013_215397,-6.092656833,-49.84600187,83.78,15,0,0,straight
frame_1158_lat--6.092623933333334_lon--49.84600663333333.png,20250809_182014_255673,-6.092623933,-49.84600663,80.11,15,0,0,straight
frame_1159_lat--6.0925966_lon--49.8460117.png,20250809_182015_221120,-6.0925966,-49.8460117,77.03,15,0,0,straight
frame_1160_lat--6.092571966666666_lon--49.84601706666667.png,20250809_182016_301808,-6.092571967,-49.84601707,74.25,15,0,0,straight
frame_1161_lat--6.092546833333333_lon--49.84602306666667.png,20250809_182017_224385,-6.092546833,-49.84602307,71.39,15,0,0,straight
frame_1162_lat--6.092520433333333_lon--49.84602953333333.png,20250809_182018_259100,-6.092520433,-49.84602953,68.38,15,0,0,straight
frame_1163_lat--6.092493866666667_lon--49.84603616666667.png,20250809_182019_205152,-6.092493867,-49.84603617,65.36,15,0,0,straight
frame_1164_lat--6.0924681666666665_lon--49.84604256666667.png,20250809_182020_237229,-6.092468167,-49.84604257,62.43,15,0,0,straight
frame_1165_lat--6.092444033333334_lon--49.84604856666666.png,20250809_182021_210879,-6.092444033,-49.84604857,59.68,15,0,0,straight
frame_1166_lat--6.092420833333333_lon--49.8460549.png,20250809_182022_282413,-6.092420833,-49.8460549,57.03,15,0,0,straight
frame_1167_lat--6.092377566666666_lon--49.84606926666666.png,20250809_182024_733981,-6.092377567,-49.84606927,52.02,15,2.62,356.38,straight
frame_1168_lat--6.092359233333333_lon--49.84607569999999.png,20250809_182025_442108,-6.092359233,-49.8460757,49.9,15,0,356.38,straight
frame_1169_lat--6.092344033333333_lon--49.846080900000004.png,20250809_182026_206263,-6.092344033,-49.8460809,48.14,15,0,0,straight
frame_1170_lat--6.092324266666666_lon--49.8460889.png,20250809_182028_101710,-6.092324267,-49.8460889,45.83,15,9.88,354.93,straight
frame_1171_lat--6.092311033333333_lon--49.84609696666668.png,20250809_182030_110548,-6.092311033,-49.84609697,44.24,15,8.68,354.13,straight
frame_1172_lat--6.0922841666666665_lon--49.846104966666665.png,20250809_182032_232782,-6.092284167,-49.84610497,41.17,15,0,0,straight
frame_1173_lat--6.0922627333333335_lon--49.84610896666667.png,20250809_182033_206270,-6.092262733,-49.84610897,38.76,15,0,0,straight
frame_1174_lat--6.0922379666666675_lon--49.846113233333334.png,20250809_182034_238060,-6.092237967,-49.84611323,35.98,15,0,0,straight
frame_1175_lat--6.092211433333334_lon--49.846118366666666.png,20250809_182035_214540,-6.092211433,-49.84611837,32.99,15,0,0,straight
frame_1176_lat--6.092183633333333_lon--49.84612423333333.png,20250809_182036_270769,-6.092183633,-49.84612423,29.86,15,0,0,straight
frame_1177_lat--6.092154599999999_lon--49.846130466666665.png,20250809_182037_223923,-6.0921546,-49.84613047,26.59,15,0,0,straight
frame_1178_lat--6.092124699999999_lon--49.846136566666665.png,20250809_182038_297031,-6.0921247,-49.84613657,23.22,15,0,0,straight
frame_1179_lat--6.092095233333334_lon--49.84614203333334.png,20250809_182039_233616,-6.092095233,-49.84614203,19.92,15,0,0,straight
frame_1180_lat--6.092068233333332_lon--49.8461466.png,20250809_182040_207899,-6.092068233,-49.8461466,16.9,15,0,0,straight
frame_1181_lat--6.092044966666665_lon--49.8461504.png,20250809_182041_247052,-6.092044967,-49.8461504,14.3,15,0,0,straight
frame_1182_lat--6.092025100000001_lon--49.846154033333335.png,20250809_182042_220560,-6.0920251,-49.84615403,12.08,15,0,0,straight
frame_1183_lat--6.092007166666667_lon--49.84615829999999.png,20250809_182043_295748,-6.092007167,-49.8461583,10.08,15,0,0,straight
frame_1184_lat--6.0919905666666665_lon--49.846163733333334.png,20250809_182044_231630,-6.091990567,-49.84616373,8.26,15,0,0,intersection
frame_1185_lat--6.091975466666667_lon--49.84617043333334.png,20250809_182045_203177,-6.091975467,-49.84617043,6.68,15,0,0,intersection
frame_1186_lat--6.0919617666666666_lon--49.846178666666674.png,20250809_182046_231755,-6.091961767,-49.84617867,5.47,15,0,0,intersection
frame_1187_lat--6.091949366666666_lon--49.846189333333335.png,20250809_182047_204705,-6.091949367,-49.84618933,4.92,15,0,0,intersection
frame_1188_lat--6.091938866666666_lon--49.846203333333335.png,20250809_182048_242160,-6.091938867,-49.84620333,5.42,15,0,0,intersection
frame_1189_lat--6.091931466666667_lon--49.84622016666667.png,20250809_182049_213658,-6.091931467,-49.84622017,6.88,15,0,0,intersection
frame_1190_lat--6.091927699999999_lon--49.8462401.png,20250809_182050_269323,-6.0919277,-49.8462401,8.96,15,0,0,intersection
frame_1191_lat--6.0919273_lon--49.8462634.png,20250809_182051_222418,-6.0919273,-49.8462634,11.51,15,0,0,straight
frame_1192_lat--6.091929666666666_lon--49.84629096666667.png,20250809_182052_284488,-6.091929667,-49.84629097,14.58,15,0,0,straight
frame_1193_lat--6.091940866666667_lon--49.84635946666667.png,20250809_182054_423647,-6.091940867,-49.84635947,22.25,15,5.09,345.58,straight
frame_1194_lat--6.091949300000001_lon--49.8463988.png,20250809_182055_933801,-6.0919493,-49.8463988,26.69,15,5,323.21,straight
frame_1195_lat--6.091959133333334_lon--49.846439366666665.png,20250809_182056_219809,-6.091959133,-49.84643937,31.29,15,0,323.21,straight
frame_1196_lat--6.0919694333333325_lon--49.846480099999994.png,20250809_182057_193282,-6.091969433,-49.8464801,35.36,7,0,0,straight
frame_1197_lat--6.0919793_lon--49.84652066666666.png,20250809_182058_220482,-6.0919793,-49.84652067,30.74,7,0,0,straight
frame_1198_lat--6.0919886000000005_lon--49.846560733333334.png,20250809_182059_237781,-6.0919886,-49.84656073,26.19,7,0,0,straight
frame_1199_lat--6.091997233333333_lon--49.84659953333333.png,20250809_182100_208641,-6.091997233,-49.84659953,21.79,7,0,0,straight
frame_1200_lat--6.092004833333334_lon--49.84663529999999.png,20250809_182101_256139,-6.092004833,-49.8466353,17.75,7,0,0,straight
frame_1201_lat--6.0920106333333335_lon--49.84666589999999.png,20250809_182102_218752,-6.092010633,-49.8466659,14.31,7,0,0,straight
frame_1202_lat--6.092014466666666_lon--49.846689299999994.png,20250809_182103_301903,-6.092014467,-49.8466893,11.71,7,0,0,straight
frame_1203_lat--6.092016733333333_lon--49.84670533333333.png,20250809_182104_232725,-6.092016733,-49.84670533,9.95,7,0,0,straight
frame_1204_lat--6.092019800000001_lon--49.84672586666667.png,20250809_182106_158885,-6.0920198,-49.84672587,7.71,7,9.19,345.58,intersection
frame_1205_lat--6.092023466666666_lon--49.84675186666667.png,20250809_182108_296306,-6.092023467,-49.84675187,4.96,7,0,0,intersection
frame_1206_lat--6.092025333333334_lon--49.8467691.png,20250809_182109_228345,-6.092025333,-49.8467691,3.33,7,0,0,intersection
frame_1207_lat--6.092027933333332_lon--49.846788133333334.png,20250809_182110_202942,-6.092027933,-49.84678813,2.12,7,0,0,intersection
frame_1208_lat--6.092031866666668_lon--49.84680906666667.png,20250809_182111_237957,-6.092031867,-49.84680907,2.69,7,0,0,intersection
frame_1209_lat--6.092037166666667_lon--49.84683199999999.png,20250809_182112_219470,-6.092037167,-49.846832,4.77,7,0,0,intersection
frame_1210_lat--6.092043666666667_lon--49.8468565.png,20250809_182113_297690,-6.092043667,-49.8468565,7.37,7,0,0,intersection
frame_1211_lat--6.0920510000000005_lon--49.84688203333333.png,20250809_182114_230180,-6.092051,-49.84688203,10.2,7,0,0,straight
frame_1212_lat--6.092059066666666_lon--49.84690913333333.png,20250809_182115_207151,-6.092059067,-49.84690913,13.25,7,0,0,straight
frame_1213_lat--6.092068033333333_lon--49.84693969999999.png,20250809_182116_238036,-6.092068033,-49.8469397,16.73,7,0,0,straight
frame_1214_lat--6.092077966666667_lon--49.846975266666675.png,20250809_182117_208622,-6.092077967,-49.84697527,20.79,7,0,0,straight
frame_1215_lat--6.092088333333334_lon--49.84701396666666.png,20250809_182118_244587,-6.092088333,-49.84701397,25.21,7,0,0,straight
frame_1216_lat--6.092098666666667_lon--49.847053033333324.png,20250809_182119_224791,-6.092098667,-49.84705303,29.67,7,0,0,straight
frame_1217_lat--6.0921090666666675_lon--49.847092933333336.png,20250809_182120_200894,-6.092109067,-49.84709293,34.23,7,0,0,straight
frame_1218_lat--6.092119833333333_lon--49.847135566666665.png,20250809_182121_236891,-6.092119833,-49.84713557,33.05,9,0,0,straight
frame_1219_lat--6.092130833333334_lon--49.847181666666664.png,20250809_182122_214037,-6.092130833,-49.84718167,27.81,9,0,0,straight
frame_1220_lat--6.0921509333333335_lon--49.847274866666666.png,20250809_182124_554806,-6.092150933,-49.84727487,17.28,9,7,345.53,straight
frame_1221_lat--6.092159266666667_lon--49.84731416666666.png,20250809_182125_211173,-6.092159267,-49.84731417,12.85,9,0,0,straight
frame_1222_lat--6.092166033333333_lon--49.84734426666667.png,20250809_182126_269041,-6.092166033,-49.84734427,9.47,9,0,0,straight
frame_1223_lat--6.0921712_lon--49.84736646666667.png,20250809_182127_222813,-6.0921712,-49.84736647,6.98,9,0,0,intersection
frame_1224_lat--6.092175266666667_lon--49.84738443333334.png,20250809_182128_296795,-6.092175267,-49.84738443,5,9,0,0,intersection
frame_1225_lat--6.0921791333333335_lon--49.84740206666667.png,20250809_182129_231988,-6.092179133,-49.84740207,3.13,9,0,0,intersection
frame_1226_lat--6.092183366666666_lon--49.8474217.png,20250809_182130_204032,-6.092183367,-49.8474217,1.53,9,0,0,intersection
frame_1227_lat--6.092187933333333_lon--49.847443399999996.png,20250809_182131_241210,-6.092187933,-49.8474434,2.37,9,0,0,intersection
frame_1228_lat--6.092192866666667_lon--49.847467599999995.png,20250809_182132_216775,-6.092192867,-49.8474676,4.85,9,0,0,intersection
frame_1229_lat--6.092198333333334_lon--49.8474949.png,20250809_182133_287143,-6.092198333,-49.8474949,7.85,9,0,0,intersection
frame_1230_lat--6.092204866666667_lon--49.84752590000001.png,20250809_182134_232436,-6.092204867,-49.8475259,11.31,9,0,0,straight
frame_1231_lat--6.092212933333334_lon--49.84756126666666.png,20250809_182135_209454,-6.092212933,-49.84756127,15.3,9,0,0,straight
frame_1232_lat--6.092222933333334_lon--49.84760166666666.png,20250809_182136_271329,-6.092222933,-49.84760167,19.87,9,0,0,straight
frame_1233_lat--6.0922347_lon--49.84764766666666.png,20250809_182137_224930,-6.0922347,-49.84764767,25.11,9,0,0,straight
frame_1234_lat--6.092247233333333_lon--49.847698333333334.png,20250809_182138_301265,-6.092247233,-49.84769833,30.87,9,0,0,straight
frame_1235_lat--6.092259366666666_lon--49.8477504.png,20250809_182139_234519,-6.092259367,-49.8477504,34.31,10,0,0,straight
frame_1236_lat--6.092270733333334_lon--49.847801399999994.png,20250809_182140_212033,-6.092270733,-49.8478014,28.53,10,0,0,straight
frame_1237_lat--6.092281733333334_lon--49.84785096666666.png,20250809_182141_269909,-6.092281733,-49.84785097,22.91,10,0,0,straight
frame_1238_lat--6.092292633333335_lon--49.847899999999996.png,20250809_182142_226088,-6.092292633,-49.8479,17.36,10,0,0,straight
frame_1239_lat--6.0923035_lon--49.84794903333332.png,20250809_182143_199821,-6.0923035,-49.84794903,11.81,10,0,0,straight
frame_1240_lat--6.092314133333334_lon--49.84799823333333.png,20250809_182144_238454,-6.092314133,-49.84799823,6.28,10,0,0,intersection
frame_1241_lat--6.092324566666667_lon--49.84804773333334.png,20250809_182145_212319,-6.092324567,-49.84804773,1.21,10,0,0,intersection
frame_1242_lat--6.0923356333333345_lon--49.84809786666667.png,20250809_182146_234530,-6.092335633,-49.84809787,5.19,10,0,0,intersection
frame_1243_lat--6.092348366666667_lon--49.84814903333332.png,20250809_182147_215780,-6.092348367,-49.84814903,10.95,10,0,0,straight
frame_1244_lat--6.0923625333333336_lon--49.84820106666666.png,20250809_182148_281786,-6.092362533,-49.84820107,16.89,10,0,0,straight
frame_1245_lat--6.092376966666666_lon--49.84825263333334.png,20250809_182149_223398,-6.092376967,-49.84825263,22.8,10,0,0,straight
frame_1246_lat--6.092390866666667_lon--49.84830273333334.png,20250809_182150_301092,-6.092390867,-49.84830273,28.54,10,0,0,straight
frame_1247_lat--6.0924043999999995_lon--49.848351533333336.png,20250809_182151_232452,-6.0924044,-49.84835153,31.18,1,0,0,straight
frame_1248_lat--6.092418066666665_lon--49.848399199999996.png,20250809_182152_208889,-6.092418067,-49.8483992,25.76,1,0,0,straight
frame_1249_lat--6.092432100000001_lon--49.848445033333334.png,20250809_182153_255459,-6.0924321,-49.84844503,20.54,1,0,0,straight
frame_1250_lat--6.092446366666667_lon--49.84848796666667.png,20250809_182154_866055,-6.092446367,-49.84848797,15.64,1,3.35,345.56,straight
frame_1251_lat--6.092465366666666_lon--49.8485376.png,20250809_182156_260741,-6.092465367,-49.8485376,9.93,1,6.81,321,straight
frame_1252_lat--6.092482766666667_lon--49.84857783333333.png,20250809_182157_696738,-6.092482767,-49.84857783,5.39,1,3.38,288.29,intersection
frame_1253_lat--6.0924974333333335_lon--49.848603833333335.png,20250809_182158_277163,-6.092497433,-49.84860383,2.65,1,0,345.71,intersection
frame_1254_lat--6.0925126333333335_lon--49.848618333333334.png,20250809_182159_227844,-6.092512633,-49.84861833,1.47,1,0,0,intersection
frame_1255_lat--6.0925322333333325_lon--49.8486291.png,20250809_182200_205008,-6.092532233,-49.8486291,2.65,1,0,0,intersection
frame_1256_lat--6.092554733333333_lon--49.84863573333333.png,20250809_182201_219063,-6.092554733,-49.84863573,4.83,1,0,0,intersection
frame_1257_lat--6.092577833333333_lon--49.84863813333333.png,20250809_182202_298403,-6.092577833,-49.84863813,7.12,1,0,0,intersection
frame_1258_lat--6.092600366666668_lon--49.848636899999995.png,20250809_182203_236247,-6.092600367,-49.8486369,9.34,1,0,0,intersection
frame_1259_lat--6.0926223_lon--49.84863263333333.png,20250809_182204_208236,-6.0926223,-49.84863263,11.53,1,0,0,straight
frame_1260_lat--6.092644066666668_lon--49.84862503333333.png,20250809_182205_311162,-6.092644067,-49.84862503,13.74,1,0,0,straight
frame_1261_lat--6.092666266666668_lon--49.848613.png,20250809_182206_258236,-6.092666267,-49.848613,16.07,1,0,0,straight
frame_1262_lat--6.092689833333334_lon--49.848596199999996.png,20250809_182207_221936,-6.092689833,-49.8485962,18.72,1,0,0,straight
frame_1263_lat--6.092716200000001_lon--49.8485749.png,20250809_182208_300351,-6.0927162,-49.8485749,21.9,1,0,0,straight
frame_1264_lat--6.092746099999999_lon--49.8485496.png,20250809_182209_233533,-6.0927461,-49.8485496,25.72,1,0,0,straight
frame_1265_lat--6.092777633333332_lon--49.84852226666666.png,20250809_182210_207994,-6.092777633,-49.84852227,29.92,1,0,0,straight
frame_1266_lat--6.092808666666666_lon--49.84849473333334.png,20250809_182211_242815,-6.092808667,-49.84849473,34.19,1,0,0,straight
frame_1267_lat--6.092839133333333_lon--49.84846739999999.png,20250809_182212_216566,-6.092839133,-49.8484674,38.47,1,0,0,straight
frame_1268_lat--6.092870833333334_lon--49.848439666666664.png,20250809_182213_299045,-6.092870833,-49.84843967,42.94,1,0,0,straight
frame_1269_lat--6.092904566666667_lon--49.84841096666666.png,20250809_182214_230540,-6.092904567,-49.84841097,47.7,1,0,0,straight
frame_1270_lat--6.0929397666666665_lon--49.8483803.png,20250809_182215_204247,-6.092939767,-49.8483803,52.72,1,0,0,straight
frame_1271_lat--6.092975766666666_lon--49.84834743333333.png,20250809_182216_224733,-6.092975767,-49.84834743,50.15,2,0,0,straight
frame_1272_lat--6.093012066666667_lon--49.84831406666667.png,20250809_182217_199382,-6.093012067,-49.84831407,44.73,2,0,0,straight
frame_1273_lat--6.093047899999999_lon--49.848281899999996.png,20250809_182218_240326,-6.0930479,-49.8482819,39.46,2,0,0,straight
frame_1274_lat--6.093082766666666_lon--49.84825146666667.png,20250809_182219_215392,-6.093082767,-49.84825147,34.41,2,0,0,straight
frame_1275_lat--6.093116366666666_lon--49.84822226666667.png,20250809_182220_286982,-6.093116367,-49.84822227,29.59,2,0,0,straight
frame_1276_lat--6.0931489_lon--49.84819376666667.png,20250809_182221_233174,-6.0931489,-49.84819377,24.94,2,0,0,straight
frame_1277_lat--6.093180066666666_lon--49.848166066666664.png,20250809_182222_209211,-6.093180067,-49.84816607,20.5,2,0,0,straight
frame_1278_lat--6.0932085_lon--49.848139966666665.png,20250809_182223_244648,-6.0932085,-49.84813997,16.45,2,0,0,straight
