route_id,filename,expected_label,predicted_label,expected_stage1,predicted_stage1,intersection_probability,stage1_confidence,expected_node,predicted_node,stage2_confidence,predicted_node_top2,node_top2_correct
route_images_1,frame_1_lat--6.093575833333333_lon--49.847077633333335.png,straight,intersection,0,1,0.944916844367981,0.944916844367981,,10.0,0.6802120804786682,"10,15",False
route_images_1,frame_2_lat--6.093603766666668_lon--49.84707403333333.png,straight,intersection,0,1,0.946215808391571,0.946215808391571,,15.0,0.6247081160545349,"15,12",False
route_images_1,frame_3_lat--6.093619433333333_lon--49.84707160000001.png,straight,intersection,0,1,0.962046205997467,0.962046205997467,,15.0,0.6781471371650696,"15,10",False
route_images_1,frame_4_lat--6.093633966666666_lon--49.84706870000001.png,intersection,intersection,1,1,0.9633111357688904,0.9633111357688904,5.0,15.0,0.6595421433448792,"15,7",False
route_images_1,frame_5_lat--6.093647566666666_lon--49.84706536666666.png,intersection,intersection,1,1,0.9596790075302124,0.9596790075302124,5.0,15.0,0.43661513924598694,"15,12",False
route_images_1,frame_6_lat--6.0936608_lon--49.84706163333333.png,intersection,intersection,1,1,0.9135494828224182,0.9135494828224182,5.0,15.0,0.5058213472366333,"15,5",True
route_images_1,frame_7_lat--6.093673833333333_lon--49.84705756666667.png,intersection,intersection,1,1,0.83266282081604,0.83266282081604,5.0,15.0,0.8151952028274536,"15,10",False
route_images_1,frame_8_lat--6.0936868_lon--49.847053300000006.png,intersection,intersection,1,1,0.725078284740448,0.725078284740448,5.0,15.0,0.7212472558021545,"15,7",False
route_images_1,frame_9_lat--6.093699766666668_lon--49.84704876666666.png,intersection,intersection,1,1,0.8716893196105957,0.8716893196105957,5.0,15.0,0.5942467451095581,"15,7",False
route_images_1,frame_10_lat--6.0937127_lon--49.847044033333326.png,intersection,intersection,1,1,0.9402206540107727,0.9402206540107727,5.0,15.0,0.5677044987678528,"15,7",False
route_images_1,frame_11_lat--6.0937255_lon--49.8470394.png,intersection,intersection,1,1,0.9461904764175415,0.9461904764175415,5.0,15.0,0.4465010464191437,"15,7",False
route_images_1,frame_12_lat--6.093750466666667_lon--49.84703223333334.png,intersection,intersection,1,1,0.9531573057174683,0.9531573057174683,5.0,15.0,0.34813934564590454,"15,8",False
route_images_1,frame_13_lat--6.0937764_lon--49.84703043333334.png,intersection,intersection,1,1,0.95003741979599,0.95003741979599,5.0,15.0,0.23533916473388672,"15,8",False
route_images_1,frame_14_lat--6.093789966666667_lon--49.847032600000006.png,intersection,intersection,1,1,0.9716904163360596,0.9716904163360596,5.0,8.0,0.3223153054714203,"8,12",False
route_images_1,frame_15_lat--6.093803733333333_lon--49.84703746666666.png,intersection,intersection,1,1,0.9751110076904297,0.9751110076904297,5.0,15.0,0.27464622259140015,"15,12",False
route_images_1,frame_16_lat--6.093817566666667_lon--49.84704553333332.png,intersection,intersection,1,1,0.9725395441055298,0.9725395441055298,5.0,15.0,0.46887484192848206,"15,8",False
route_images_1,frame_17_lat--6.093830833333333_lon--49.84705686666667.png,intersection,intersection,1,1,0.9748407602310181,0.9748407602310181,5.0,15.0,0.4770819842815399,"15,9",False
route_images_1,frame_18_lat--6.093842866666667_lon--49.8470705.png,intersection,intersection,1,1,0.9227291345596313,0.9227291345596313,5.0,15.0,0.5466521382331848,"15,8",False
route_images_1,frame_19_lat--6.0938539333333335_lon--49.8470856.png,intersection,intersection,1,1,0.9560242295265198,0.9560242295265198,5.0,15.0,0.5704973340034485,"15,10",False
route_images_1,frame_20_lat--6.093864633333334_lon--49.847101833333326.png,intersection,intersection,1,1,0.9128062129020691,0.9128062129020691,5.0,15.0,0.530189037322998,"15,12",False
route_images_1,frame_21_lat--6.093874633333334_lon--49.84711956666666.png,intersection,intersection,1,1,0.9322940111160278,0.9322940111160278,5.0,15.0,0.3341207206249237,"15,12",False
route_images_1,frame_22_lat--6.0938835000000005_lon--49.84713839999999.png,intersection,intersection,1,1,0.954054594039917,0.954054594039917,5.0,15.0,0.7196422219276428,"15,10",False
route_images_1,frame_23_lat--6.0938913_lon--49.8471575.png,intersection,intersection,1,1,0.9620121121406555,0.9620121121406555,5.0,15.0,0.4642438590526581,"15,12",False
route_images_1,frame_24_lat--6.093898399999999_lon--49.847176233333336.png,intersection,intersection,1,1,0.946706235408783,0.946706235408783,5.0,15.0,0.3463161885738373,"15,12",False
route_images_1,frame_25_lat--6.0939051_lon--49.847194466666664.png,straight,intersection,0,1,0.9500210285186768,0.9500210285186768,,15.0,0.29004067182540894,"15,12",False
route_images_1,frame_26_lat--6.093911566666667_lon--49.847212400000004.png,straight,intersection,0,1,0.9490196704864502,0.9490196704864502,,12.0,0.2610316276550293,"12,15",False
route_images_1,frame_27_lat--6.093917866666668_lon--49.847230233333335.png,straight,intersection,0,1,0.9110288619995117,0.9110288619995117,,15.0,0.4762777090072632,"15,10",False
route_images_1,frame_28_lat--6.093924066666668_lon--49.847248.png,straight,intersection,0,1,0.9281905889511108,0.9281905889511108,,15.0,0.39902058243751526,"15,10",False
route_images_1,frame_29_lat--6.093930166666668_lon--49.84726563333332.png,intersection,intersection,1,1,0.9683284163475037,0.9683284163475037,6.0,15.0,0.24190972745418549,"15,10",False
route_images_1,frame_30_lat--6.0939364000000005_lon--49.84728336666666.png,intersection,intersection,1,1,0.9228324890136719,0.9228324890136719,6.0,15.0,0.26120391488075256,"15,12",False
route_images_1,frame_31_lat--6.0939429333333335_lon--49.8473014.png,intersection,intersection,1,1,0.9301572442054749,0.9301572442054749,6.0,15.0,0.22562064230442047,"15,10",False
route_images_1,frame_32_lat--6.093949833333333_lon--49.8473198.png,intersection,intersection,1,1,0.9262667298316956,0.9262667298316956,6.0,3.0,0.26926299929618835,"3,10",False
route_images_1,frame_33_lat--6.093957266666666_lon--49.847338533333335.png,intersection,intersection,1,1,0.9574321508407593,0.9574321508407593,6.0,3.0,0.4398903250694275,"3,15",False
route_images_1,frame_34_lat--6.093965033333333_lon--49.847357333333335.png,intersection,intersection,1,1,0.968151867389679,0.968151867389679,6.0,3.0,0.6325183510780334,"3,15",False
route_images_1,frame_35_lat--6.093972833333334_lon--49.84737593333333.png,intersection,intersection,1,1,0.9588867425918579,0.9588867425918579,6.0,3.0,0.4660322368144989,"3,9",False
route_images_1,frame_36_lat--6.093980266666667_lon--49.847393733333334.png,intersection,intersection,1,1,0.9550915360450745,0.9550915360450745,6.0,15.0,0.4712783098220825,"15,12",False
route_images_1,frame_37_lat--6.093986933333333_lon--49.847410599999996.png,intersection,intersection,1,1,0.9583272933959961,0.9583272933959961,6.0,15.0,0.2878696918487549,"15,3",False
route_images_1,frame_38_lat--6.093992266666667_lon--49.84742569999999.png,intersection,intersection,1,1,0.9563248157501221,0.9563248157501221,6.0,12.0,0.5002248287200928,"12,3",False
route_images_1,frame_39_lat--6.0939974999999995_lon--49.847448099999994.png,intersection,intersection,1,1,0.9859778881072998,0.9859778881072998,6.0,12.0,0.5678837299346924,"12,3",False
route_images_1,frame_40_lat--6.093994033333333_lon--49.847464333333335.png,intersection,intersection,1,1,0.9771776795387268,0.9771776795387268,6.0,12.0,0.26355135440826416,"12,9",False
route_images_1,frame_41_lat--6.0939792666666674_lon--49.84748276666666.png,intersection,intersection,1,1,0.9840146899223328,0.9840146899223328,6.0,2.0,0.24233952164649963,"2,12",False
route_images_1,frame_42_lat--6.093967300000001_lon--49.847493666666665.png,intersection,intersection,1,1,0.9892668724060059,0.9892668724060059,6.0,2.0,0.49097687005996704,"2,10",False
route_images_1,frame_43_lat--6.0939543333333335_lon--49.8475045.png,intersection,intersection,1,1,0.9660115838050842,0.9660115838050842,6.0,10.0,0.33146458864212036,"10,7",False
route_images_1,frame_44_lat--6.093941533333334_lon--49.847514733333334.png,intersection,intersection,1,1,0.9626442193984985,0.9626442193984985,6.0,7.0,0.45032551884651184,"7,10",False
route_images_1,frame_45_lat--6.0939284_lon--49.84752483333333.png,intersection,intersection,1,1,0.9237198829650879,0.9237198829650879,6.0,7.0,0.6121405959129333,"7,4",False
route_images_1,frame_46_lat--6.093914233333333_lon--49.847535199999996.png,intersection,intersection,1,1,0.9265148639678955,0.9265148639678955,6.0,7.0,0.39992913603782654,"7,2",False
route_images_1,frame_47_lat--6.0938992999999995_lon--49.847545733333334.png,intersection,intersection,1,1,0.9612728357315063,0.9612728357315063,6.0,7.0,0.27019715309143066,"7,4",False
route_images_1,frame_48_lat--6.0938844_lon--49.84755626666667.png,intersection,intersection,1,1,0.9068434834480286,0.9068434834480286,6.0,15.0,0.23439547419548035,"15,9",False
route_images_1,frame_49_lat--6.0938699_lon--49.84756663333334.png,intersection,intersection,1,1,0.8710196018218994,0.8710196018218994,6.0,15.0,0.5707390904426575,"15,7",False
route_images_1,frame_50_lat--6.093855666666666_lon--49.847576733333334.png,straight,intersection,0,1,0.8174333572387695,0.8174333572387695,,15.0,0.5483633279800415,"15,7",False
route_images_1,frame_51_lat--6.093841633333334_lon--49.847586433333326.png,straight,intersection,0,1,0.9436362385749817,0.9436362385749817,,15.0,0.5787985920906067,"15,8",False
route_images_1,frame_52_lat--6.093827733333333_lon--49.8475958.png,straight,intersection,0,1,0.9152143001556396,0.9152143001556396,,15.0,0.3353715240955353,"15,10",False
route_images_1,frame_53_lat--6.093813833333333_lon--49.84760493333333.png,straight,intersection,0,1,0.8843353390693665,0.8843353390693665,,15.0,0.3202081024646759,"15,2",False
route_images_1,frame_54_lat--6.0938_lon--49.847613900000006.png,straight,intersection,0,1,0.7432650327682495,0.7432650327682495,,15.0,0.4758104085922241,"15,2",False
route_images_1,frame_55_lat--6.093786333333333_lon--49.8476227.png,straight,intersection,0,1,0.7451561093330383,0.7451561093330383,,15.0,0.3080679476261139,"15,2",False
route_images_1,frame_56_lat--6.0937719999999995_lon--49.84763186666667.png,straight,intersection,0,1,0.757037341594696,0.757037341594696,,2.0,0.463925302028656,"2,15",False
route_images_1,frame_57_lat--6.0937565_lon--49.84764173333334.png,straight,intersection,0,1,0.8862718939781189,0.8862718939781189,,2.0,0.5098386406898499,"2,7",False
route_images_1,frame_58_lat--6.093739866666666_lon--49.847652366666665.png,straight,intersection,0,1,0.9380838871002197,0.9380838871002197,,7.0,0.2478206753730774,"7,2",False
route_images_1,frame_59_lat--6.093721966666666_lon--49.847663733333334.png,straight,intersection,0,1,0.9426394701004028,0.9426394701004028,,7.0,0.608591616153717,"7,2",False
route_images_1,frame_60_lat--6.093702833333333_lon--49.84767636666667.png,straight,intersection,0,1,0.9882041215896606,0.9882041215896606,,2.0,0.4331974685192108,"2,7",False
route_images_1,frame_61_lat--6.0936829333333336_lon--49.84769023333333.png,straight,intersection,0,1,0.9923729300498962,0.9923729300498962,,2.0,0.7569068074226379,"2,9",False
route_images_1,frame_62_lat--6.093662466666666_lon--49.84770503333334.png,straight,intersection,0,1,0.976443886756897,0.976443886756897,,2.0,0.6785764098167419,"2,9",False
route_images_1,frame_63_lat--6.093641699999999_lon--49.847720766666676.png,straight,intersection,0,1,0.9728979468345642,0.9728979468345642,,15.0,0.2455701380968094,"15,9",False
route_images_1,frame_64_lat--6.093621166666667_lon--49.84773703333334.png,straight,intersection,0,1,0.9720454216003418,0.9720454216003418,,2.0,0.2892046570777893,"2,9",False
route_images_1,frame_65_lat--6.0936016_lon--49.84775296666667.png,straight,intersection,0,1,0.9783053994178772,0.9783053994178772,,2.0,0.31916892528533936,"2,15",False
route_images_1,frame_66_lat--6.093583466666667_lon--49.84776776666667.png,straight,intersection,0,1,0.9626096487045288,0.9626096487045288,,2.0,0.29074588418006897,"2,15",False
route_images_1,frame_67_lat--6.093567033333334_lon--49.84778126666667.png,straight,intersection,0,1,0.921467125415802,0.921467125415802,,2.0,0.19075292348861694,"2,15",False
route_images_1,frame_68_lat--6.093552666666666_lon--49.8477932.png,straight,intersection,0,1,0.8949670195579529,0.8949670195579529,,2.0,0.27852678298950195,"2,9",False
route_images_1,frame_69_lat--6.0935406_lon--49.84780336666667.png,straight,intersection,0,1,0.9393293857574463,0.9393293857574463,,2.0,0.2452123910188675,"2,7",False
route_images_1,frame_70_lat--6.093529900000001_lon--49.847812600000005.png,straight,intersection,0,1,0.9420239329338074,0.9420239329338074,,7.0,0.4046429991722107,"7,2",False
route_images_1,frame_71_lat--6.093518866666667_lon--49.84782193333333.png,straight,intersection,0,1,0.9240659475326538,0.9240659475326538,,9.0,0.3660094738006592,"9,7",False
route_images_1,frame_72_lat--6.0935064_lon--49.84783216666667.png,straight,intersection,0,1,0.9637181758880615,0.9637181758880615,,7.0,0.8201654553413391,"7,10",False
route_images_1,frame_73_lat--6.093492100000001_lon--49.847843733333335.png,straight,intersection,0,1,0.9479570984840393,0.9479570984840393,,7.0,0.43485379219055176,"7,15",False
route_images_1,frame_74_lat--6.093476133333334_lon--49.84785696666667.png,straight,intersection,0,1,0.9657425880432129,0.9657425880432129,,15.0,0.30680051445961,"15,7",False
route_images_1,frame_75_lat--6.093459300000001_lon--49.847871266666665.png,straight,intersection,0,1,0.9132876992225647,0.9132876992225647,,15.0,0.6251519322395325,"15,7",False
route_images_1,frame_76_lat--6.093442533333333_lon--49.84788566666666.png,intersection,intersection,1,1,0.5207099914550781,0.5207099914550781,2.0,15.0,0.43617263436317444,"15,10",False
route_images_1,frame_77_lat--6.093426133333333_lon--49.847899733333335.png,intersection,intersection,1,1,0.7798795700073242,0.7798795700073242,2.0,15.0,0.6547842025756836,"15,10",False
route_images_1,frame_78_lat--6.093409733333334_lon--49.84791393333334.png,intersection,intersection,1,1,0.8738490343093872,0.8738490343093872,2.0,15.0,0.4772300124168396,"15,10",False
route_images_1,frame_79_lat--6.093392766666666_lon--49.8479289.png,intersection,intersection,1,1,0.9661117196083069,0.9661117196083069,2.0,15.0,0.6240352988243103,"15,5",False
route_images_1,frame_80_lat--6.093375099999999_lon--49.847944433333325.png,intersection,intersection,1,1,0.9573535919189453,0.9573535919189453,2.0,15.0,0.5604182481765747,"15,2",True
route_images_1,frame_81_lat--6.093357033333332_lon--49.84795926666667.png,intersection,intersection,1,1,0.9724365472793579,0.9724365472793579,2.0,15.0,0.4143279492855072,"15,12",False
route_images_1,frame_82_lat--6.093338933333333_lon--49.84797173333334.png,intersection,intersection,1,1,0.8986059427261353,0.8986059427261353,2.0,2.0,0.25231191515922546,"2,12",True
route_images_1,frame_83_lat--6.0933211_lon--49.84798043333334.png,intersection,intersection,1,1,0.7589542865753174,0.7589542865753174,2.0,15.0,0.17996318638324738,"15,2",True
route_images_1,frame_84_lat--6.093303633333333_lon--49.84798433333333.png,intersection,intersection,1,1,0.9464030265808105,0.9464030265808105,2.0,4.0,0.30230286717414856,"4,12",False
route_images_1,frame_85_lat--6.093286733333333_lon--49.84798203333334.png,intersection,intersection,1,1,0.866280734539032,0.866280734539032,2.0,4.0,0.28185179829597473,"4,12",False
route_images_1,frame_86_lat--6.093271566666666_lon--49.84797283333334.png,intersection,intersection,1,1,0.5399469137191772,0.5399469137191772,2.0,15.0,0.49377864599227905,"15,4",False
route_images_1,frame_87_lat--6.093259433333334_lon--49.84795736666666.png,intersection,straight,1,0,0.3373650312423706,0.6626350283622742,2.0,,,,False
route_images_1,frame_88_lat--6.093250366666666_lon--49.847936733333334.png,intersection,straight,1,0,0.393932968378067,0.6060670614242554,2.0,,,,False
route_images_1,frame_89_lat--6.093243799999999_lon--49.84791156666667.png,intersection,intersection,1,1,0.6751907467842102,0.6751907467842102,2.0,9.0,0.3970528244972229,"9,15",False
route_images_1,frame_90_lat--6.093239133333333_lon--49.84788276666667.png,intersection,straight,1,0,0.43676185607910156,0.5632380843162537,2.0,,,,False
route_images_1,frame_91_lat--6.093236433333333_lon--49.84785156666667.png,intersection,straight,1,0,0.4198516607284546,0.5801483392715454,2.0,,,,False
route_images_1,frame_92_lat--6.093235566666667_lon--49.847819799999996.png,intersection,intersection,1,1,0.8760005831718445,0.8760005831718445,2.0,4.0,0.4665898084640503,"4,9",False
route_images_1,frame_93_lat--6.093236300000001_lon--49.8477891.png,straight,intersection,0,1,0.9241655468940735,0.9241655468940735,,10.0,0.4290419816970825,"10,4",False
route_images_1,frame_94_lat--6.093238133333332_lon--49.84776036666667.png,straight,intersection,0,1,0.9409985542297363,0.9409985542297363,,9.0,0.21597075462341309,"9,2",False
route_images_1,frame_95_lat--6.093240833333333_lon--49.84773333333334.png,straight,intersection,0,1,0.9586209058761597,0.9586209058761597,,4.0,0.3048781752586365,"4,9",False
route_images_1,frame_96_lat--6.093243866666667_lon--49.847708133333335.png,straight,intersection,0,1,0.9522990584373474,0.9522990584373474,,9.0,0.5320870280265808,"9,4",False
route_images_1,frame_97_lat--6.093247_lon--49.847685.png,straight,intersection,0,1,0.7542877793312073,0.7542877793312073,,9.0,0.5850762724876404,"9,7",False
route_images_1,frame_98_lat--6.09325_lon--49.84766303333333.png,straight,intersection,0,1,0.9022988080978394,0.9022988080978394,,9.0,0.5300445556640625,"9,7",False
route_images_1,frame_99_lat--6.093252633333334_lon--49.84764176666666.png,straight,intersection,0,1,0.9402226209640503,0.9402226209640503,,9.0,0.3881987929344177,"9,7",False
route_images_1,frame_100_lat--6.093254666666667_lon--49.84762053333333.png,straight,intersection,0,1,0.9505699872970581,0.9505699872970581,,7.0,0.47361189126968384,"7,9",False
route_images_1,frame_101_lat--6.0932557_lon--49.847598600000005.png,straight,intersection,0,1,0.8483535647392273,0.8483535647392273,,9.0,0.4547949731349945,"9,4",False
route_images_1,frame_102_lat--6.093255133333334_lon--49.84757570000001.png,straight,intersection,0,1,0.9705047011375427,0.9705047011375427,,4.0,0.5734145045280457,"4,9",False
route_images_1,frame_103_lat--6.093253333333334_lon--49.847552500000006.png,straight,intersection,0,1,0.9351205229759216,0.9351205229759216,,9.0,0.4975958466529846,"9,4",False
route_images_1,frame_104_lat--6.093251366666667_lon--49.84752906666667.png,straight,intersection,0,1,0.8932949900627136,0.8932949900627136,,15.0,0.4387352764606476,"15,9",False
route_images_1,frame_105_lat--6.0932499_lon--49.84750473333334.png,straight,intersection,0,1,0.8781241774559021,0.8781241774559021,,9.0,0.6675371527671814,"9,15",False
route_images_1,frame_106_lat--6.093249066666667_lon--49.847478633333345.png,straight,intersection,0,1,0.8784364461898804,0.8784364461898804,,9.0,0.36477944254875183,"9,4",False
route_images_1,frame_107_lat--6.093248933333333_lon--49.84745066666667.png,straight,intersection,0,1,0.9506803750991821,0.9506803750991821,,4.0,0.35575851798057556,"4,9",False
route_images_1,frame_108_lat--6.0932496_lon--49.8474217.png,straight,intersection,0,1,0.6065732836723328,0.6065732836723328,,4.0,0.6047993302345276,"4,9",False
route_images_1,frame_109_lat--6.0932507000000005_lon--49.84739283333333.png,intersection,intersection,1,1,0.7027897238731384,0.7027897238731384,4.0,4.0,0.6318139433860779,"4,9",True
route_images_1,frame_110_lat--6.093251099999999_lon--49.84736546666666.png,intersection,intersection,1,1,0.5648338198661804,0.5648338198661804,4.0,9.0,0.37843745946884155,"9,4",True
route_images_1,frame_111_lat--6.093250733333333_lon--49.847340800000005.png,intersection,intersection,1,1,0.9464596509933472,0.9464596509933472,4.0,9.0,0.4401009678840637,"9,4",True
route_images_1,frame_112_lat--6.093250166666667_lon--49.8473193.png,intersection,intersection,1,1,0.9472330808639526,0.9472330808639526,4.0,4.0,0.3666282296180725,"4,9",True
route_images_1,frame_113_lat--6.093249900000001_lon--49.84730116666666.png,intersection,intersection,1,1,0.9740794897079468,0.9740794897079468,4.0,9.0,0.5596699714660645,"9,4",True
route_images_1,frame_114_lat--6.093249900000001_lon--49.84728683333333.png,intersection,intersection,1,1,0.9715356230735779,0.9715356230735779,4.0,4.0,0.42363643646240234,"4,9",True
route_images_1,frame_115_lat--6.0932502_lon--49.847266233333336.png,intersection,intersection,1,1,0.9812701940536499,0.9812701940536499,4.0,9.0,0.906144380569458,"9,4",True
route_images_1,frame_116_lat--6.093252866666665_lon--49.84724553333333.png,intersection,intersection,1,1,0.8323426246643066,0.8323426246643066,4.0,9.0,0.8279877305030823,"9,4",True
route_images_1,frame_117_lat--6.0932615666666665_lon--49.847220233333324.png,intersection,intersection,1,1,0.8690338134765625,0.8690338134765625,4.0,5.0,0.7688921689987183,"5,9",False
route_images_1,frame_118_lat--6.093269433333333_lon--49.84720709999999.png,intersection,intersection,1,1,0.821125864982605,0.821125864982605,4.0,5.0,0.8441444635391235,"5,4",True
route_images_1,frame_119_lat--6.093280966666667_lon--49.84719516666666.png,intersection,intersection,1,1,0.7996969819068909,0.7996969819068909,4.0,5.0,0.7487970590591431,"5,4",True
route_images_1,frame_120_lat--6.093296500000001_lon--49.8471854.png,intersection,straight,1,0,0.48955923318862915,0.5104407668113708,4.0,,,,False
route_images_1,frame_121_lat--6.093315200000001_lon--49.847177699999996.png,intersection,intersection,1,1,0.7328783273696899,0.7328783273696899,4.0,4.0,0.40138861536979675,"4,7",True
route_images_1,frame_122_lat--6.0933358_lon--49.84717113333333.png,intersection,intersection,1,1,0.7152175307273865,0.7152175307273865,4.0,4.0,0.29012826085090637,"4,15",True
route_images_1,frame_123_lat--6.093356733333333_lon--49.847165333333336.png,intersection,intersection,1,1,0.8575779795646667,0.8575779795646667,4.0,15.0,0.21331186592578888,"15,4",True
route_images_1,frame_124_lat--6.093376766666667_lon--49.84716023333333.png,intersection,intersection,1,1,0.6493671536445618,0.6493671536445618,4.0,15.0,0.4809904396533966,"15,5",False
route_images_1,frame_125_lat--6.093395266666667_lon--49.847155.png,intersection,intersection,1,1,0.8886374831199646,0.8886374831199646,4.0,15.0,0.5988901257514954,"15,7",False
route_images_1,frame_126_lat--6.093412433333333_lon--49.84714916666667.png,intersection,intersection,1,1,0.8629171252250671,0.8629171252250671,4.0,15.0,0.48882314562797546,"15,10",False
route_images_1,frame_127_lat--6.0934279999999985_lon--49.84714323333334.png,intersection,intersection,1,1,0.890984833240509,0.890984833240509,4.0,15.0,0.5795546770095825,"15,8",False
route_images_1,frame_128_lat--6.093441066666666_lon--49.84713803333333.png,intersection,intersection,1,1,0.8110215067863464,0.8110215067863464,4.0,15.0,0.6070961356163025,"15,8",False
route_images_1,frame_129_lat--6.093458766666666_lon--49.8471312.png,straight,intersection,0,1,0.938504159450531,0.938504159450531,,15.0,0.6095797419548035,"15,8",False
route_images_1,frame_130_lat--6.093475499999999_lon--49.84712493333334.png,straight,intersection,0,1,0.8003401160240173,0.8003401160240173,,15.0,0.40282610058784485,"15,8",False
route_images_1,frame_131_lat--6.0934965_lon--49.84711660000001.png,straight,intersection,0,1,0.561630129814148,0.561630129814148,,15.0,0.5586459636688232,"15,8",False
route_images_1,frame_132_lat--6.093514066666667_lon--49.84710943333333.png,straight,intersection,0,1,0.6823553442955017,0.6823553442955017,,15.0,0.4774591624736786,"15,8",False
route_images_2,frame_1_lat--6.093497866666667_lon--49.8471314.png,straight,straight,0,0,0.09775328636169434,0.9022467136383057,,,,,False
route_images_2,frame_2_lat--6.0934745999999995_lon--49.847142100000006.png,straight,straight,0,0,0.11964207887649536,0.8803578615188599,,,,,False
route_images_2,frame_3_lat--6.0934522_lon--49.84715176666667.png,intersection,straight,1,0,0.3108387589454651,0.6891612410545349,4.0,,,,False
route_images_2,frame_4_lat--6.0934378333333346_lon--49.847157933333335.png,intersection,straight,1,0,0.4154706597328186,0.5845292806625366,4.0,,,,False
route_images_2,frame_5_lat--6.093423_lon--49.847164233333324.png,intersection,intersection,1,1,0.6318199038505554,0.6318199038505554,4.0,10.0,0.2536124885082245,"10,9",False
route_images_2,frame_6_lat--6.093407066666666_lon--49.84717006666666.png,intersection,intersection,1,1,0.6023819446563721,0.6023819446563721,4.0,2.0,0.33805373311042786,"2,3",False
route_images_2,frame_7_lat--6.093386733333334_lon--49.84717716666667.png,intersection,intersection,1,1,0.8017823100090027,0.8017823100090027,4.0,10.0,0.7078387141227722,"10,3",False
route_images_2,frame_8_lat--6.093367466666667_lon--49.84718316666666.png,intersection,intersection,1,1,0.941765546798706,0.941765546798706,4.0,3.0,0.2973144054412842,"3,4",True
route_images_2,frame_9_lat--6.0933431333333345_lon--49.8471903.png,intersection,intersection,1,1,0.7805412411689758,0.7805412411689758,4.0,8.0,0.2859475612640381,"8,4",True
route_images_2,frame_10_lat--6.0933296666666665_lon--49.8471941.png,intersection,intersection,1,1,0.9458961486816406,0.9458961486816406,4.0,4.0,0.25957152247428894,"4,3",True
route_images_2,frame_11_lat--6.093316566666667_lon--49.847198133333336.png,intersection,intersection,1,1,0.9314902424812317,0.9314902424812317,4.0,3.0,0.2521125376224518,"3,4",True
route_images_2,frame_12_lat--6.093296966666666_lon--49.847206633333336.png,intersection,intersection,1,1,0.8817611932754517,0.8817611932754517,4.0,3.0,0.44592636823654175,"3,15",False
route_images_2,frame_13_lat--6.0932838_lon--49.8472192.png,intersection,intersection,1,1,0.9123547077178955,0.9123547077178955,4.0,3.0,0.86372971534729,"3,0",False
route_images_2,frame_14_lat--6.093278000000001_lon--49.84723773333333.png,intersection,intersection,1,1,0.7197076082229614,0.7197076082229614,4.0,3.0,0.525453507900238,"3,10",False
route_images_2,frame_15_lat--6.0932778999999995_lon--49.84726336666667.png,intersection,intersection,1,1,0.7353570461273193,0.7353570461273193,4.0,10.0,0.6098054051399231,"10,3",False
route_images_2,frame_16_lat--6.093278766666667_lon--49.84727846666666.png,intersection,intersection,1,1,0.6951436400413513,0.6951436400413513,4.0,3.0,0.4068830907344818,"3,10",False
route_images_2,frame_17_lat--6.093279533333333_lon--49.8472937.png,intersection,intersection,1,1,0.7044837474822998,0.7044837474822998,4.0,10.0,0.3323756456375122,"10,3",False
route_images_2,frame_18_lat--6.093280300000001_lon--49.84730786666667.png,intersection,intersection,1,1,0.6605475544929504,0.6605475544929504,4.0,10.0,0.47273504734039307,"10,3",False
route_images_2,frame_19_lat--6.0932819333333335_lon--49.84733456666666.png,intersection,intersection,1,1,0.8176982998847961,0.8176982998847961,4.0,10.0,0.603568434715271,"10,3",False
route_images_2,frame_20_lat--6.0932827666666665_lon--49.84734866666667.png,intersection,intersection,1,1,0.8310686945915222,0.8310686945915222,4.0,10.0,0.4358644187450409,"10,9",False
route_images_2,frame_21_lat--6.093283433333333_lon--49.8473635.png,intersection,intersection,1,1,0.6253431439399719,0.6253431439399719,4.0,3.0,0.41946646571159363,"3,10",False
route_images_2,frame_22_lat--6.093283966666666_lon--49.847379000000004.png,intersection,intersection,1,1,0.9163485169410706,0.9163485169410706,4.0,3.0,0.603704035282135,"3,10",False
route_images_2,frame_23_lat--6.0932844333333325_lon--49.847395066666664.png,straight,intersection,0,1,0.8424168825149536,0.8424168825149536,,3.0,0.4143945872783661,"3,15",False
route_images_2,frame_24_lat--6.093284866666667_lon--49.84741193333333.png,straight,intersection,0,1,0.8742337226867676,0.8742337226867676,,3.0,0.34276866912841797,"3,15",False
route_images_2,frame_25_lat--6.093285100000001_lon--49.84742956666666.png,straight,intersection,0,1,0.9525325894355774,0.9525325894355774,,3.0,0.5517808794975281,"3,10",False
route_images_2,frame_26_lat--6.093284966666666_lon--49.84744776666666.png,straight,intersection,0,1,0.899181604385376,0.899181604385376,,3.0,0.6087772846221924,"3,10",False
route_images_2,frame_27_lat--6.093284366666667_lon--49.84746633333333.png,straight,intersection,0,1,0.5964261293411255,0.5964261293411255,,3.0,0.5237884521484375,"3,10",False
route_images_2,frame_28_lat--6.093283400000001_lon--49.84748523333333.png,straight,straight,0,0,0.4602256417274475,0.5397742986679077,,,,,False
route_images_2,frame_29_lat--6.093282266666667_lon--49.8475044.png,straight,straight,0,0,0.18233753740787506,0.8176624774932861,,,,,False
route_images_2,frame_30_lat--6.0932811000000004_lon--49.847523900000006.png,straight,straight,0,0,0.22667568922042847,0.7733242511749268,,,,,False
route_images_2,frame_31_lat--6.093279866666667_lon--49.84754343333334.png,straight,straight,0,0,0.3021797239780426,0.6978203058242798,,,,,False
route_images_2,frame_32_lat--6.093278699999999_lon--49.847562800000006.png,straight,straight,0,0,0.4040771722793579,0.5959228277206421,,,,,False
route_images_2,frame_33_lat--6.093277233333334_lon--49.84758193333334.png,straight,straight,0,0,0.4940953850746155,0.5059046149253845,,,,,False
route_images_2,frame_34_lat--6.0932751666666665_lon--49.847601100000006.png,straight,straight,0,0,0.43645939230918884,0.5635405778884888,,,,,False
route_images_2,frame_35_lat--6.093272566666666_lon--49.84762043333333.png,straight,intersection,0,1,0.6141756176948547,0.6141756176948547,,10.0,0.5052434802055359,"10,3",False
route_images_2,frame_36_lat--6.093269833333333_lon--49.847639900000004.png,straight,straight,0,0,0.40304774045944214,0.5969522595405579,,,,,False
route_images_2,frame_37_lat--6.0932674_lon--49.84765946666667.png,straight,straight,0,0,0.35986945033073425,0.6401305198669434,,,,,False
route_images_2,frame_38_lat--6.0932656000000005_lon--49.84767936666667.png,straight,straight,0,0,0.21174852550029755,0.788251519203186,,,,,False
route_images_2,frame_39_lat--6.093264533333333_lon--49.84769956666666.png,straight,straight,0,0,0.42550888657569885,0.5744911432266235,,,,,False
route_images_2,frame_40_lat--6.093264233333334_lon--49.84772003333333.png,straight,straight,0,0,0.36572006344795227,0.6342800259590149,,,,,False
route_images_2,frame_41_lat--6.0932644_lon--49.847740900000005.png,straight,straight,0,0,0.17500121891498566,0.8249988555908203,,,,,False
route_images_2,frame_42_lat--6.093264933333333_lon--49.84776203333333.png,straight,straight,0,0,0.4551491439342499,0.5448508858680725,,,,,False
route_images_2,frame_43_lat--6.093265666666666_lon--49.84778316666667.png,straight,straight,0,0,0.4082637429237366,0.5917362570762634,,,,,False
route_images_2,frame_44_lat--6.093266433333332_lon--49.84780426666667.png,intersection,intersection,1,1,0.5446131825447083,0.5446131825447083,2.0,10.0,0.6125542521476746,"10,3",False
route_images_2,frame_45_lat--6.093267133333333_lon--49.84782553333334.png,intersection,intersection,1,1,0.5501406788825989,0.5501406788825989,2.0,15.0,0.2982892692089081,"15,10",False
route_images_2,frame_46_lat--6.093267866666666_lon--49.847846833333335.png,intersection,intersection,1,1,0.5830190181732178,0.5830190181732178,2.0,3.0,0.39478641748428345,"3,10",False
route_images_2,frame_47_lat--6.093268599999999_lon--49.847868133333336.png,intersection,intersection,1,1,0.5160541534423828,0.5160541534423828,2.0,3.0,0.3593482971191406,"3,10",False
route_images_2,frame_48_lat--6.0932695_lon--49.84788923333333.png,intersection,straight,1,0,0.20311415195465088,0.7968858480453491,2.0,,,,False
route_images_2,frame_49_lat--6.093270766666667_lon--49.847909433333335.png,intersection,straight,1,0,0.10043388605117798,0.899566113948822,2.0,,,,False
route_images_2,frame_50_lat--6.093272533333334_lon--49.84792833333334.png,intersection,straight,1,0,0.3459685444831848,0.6540314555168152,2.0,,,,False
route_images_2,frame_51_lat--6.093274733333334_lon--49.84794613333334.png,intersection,straight,1,0,0.31130293011665344,0.6886970400810242,2.0,,,,False
route_images_2,frame_52_lat--6.093277366666666_lon--49.847962700000004.png,intersection,straight,1,0,0.3076331317424774,0.6923668384552002,2.0,,,,False
route_images_2,frame_53_lat--6.093280666666667_lon--49.84797786666665.png,intersection,intersection,1,1,0.5370643138885498,0.5370643138885498,2.0,10.0,0.2829480767250061,"10,9",False
route_images_2,frame_54_lat--6.0932854_lon--49.84799133333333.png,intersection,intersection,1,1,0.967289924621582,0.967289924621582,2.0,9.0,0.2602826952934265,"9,3",False
route_images_2,frame_55_lat--6.093302733333333_lon--49.84801073333334.png,intersection,intersection,1,1,0.7922565937042236,0.7922565937042236,2.0,14.0,0.19871440529823303,"14,9",False
route_images_2,frame_56_lat--6.0933161_lon--49.848016.png,intersection,straight,1,0,0.22235627472400665,0.7776437401771545,2.0,,,,False
route_images_2,frame_57_lat--6.0933322_lon--49.848017299999995.png,intersection,intersection,1,1,0.9263262748718262,0.9263262748718262,2.0,2.0,0.2648178040981293,"2,7",True
route_images_2,frame_58_lat--6.093349233333333_lon--49.84801316666666.png,intersection,intersection,1,1,0.9962530136108398,0.9962530136108398,2.0,3.0,0.17928563058376312,"3,9",False
route_images_2,frame_59_lat--6.0933655_lon--49.84800333333333.png,intersection,intersection,1,1,0.8083911538124084,0.8083911538124084,2.0,2.0,0.6881692409515381,"2,9",True
route_images_2,frame_60_lat--6.093380433333334_lon--49.84798983333334.png,intersection,intersection,1,1,0.7461621165275574,0.7461621165275574,2.0,2.0,0.9170387983322144,"2,10",True
route_images_2,frame_61_lat--6.093394766666667_lon--49.84797506666666.png,intersection,intersection,1,1,0.8384501934051514,0.8384501934051514,2.0,2.0,0.9081807732582092,"2,9",True
route_images_2,frame_62_lat--6.093409566666667_lon--49.847960533333335.png,intersection,intersection,1,1,0.9722540378570557,0.9722540378570557,2.0,2.0,0.801068902015686,"2,9",True
route_images_2,frame_63_lat--6.0934255_lon--49.847946433333334.png,intersection,intersection,1,1,0.9788034558296204,0.9788034558296204,2.0,2.0,0.7695475816726685,"2,9",True
route_images_2,frame_64_lat--6.093442566666667_lon--49.84793276666667.png,intersection,intersection,1,1,0.9840710163116455,0.9840710163116455,2.0,2.0,0.3840811252593994,"2,9",True
route_images_2,frame_65_lat--6.093460299999999_lon--49.84791933333334.png,intersection,intersection,1,1,0.8187890648841858,0.8187890648841858,2.0,2.0,0.4017918109893799,"2,9",True
route_images_2,frame_66_lat--6.0934784_lon--49.84790606666667.png,straight,intersection,0,1,0.913252055644989,0.913252055644989,,9.0,0.34515610337257385,"9,2",False
route_images_2,frame_67_lat--6.093496933333334_lon--49.84789273333333.png,straight,intersection,0,1,0.7787395119667053,0.7787395119667053,,2.0,0.24717362225055695,"2,3",False
route_images_2,frame_68_lat--6.0935158000000005_lon--49.84787943333333.png,straight,intersection,0,1,0.9278651475906372,0.9278651475906372,,9.0,0.34020379185676575,"9,3",False
route_images_2,frame_69_lat--6.093534999999999_lon--49.84786606666667.png,straight,intersection,0,1,0.9457642436027527,0.9457642436027527,,3.0,0.573110044002533,"3,2",False
route_images_2,frame_70_lat--6.093554133333333_lon--49.84785236666666.png,straight,intersection,0,1,0.9360440969467163,0.9360440969467163,,3.0,0.35727638006210327,"3,10",False
route_images_2,frame_71_lat--6.093572633333333_lon--49.847837999999996.png,straight,intersection,0,1,0.829251766204834,0.829251766204834,,15.0,0.23033562302589417,"15,3",False
route_images_2,frame_72_lat--6.093590333333333_lon--49.84782276666667.png,straight,intersection,0,1,0.6050487160682678,0.6050487160682678,,10.0,0.29479658603668213,"10,15",False
route_images_2,frame_73_lat--6.093607466666667_lon--49.8478071.png,straight,intersection,0,1,0.571641206741333,0.571641206741333,,10.0,0.31750792264938354,"10,3",False
route_images_2,frame_74_lat--6.0936245_lon--49.84779123333333.png,straight,straight,0,0,0.43428412079811096,0.5657159686088562,,,,,False
route_images_2,frame_75_lat--6.0936417333333335_lon--49.8477753.png,straight,intersection,0,1,0.8024722933769226,0.8024722933769226,,10.0,0.6152356863021851,"10,3",False
route_images_2,frame_76_lat--6.0936593666666665_lon--49.847759366666665.png,straight,intersection,0,1,0.534337043762207,0.534337043762207,,10.0,0.5332136154174805,"10,3",False
route_images_2,frame_77_lat--6.093677466666667_lon--49.84774376666667.png,straight,intersection,0,1,0.5518786907196045,0.5518786907196045,,2.0,0.2673514783382416,"2,3",False
route_images_2,frame_78_lat--6.093696_lon--49.847728599999996.png,straight,intersection,0,1,0.6738476157188416,0.6738476157188416,,3.0,0.2697054445743561,"3,2",False
route_images_2,frame_79_lat--6.093714833333332_lon--49.847713766666665.png,straight,intersection,0,1,0.7010530829429626,0.7010530829429626,,2.0,0.45799264311790466,"2,10",False
route_images_2,frame_80_lat--6.093734066666667_lon--49.847699266666666.png,straight,intersection,0,1,0.7055273652076721,0.7055273652076721,,3.0,0.3398265838623047,"3,0",False
route_images_2,frame_81_lat--6.0937538_lon--49.84768493333334.png,straight,intersection,0,1,0.587685227394104,0.587685227394104,,3.0,0.4244922995567322,"3,2",False
route_images_2,frame_82_lat--6.0937741333333335_lon--49.847670833333346.png,straight,intersection,0,1,0.7615789175033569,0.7615789175033569,,3.0,0.6199783086776733,"3,10",False
route_images_2,frame_83_lat--6.093794966666666_lon--49.84765683333334.png,straight,intersection,0,1,0.7966449856758118,0.7966449856758118,,3.0,0.6054767966270447,"3,0",False
route_images_2,frame_84_lat--6.093816199999999_lon--49.84764286666667.png,straight,intersection,0,1,0.5231368541717529,0.5231368541717529,,10.0,0.7627410888671875,"10,3",False
route_images_2,frame_85_lat--6.093837633333334_lon--49.84762886666667.png,straight,intersection,0,1,0.6419796347618103,0.6419796347618103,,10.0,0.4594249129295349,"10,3",False
route_images_2,frame_86_lat--6.093859133333334_lon--49.84761506666666.png,straight,intersection,0,1,0.9394190311431885,0.9394190311431885,,10.0,0.4180174171924591,"10,3",False
route_images_2,frame_87_lat--6.0938809_lon--49.84760173333333.png,straight,intersection,0,1,0.7119297981262207,0.7119297981262207,,3.0,0.271808385848999,"3,10",False
route_images_2,frame_88_lat--6.093903_lon--49.847589033333335.png,intersection,intersection,1,1,0.8739929795265198,0.8739929795265198,6.0,3.0,0.3455585241317749,"3,0",False
route_images_2,frame_89_lat--6.093925366666667_lon--49.847577.png,intersection,intersection,1,1,0.7161591053009033,0.7161591053009033,6.0,3.0,0.5069708228111267,"3,10",False
route_images_2,frame_90_lat--6.0939481_lon--49.84756523333333.png,intersection,intersection,1,1,0.8210838437080383,0.8210838437080383,6.0,10.0,0.2679271399974823,"10,3",False
route_images_2,frame_91_lat--6.093970733333333_lon--49.8475536.png,intersection,intersection,1,1,0.7675564289093018,0.7675564289093018,6.0,3.0,0.2752482295036316,"3,10",False
route_images_2,frame_92_lat--6.093991699999999_lon--49.8475423.png,intersection,intersection,1,1,0.5355526804924011,0.5355526804924011,6.0,3.0,0.3731735348701477,"3,10",False
route_images_2,frame_93_lat--6.0940096000000015_lon--49.84753119999999.png,intersection,intersection,1,1,0.7418830990791321,0.7418830990791321,6.0,3.0,0.2505156695842743,"3,10",False
route_images_2,frame_94_lat--6.0940244_lon--49.84751883333333.png,intersection,intersection,1,1,0.7091996669769287,0.7091996669769287,6.0,0.0,0.32040464878082275,"0,3",False
route_images_2,frame_95_lat--6.094036000000001_lon--49.84750453333334.png,intersection,intersection,1,1,0.8809284567832947,0.8809284567832947,6.0,0.0,0.7668678760528564,"0,3",False
route_images_2,frame_96_lat--6.094043666666668_lon--49.847489.png,intersection,intersection,1,1,0.9083847403526306,0.9083847403526306,6.0,0.0,0.9385408759117126,"0,10",False
route_images_2,frame_97_lat--6.094047433333333_lon--49.84747303333334.png,intersection,intersection,1,1,0.8504176139831543,0.8504176139831543,6.0,0.0,0.9209511876106262,"0,10",False
route_images_2,frame_98_lat--6.0940479_lon--49.84745686666666.png,intersection,intersection,1,1,0.9385287165641785,0.9385287165641785,6.0,0.0,0.8116815686225891,"0,10",False
route_images_2,frame_99_lat--6.0940459_lon--49.847440633333335.png,intersection,intersection,1,1,0.8205997347831726,0.8205997347831726,6.0,0.0,0.5140944123268127,"0,10",False
route_images_2,frame_100_lat--6.094042066666667_lon--49.84742443333333.png,intersection,intersection,1,1,0.884814977645874,0.884814977645874,6.0,0.0,0.9148982763290405,"0,3",False
route_images_2,frame_101_lat--6.0940366_lon--49.84740746666667.png,intersection,intersection,1,1,0.8148956298828125,0.8148956298828125,6.0,0.0,0.7676827311515808,"0,3",False
route_images_2,frame_102_lat--6.094029333333333_lon--49.847388699999996.png,intersection,intersection,1,1,0.958894670009613,0.958894670009613,6.0,0.0,0.6010233759880066,"0,10",False
route_images_2,frame_103_lat--6.0940211_lon--49.84736899999999.png,intersection,intersection,1,1,0.7515760660171509,0.7515760660171509,6.0,0.0,0.5783962607383728,"0,3",False
route_images_2,frame_104_lat--6.094013133333333_lon--49.84735013333333.png,intersection,straight,1,0,0.37583234906196594,0.6241676211357117,6.0,,,,False
route_images_2,frame_105_lat--6.094006066666667_lon--49.847333033333335.png,intersection,intersection,1,1,0.8664479851722717,0.8664479851722717,6.0,0.0,0.9281792044639587,"0,3",False
route_images_2,frame_106_lat--6.093999766666666_lon--49.84731703333334.png,intersection,intersection,1,1,0.7861657738685608,0.7861657738685608,6.0,0.0,0.8443959951400757,"0,10",False
route_images_2,frame_107_lat--6.093993766666666_lon--49.84730123333333.png,intersection,intersection,1,1,0.9127942323684692,0.9127942323684692,6.0,0.0,0.9160618185997009,"0,3",False
route_images_2,frame_108_lat--6.093987733333331_lon--49.847285033333335.png,intersection,intersection,1,1,0.9447188973426819,0.9447188973426819,6.0,0.0,0.9586532711982727,"0,2",False
route_images_2,frame_109_lat--6.0939814666666665_lon--49.84726830000001.png,intersection,intersection,1,1,0.9653034806251526,0.9653034806251526,6.0,0.0,0.8839411735534668,"0,6",True
route_images_2,frame_110_lat--6.093975033333333_lon--49.84725136666667.png,intersection,intersection,1,1,0.9643086791038513,0.9643086791038513,6.0,0.0,0.8495647311210632,"0,6",True
route_images_2,frame_111_lat--6.093968533333333_lon--49.847234666666665.png,intersection,intersection,1,1,0.9760956764221191,0.9760956764221191,6.0,0.0,0.852536678314209,"0,6",True
route_images_2,frame_112_lat--6.093961766666668_lon--49.84721756666666.png,straight,intersection,0,1,0.9794089198112488,0.9794089198112488,,0.0,0.9446466565132141,"0,3",False
route_images_2,frame_113_lat--6.093954733333333_lon--49.847199833333335.png,straight,intersection,0,1,0.976715624332428,0.976715624332428,,0.0,0.9511078000068665,"0,3",False
route_images_2,frame_114_lat--6.0939475666666665_lon--49.84718203333333.png,straight,intersection,0,1,0.960274875164032,0.960274875164032,,0.0,0.9179660677909851,"0,3",False
route_images_2,frame_115_lat--6.093940533333334_lon--49.847164666666664.png,intersection,intersection,1,1,0.9830890893936157,0.9830890893936157,5.0,0.0,0.8169876933097839,"0,3",False
route_images_2,frame_116_lat--6.093933633333333_lon--49.84714806666667.png,intersection,intersection,1,1,0.9661306142807007,0.9661306142807007,5.0,0.0,0.7469198107719421,"0,3",False
route_images_2,frame_117_lat--6.0939268_lon--49.84713206666667.png,intersection,intersection,1,1,0.9803274273872375,0.9803274273872375,5.0,0.0,0.792963981628418,"0,3",False
route_images_2,frame_118_lat--6.093919766666668_lon--49.847116299999996.png,intersection,intersection,1,1,0.8722953796386719,0.8722953796386719,5.0,5.0,0.39433667063713074,"5,3",True
route_images_2,frame_119_lat--6.0939122_lon--49.8471003.png,intersection,intersection,1,1,0.9741737246513367,0.9741737246513367,5.0,0.0,0.43782204389572144,"0,3",False
route_images_2,frame_120_lat--6.093904200000001_lon--49.84708426666666.png,intersection,intersection,1,1,0.972521185874939,0.972521185874939,5.0,0.0,0.7279277443885803,"0,3",False
route_images_2,frame_121_lat--6.0938961_lon--49.84706886666667.png,intersection,intersection,1,1,0.9529411792755127,0.9529411792755127,5.0,3.0,0.6672070026397705,"3,0",False
route_images_2,frame_122_lat--6.093887933333333_lon--49.8470547.png,intersection,intersection,1,1,0.8328505158424377,0.8328505158424377,5.0,3.0,0.6937643885612488,"3,10",False
route_images_2,frame_123_lat--6.093878999999999_lon--49.847041866666665.png,intersection,intersection,1,1,0.8346414566040039,0.8346414566040039,5.0,3.0,0.469292551279068,"3,10",False
route_images_2,frame_124_lat--6.0938682_lon--49.84703013333334.png,intersection,intersection,1,1,0.9212002754211426,0.9212002754211426,5.0,10.0,0.5130710005760193,"10,3",False
route_images_2,frame_125_lat--6.093855_lon--49.84702023333334.png,intersection,intersection,1,1,0.9601823091506958,0.9601823091506958,5.0,3.0,0.8526832461357117,"3,0",False
route_images_2,frame_126_lat--6.093839433333334_lon--49.847013700000005.png,intersection,intersection,1,1,0.7782177329063416,0.7782177329063416,5.0,3.0,0.5283337831497192,"3,0",False
route_images_2,frame_127_lat--6.093822266666666_lon--49.84701146666667.png,intersection,straight,1,0,0.42549237608909607,0.5745076537132263,5.0,,,,False
route_images_2,frame_128_lat--6.0938045333333335_lon--49.84701326666667.png,intersection,intersection,1,1,0.6264799237251282,0.6264799237251282,5.0,3.0,0.6357086300849915,"3,0",False
route_images_2,frame_129_lat--6.093786866666667_lon--49.84701806666667.png,intersection,intersection,1,1,0.6975566744804382,0.6975566744804382,5.0,3.0,0.6831566691398621,"3,0",False
route_images_2,frame_130_lat--6.0937694_lon--49.84702446666667.png,intersection,intersection,1,1,0.7706447243690491,0.7706447243690491,5.0,3.0,0.8888750672340393,"3,0",False
route_images_2,frame_131_lat--6.093752100000001_lon--49.847031066666666.png,intersection,intersection,1,1,0.5169910192489624,0.5169910192489624,5.0,3.0,0.7321497797966003,"3,2",False
route_images_2,frame_132_lat--6.093734766666666_lon--49.84703733333335.png,intersection,intersection,1,1,0.6420197486877441,0.6420197486877441,5.0,3.0,0.6778531670570374,"3,15",False
route_images_2,frame_133_lat--6.093717333333333_lon--49.84704323333334.png,intersection,intersection,1,1,0.6331083178520203,0.6331083178520203,5.0,3.0,0.6003099679946899,"3,10",False
route_images_2,frame_134_lat--6.093699833333333_lon--49.84704883333334.png,intersection,intersection,1,1,0.664175271987915,0.664175271987915,5.0,3.0,0.4718523323535919,"3,10",False
route_images_2,frame_135_lat--6.0936824666666665_lon--49.8470543.png,intersection,intersection,1,1,0.5288832187652588,0.5288832187652588,5.0,10.0,0.6958021521568298,"10,3",False
route_images_2,frame_136_lat--6.0936653000000005_lon--49.84705963333333.png,intersection,intersection,1,1,0.7757943272590637,0.7757943272590637,5.0,15.0,0.5465879440307617,"15,10",False
route_images_2,frame_137_lat--6.093648266666667_lon--49.84706513333333.png,intersection,intersection,1,1,0.7741382122039795,0.7741382122039795,5.0,10.0,0.40837404131889343,"10,3",False
route_images_2,frame_138_lat--6.093631333333333_lon--49.847071099999994.png,intersection,intersection,1,1,0.8282378911972046,0.8282378911972046,5.0,3.0,0.7936252951622009,"3,10",False
route_images_2,frame_139_lat--6.0936146666666655_lon--49.84707753333333.png,straight,intersection,0,1,0.7413012385368347,0.7413012385368347,,3.0,0.482868492603302,"3,10",False
route_images_2,frame_140_lat--6.093598366666667_lon--49.847083966666666.png,straight,intersection,0,1,0.7135035395622253,0.7135035395622253,,3.0,0.5133206844329834,"3,10",False
route_images_2,frame_141_lat--6.093582233333334_lon--49.84709036666666.png,straight,intersection,0,1,0.7147016525268555,0.7147016525268555,,10.0,0.3659976124763489,"10,3",False
route_images_2,frame_142_lat--6.0935660333333335_lon--49.84709686666667.png,straight,intersection,0,1,0.6529152989387512,0.6529152989387512,,10.0,0.43031975626945496,"10,15",False
route_images_2,frame_143_lat--6.093550066666667_lon--49.84710343333333.png,straight,intersection,0,1,0.6241453289985657,0.6241453289985657,,10.0,0.5666438341140747,"10,3",False
route_images_2,frame_144_lat--6.0935356_lon--49.847109233333335.png,straight,intersection,0,1,0.774827778339386,0.774827778339386,,10.0,0.311919629573822,"10,7",False
route_images_2,frame_145_lat--6.093518999999999_lon--49.847115466666665.png,straight,intersection,0,1,0.5733600854873657,0.5733600854873657,,10.0,0.649311900138855,"10,15",False
route_images_3,frame_0_lat--6.093118666666667_lon--49.847259666666666.png,intersection,intersection,1,1,0.8615919351577759,0.8615919351577759,4.0,3.0,0.29197317361831665,"3,2",False
route_images_3,frame_1_lat--6.093105333333332_lon--49.84726373333333.png,intersection,intersection,1,1,0.7573227286338806,0.7573227286338806,4.0,3.0,0.5626276731491089,"3,10",False
route_images_3,frame_2_lat--6.0930921_lon--49.84726919999999.png,intersection,intersection,1,1,0.8777839541435242,0.8777839541435242,4.0,3.0,0.45377829670906067,"3,10",False
route_images_3,frame_3_lat--6.093075833333334_lon--49.84727553333333.png,intersection,intersection,1,1,0.7027397155761719,0.7027397155761719,4.0,3.0,0.5745008587837219,"3,0",False
route_images_3,frame_4_lat--6.093058233333333_lon--49.847281466666665.png,straight,intersection,0,1,0.7500362992286682,0.7500362992286682,,3.0,0.5703641176223755,"3,10",False
route_images_3,frame_5_lat--6.093040566666667_lon--49.847286466666674.png,straight,intersection,0,1,0.6026382446289062,0.6026382446289062,,3.0,0.47685468196868896,"3,10",False
route_images_3,frame_6_lat--6.093023499999999_lon--49.847290633333344.png,straight,intersection,0,1,0.8186556696891785,0.8186556696891785,,3.0,0.3700743317604065,"3,10",False
route_images_3,frame_7_lat--6.093006133333333_lon--49.84729453333334.png,straight,intersection,0,1,0.9125600457191467,0.9125600457191467,,10.0,0.3779541254043579,"10,7",False
route_images_3,frame_8_lat--6.092987033333334_lon--49.84729873333333.png,straight,intersection,0,1,0.8647935390472412,0.8647935390472412,,7.0,0.20058128237724304,"7,10",False
route_images_3,frame_9_lat--6.0929651666666675_lon--49.84730366666666.png,straight,intersection,0,1,0.8884294033050537,0.8884294033050537,,7.0,0.3052825331687927,"7,9",False
route_images_3,frame_10_lat--6.092940799999999_lon--49.84730933333334.png,straight,intersection,0,1,0.8319247961044312,0.8319247961044312,,9.0,0.24662227928638458,"9,7",False
route_images_3,frame_11_lat--6.092915_lon--49.84731546666667.png,straight,intersection,0,1,0.8116474747657776,0.8116474747657776,,9.0,0.3031567335128784,"9,7",False
route_images_3,frame_12_lat--6.092889066666666_lon--49.84732163333333.png,straight,intersection,0,1,0.6802294850349426,0.6802294850349426,,9.0,0.4293630123138428,"9,3",False
route_images_3,frame_13_lat--6.092863999999999_lon--49.847327566666664.png,straight,intersection,0,1,0.7493959665298462,0.7493959665298462,,9.0,0.5255914330482483,"9,3",False
route_images_3,frame_14_lat--6.092840033333333_lon--49.84733303333333.png,straight,intersection,0,1,0.8966236114501953,0.8966236114501953,,9.0,0.5636075735092163,"9,3",False
route_images_3,frame_15_lat--6.092816833333334_lon--49.84733816666667.png,straight,intersection,0,1,0.7590752840042114,0.7590752840042114,,9.0,0.36682623624801636,"9,3",False
route_images_3,frame_16_lat--6.0927940000000005_lon--49.84734336666667.png,straight,intersection,0,1,0.5641207695007324,0.5641207695007324,,3.0,0.4974682927131653,"3,9",False
route_images_3,frame_17_lat--6.092771166666666_lon--49.84734856666667.png,straight,straight,0,0,0.36274099349975586,0.6372590065002441,,,,,False
route_images_3,frame_18_lat--6.092748233333333_lon--49.84735379999999.png,straight,straight,0,0,0.4384688138961792,0.5615311861038208,,,,,False
route_images_3,frame_19_lat--6.092725700000001_lon--49.8473588.png,straight,intersection,0,1,0.8033133745193481,0.8033133745193481,,3.0,0.7724648118019104,"3,10",False
route_images_3,frame_20_lat--6.092703833333333_lon--49.84736360000001.png,straight,intersection,0,1,0.5835245847702026,0.5835245847702026,,3.0,0.555158793926239,"3,10",False
route_images_3,frame_21_lat--6.092681999999999_lon--49.847368333333335.png,straight,straight,0,0,0.14651362597942352,0.8534864187240601,,,,,False
route_images_3,frame_22_lat--6.092660666666666_lon--49.847373000000005.png,straight,straight,0,0,0.19840843975543976,0.8015915751457214,,,,,False
route_images_3,frame_23_lat--6.0926408_lon--49.84737743333333.png,straight,straight,0,0,0.1650189608335495,0.8349810838699341,,,,,False
route_images_3,frame_24_lat--6.092622400000001_lon--49.847381466666675.png,straight,straight,0,0,0.2609582543373108,0.7390417456626892,,,,,False
route_images_3,frame_25_lat--6.092604633333334_lon--49.84738523333333.png,straight,straight,0,0,0.3865472078323364,0.6134527325630188,,,,,False
route_images_3,frame_26_lat--6.092585966666666_lon--49.847389299999996.png,straight,intersection,0,1,0.5685664415359497,0.5685664415359497,,3.0,0.5619850158691406,"3,10",False
route_images_3,frame_27_lat--6.092565633333333_lon--49.84739383333333.png,straight,straight,0,0,0.41385218501091003,0.5861478447914124,,,,,False
route_images_3,frame_28_lat--6.092544066666667_lon--49.84739863333333.png,straight,intersection,0,1,0.5651780962944031,0.5651780962944031,,10.0,0.4416928291320801,"10,7",False
route_images_3,frame_29_lat--6.092522833333334_lon--49.8474032.png,straight,intersection,0,1,0.8013814687728882,0.8013814687728882,,10.0,0.6441020965576172,"10,3",False
route_images_3,frame_30_lat--6.0925033666666675_lon--49.847407366666665.png,straight,intersection,0,1,0.6715038418769836,0.6715038418769836,,10.0,0.6786561608314514,"10,3",False
route_images_3,frame_31_lat--6.092485933333333_lon--49.847411133333324.png,straight,intersection,0,1,0.8752986192703247,0.8752986192703247,,10.0,0.49865832924842834,"10,3",False
route_images_3,frame_32_lat--6.092469633333333_lon--49.847414699999995.png,straight,intersection,0,1,0.5645381808280945,0.5645381808280945,,10.0,0.6600755453109741,"10,3",False
route_images_3,frame_33_lat--6.0924533_lon--49.8474182.png,straight,straight,0,0,0.4729044735431671,0.5270955562591553,,,,,False
route_images_3,frame_34_lat--6.092436366666666_lon--49.84742183333333.png,straight,intersection,0,1,0.6306939721107483,0.6306939721107483,,10.0,0.5745593309402466,"10,7",False
route_images_3,frame_35_lat--6.092418933333333_lon--49.84742553333333.png,straight,intersection,0,1,0.5163890719413757,0.5163890719413757,,7.0,0.3162434995174408,"7,10",False
route_images_3,frame_36_lat--6.0924009_lon--49.84742936666667.png,intersection,straight,1,0,0.3913328945636749,0.6086671352386475,9.0,,,,False
route_images_3,frame_37_lat--6.092382566666667_lon--49.847433366666664.png,intersection,intersection,1,1,0.6234115958213806,0.6234115958213806,9.0,2.0,0.2303662747144699,"2,10",False
route_images_3,frame_38_lat--6.092364366666667_lon--49.84743736666667.png,intersection,intersection,1,1,0.8138911724090576,0.8138911724090576,9.0,10.0,0.3652631938457489,"10,3",False
route_images_3,frame_39_lat--6.092346566666666_lon--49.84744126666666.png,intersection,intersection,1,1,0.6669625043869019,0.6669625043869019,9.0,10.0,0.6225024461746216,"10,3",False
route_images_3,frame_40_lat--6.092329066666666_lon--49.847445099999995.png,intersection,intersection,1,1,0.8627312183380127,0.8627312183380127,9.0,10.0,0.5134277939796448,"10,3",False
route_images_3,frame_41_lat--6.092311966666666_lon--49.847448866666674.png,intersection,intersection,1,1,0.7451204657554626,0.7451204657554626,9.0,3.0,0.5793135166168213,"3,10",False
route_images_3,frame_42_lat--6.092295233333334_lon--49.84745283333334.png,intersection,intersection,1,1,0.7058731317520142,0.7058731317520142,9.0,10.0,0.6296793222427368,"10,3",False
route_images_3,frame_43_lat--6.092279033333334_lon--49.84745763333334.png,intersection,intersection,1,1,0.6624026894569397,0.6624026894569397,9.0,10.0,0.7997442483901978,"10,3",False
route_images_3,frame_44_lat--6.092263866666667_lon--49.847464233333326.png,intersection,intersection,1,1,0.7749606370925903,0.7749606370925903,9.0,3.0,0.6972581148147583,"3,10",False
route_images_3,frame_45_lat--6.0922504_lon--49.8474734.png,intersection,intersection,1,1,0.953204870223999,0.953204870223999,9.0,3.0,0.5377752780914307,"3,10",False
route_images_3,frame_46_lat--6.092239066666666_lon--49.847485633333335.png,intersection,intersection,1,1,0.8919292688369751,0.8919292688369751,9.0,3.0,0.9740384221076965,"3,10",False
route_images_3,frame_47_lat--6.092230633333332_lon--49.847500266666664.png,intersection,intersection,1,1,0.867082953453064,0.867082953453064,9.0,3.0,0.8060508370399475,"3,10",False
route_images_3,frame_48_lat--6.092225733333333_lon--49.8475161.png,intersection,intersection,1,1,0.62715744972229,0.62715744972229,9.0,3.0,0.44254034757614136,"3,10",False
route_images_3,frame_49_lat--6.0922244_lon--49.84753323333333.png,intersection,intersection,1,1,0.9039869904518127,0.9039869904518127,9.0,3.0,0.4041242003440857,"3,10",False
route_images_3,frame_50_lat--6.092225766666667_lon--49.84755226666666.png,intersection,intersection,1,1,0.8053368330001831,0.8053368330001831,9.0,3.0,0.45916748046875,"3,10",False
route_images_3,frame_51_lat--6.092229100000002_lon--49.8475728.png,intersection,intersection,1,1,0.9147537350654602,0.9147537350654602,9.0,3.0,0.513630211353302,"3,9",True
route_images_3,frame_52_lat--6.092233633333334_lon--49.847593966666665.png,intersection,intersection,1,1,0.8152779936790466,0.8152779936790466,9.0,3.0,0.38673385977745056,"3,10",False
route_images_3,frame_53_lat--6.092238833333333_lon--49.847615266666665.png,intersection,intersection,1,1,0.8735743761062622,0.8735743761062622,9.0,3.0,0.4562808871269226,"3,10",False
route_images_3,frame_54_lat--6.092244399999999_lon--49.84763673333334.png,straight,intersection,0,1,0.9089602828025818,0.9089602828025818,,3.0,0.30842325091362,"3,9",False
route_images_3,frame_55_lat--6.092250166666666_lon--49.84765833333332.png,straight,intersection,0,1,0.9259413480758667,0.9259413480758667,,9.0,0.22187501192092896,"9,11",False
route_images_3,frame_56_lat--6.092255999999999_lon--49.8476798.png,straight,intersection,0,1,0.9423914551734924,0.9423914551734924,,9.0,0.2862928509712219,"9,2",False
route_images_3,frame_57_lat--6.092261766666667_lon--49.84770100000001.png,straight,intersection,0,1,0.9008094668388367,0.9008094668388367,,7.0,0.15493503212928772,"7,3",False
route_images_3,frame_58_lat--6.092267533333333_lon--49.847722166666664.png,straight,intersection,0,1,0.9623154997825623,0.9623154997825623,,9.0,0.46176791191101074,"9,3",False
route_images_3,frame_59_lat--6.092273333333333_lon--49.847743566666665.png,straight,intersection,0,1,0.9678799510002136,0.9678799510002136,,9.0,0.3514818251132965,"9,10",False
route_images_3,frame_60_lat--6.092279100000001_lon--49.8477651.png,straight,intersection,0,1,0.965082049369812,0.965082049369812,,9.0,0.3059830665588379,"9,3",False
route_images_3,frame_61_lat--6.092284600000001_lon--49.8477867.png,straight,intersection,0,1,0.9747692942619324,0.9747692942619324,,10.0,0.3120720088481903,"10,9",False
route_images_3,frame_62_lat--6.092289666666666_lon--49.84780833333333.png,straight,intersection,0,1,0.9369909167289734,0.9369909167289734,,3.0,0.3883187174797058,"3,10",False
route_images_3,frame_63_lat--6.0922943_lon--49.84783013333333.png,straight,intersection,0,1,0.7730634212493896,0.7730634212493896,,3.0,0.5963684320449829,"3,10",False
route_images_3,frame_64_lat--6.092298633333334_lon--49.84785206666667.png,intersection,intersection,1,1,0.8738114237785339,0.8738114237785339,10.0,3.0,0.8939180374145508,"3,10",True
route_images_3,frame_65_lat--6.092302966666667_lon--49.8478738.png,intersection,intersection,1,1,0.9435946941375732,0.9435946941375732,10.0,3.0,0.49679386615753174,"3,9",False
route_images_3,frame_66_lat--6.0923072000000005_lon--49.847895400000006.png,intersection,intersection,1,1,0.8127957582473755,0.8127957582473755,10.0,3.0,0.6566402316093445,"3,10",True
route_images_3,frame_67_lat--6.092311366666666_lon--49.84791706666666.png,intersection,intersection,1,1,0.7425938844680786,0.7425938844680786,10.0,3.0,0.40232837200164795,"3,15",False
route_images_3,frame_68_lat--6.092315833333333_lon--49.8479388.png,intersection,intersection,1,1,0.7938771843910217,0.7938771843910217,10.0,3.0,0.6309612393379211,"3,15",False
route_images_3,frame_69_lat--6.092320666666666_lon--49.8479607.png,intersection,intersection,1,1,0.6473729610443115,0.6473729610443115,10.0,3.0,0.402779757976532,"3,10",True
route_images_3,frame_70_lat--6.092325466666667_lon--49.847982766666675.png,intersection,straight,1,0,0.4520287811756134,0.5479711890220642,10.0,,,,False
route_images_3,frame_71_lat--6.092330133333334_lon--49.84800473333333.png,intersection,straight,1,0,0.4630328118801117,0.5369671583175659,10.0,,,,False
route_images_3,frame_72_lat--6.092334833333334_lon--49.8480265.png,intersection,intersection,1,1,0.519305944442749,0.519305944442749,10.0,15.0,0.3873714506626129,"15,10",True
route_images_3,frame_73_lat--6.092339433333333_lon--49.848048366666674.png,intersection,intersection,1,1,0.7601642608642578,0.7601642608642578,10.0,3.0,0.31642940640449524,"3,10",True
route_images_3,frame_74_lat--6.092343866666666_lon--49.848070566666664.png,intersection,intersection,1,1,0.8480998873710632,0.8480998873710632,10.0,15.0,0.32703810930252075,"15,10",True
route_images_3,frame_75_lat--6.0923484666666665_lon--49.84809353333334.png,intersection,intersection,1,1,0.8092660307884216,0.8092660307884216,10.0,15.0,0.4717733860015869,"15,10",True
route_images_3,frame_76_lat--6.092353600000001_lon--49.84811776666667.png,intersection,intersection,1,1,0.6486657857894897,0.6486657857894897,10.0,15.0,0.47053301334381104,"15,3",False
route_images_3,frame_77_lat--6.092359200000001_lon--49.848143400000005.png,intersection,intersection,1,1,0.5427280068397522,0.5427280068397522,10.0,15.0,0.3179137408733368,"15,10",True
route_images_3,frame_78_lat--6.092365333333334_lon--49.84817036666667.png,intersection,intersection,1,1,0.7711532115936279,0.7711532115936279,10.0,15.0,0.46847546100616455,"15,9",False
route_images_3,frame_79_lat--6.092372233333334_lon--49.84819863333335.png,intersection,intersection,1,1,0.8919796347618103,0.8919796347618103,10.0,10.0,0.3936156928539276,"10,15",True
route_images_3,frame_80_lat--6.0923797666666655_lon--49.84822783333334.png,intersection,intersection,1,1,0.908471941947937,0.908471941947937,10.0,10.0,0.2943795621395111,"10,7",True
route_images_3,frame_81_lat--6.092387633333333_lon--49.84825669999999.png,straight,intersection,0,1,0.8930807113647461,0.8930807113647461,,10.0,0.544356644153595,"10,7",False
route_images_3,frame_82_lat--6.092395799999999_lon--49.84828483333333.png,straight,intersection,0,1,0.9075282216072083,0.9075282216072083,,10.0,0.5168666839599609,"10,3",False
route_images_3,frame_83_lat--6.092404133333334_lon--49.848312266666674.png,straight,intersection,0,1,0.6674766540527344,0.6674766540527344,,3.0,0.38150304555892944,"3,10",False
route_images_3,frame_84_lat--6.092412433333334_lon--49.848339066666675.png,straight,intersection,0,1,0.7292757630348206,0.7292757630348206,,3.0,0.46571609377861023,"3,10",False
route_images_3,frame_85_lat--6.092420633333333_lon--49.8483652.png,straight,intersection,0,1,0.9592998623847961,0.9592998623847961,,3.0,0.5483673810958862,"3,10",False
route_images_3,frame_86_lat--6.092428799999999_lon--49.84839063333333.png,straight,intersection,0,1,0.9154379367828369,0.9154379367828369,,3.0,0.681784451007843,"3,10",False
route_images_3,frame_87_lat--6.092436966666666_lon--49.84841523333333.png,straight,intersection,0,1,0.9021861553192139,0.9021861553192139,,3.0,0.7819507122039795,"3,10",False
route_images_3,frame_88_lat--6.0924451333333325_lon--49.84843913333333.png,intersection,intersection,1,1,0.8832284808158875,0.8832284808158875,1.0,3.0,0.40324777364730835,"3,10",False
route_images_3,frame_89_lat--6.092453166666667_lon--49.848462366666666.png,intersection,intersection,1,1,0.9068279266357422,0.9068279266357422,1.0,3.0,0.5154076814651489,"3,10",False
route_images_3,frame_90_lat--6.092461133333333_lon--49.848484733333336.png,intersection,intersection,1,1,0.9324998259544373,0.9324998259544373,1.0,3.0,0.48276057839393616,"3,10",False
route_images_3,frame_91_lat--6.092469233333333_lon--49.8485062.png,intersection,intersection,1,1,0.9771470427513123,0.9771470427513123,1.0,3.0,0.8388299345970154,"3,12",False
route_images_3,frame_92_lat--6.092477766666667_lon--49.84852703333333.png,intersection,intersection,1,1,0.982045590877533,0.982045590877533,1.0,3.0,0.5685703754425049,"3,10",False
route_images_3,frame_93_lat--6.092486966666667_lon--49.848546999999996.png,intersection,intersection,1,1,0.9902142286300659,0.9902142286300659,1.0,3.0,0.5407801866531372,"3,15",False
route_images_3,frame_94_lat--6.0924967_lon--49.84856516666666.png,intersection,intersection,1,1,0.972113311290741,0.972113311290741,1.0,10.0,0.40697360038757324,"10,3",False
route_images_3,frame_95_lat--6.092506933333334_lon--49.848581366666664.png,intersection,intersection,1,1,0.9773311018943787,0.9773311018943787,1.0,3.0,0.38297122716903687,"3,10",False
route_images_3,frame_96_lat--6.092518533333334_lon--49.84859659999999.png,intersection,intersection,1,1,0.9705041646957397,0.9705041646957397,1.0,3.0,0.4126962423324585,"3,10",False
route_images_3,frame_97_lat--6.092532866666667_lon--49.84861083333334.png,intersection,intersection,1,1,0.8904010653495789,0.8904010653495789,1.0,3.0,0.5002743601799011,"3,0",False
route_images_3,frame_98_lat--6.0925496_lon--49.848622066666664.png,intersection,intersection,1,1,0.7817370295524597,0.7817370295524597,1.0,3.0,0.2846381664276123,"3,0",False
route_images_3,frame_99_lat--6.092566833333332_lon--49.84862886666666.png,intersection,intersection,1,1,0.8684803247451782,0.8684803247451782,1.0,3.0,0.5119304656982422,"3,9",False
route_images_3,frame_100_lat--6.0925837000000005_lon--49.8486319.png,intersection,intersection,1,1,0.9128942489624023,0.9128942489624023,1.0,3.0,0.2422703206539154,"3,10",False
route_images_3,frame_101_lat--6.092600933333334_lon--49.84863223333333.png,intersection,intersection,1,1,0.8483524918556213,0.8483524918556213,1.0,10.0,0.4210030138492584,"10,3",False
route_images_3,frame_102_lat--6.092618666666667_lon--49.84863039999999.png,intersection,intersection,1,1,0.6890735030174255,0.6890735030174255,1.0,10.0,0.49957704544067383,"10,12",False
route_images_3,frame_103_lat--6.0926367_lon--49.848626366666664.png,intersection,intersection,1,1,0.6933965682983398,0.6933965682983398,1.0,10.0,0.7086519002914429,"10,9",False
route_images_3,frame_104_lat--6.0926550666666675_lon--49.8486198.png,intersection,intersection,1,1,0.7889781594276428,0.7889781594276428,1.0,9.0,0.45095232129096985,"9,10",False
route_images_3,frame_105_lat--6.092673766666667_lon--49.84861083333333.png,intersection,intersection,1,1,0.874275803565979,0.874275803565979,1.0,10.0,0.635789155960083,"10,3",False
route_images_3,frame_106_lat--6.0926922_lon--49.84859986666667.png,intersection,intersection,1,1,0.9511023759841919,0.9511023759841919,1.0,9.0,0.4054397642612457,"9,1",True
route_images_3,frame_107_lat--6.0927096333333335_lon--49.84858726666667.png,intersection,intersection,1,1,0.8757083415985107,0.8757083415985107,1.0,1.0,0.45784372091293335,"1,2",True
route_images_3,frame_108_lat--6.092725933333334_lon--49.84857333333334.png,intersection,intersection,1,1,0.851617157459259,0.851617157459259,1.0,3.0,0.3522460460662842,"3,9",False
route_images_3,frame_109_lat--6.092741800000001_lon--49.8485585.png,straight,intersection,0,1,0.7898002862930298,0.7898002862930298,,3.0,0.6135430335998535,"3,15",False
route_images_3,frame_110_lat--6.092757833333334_lon--49.84854333333333.png,straight,intersection,0,1,0.863568902015686,0.863568902015686,,3.0,0.40920427441596985,"3,10",False
route_images_3,frame_111_lat--6.092774166666667_lon--49.84852819999999.png,straight,intersection,0,1,0.8396787047386169,0.8396787047386169,,3.0,0.26640740036964417,"3,10",False
route_images_3,frame_112_lat--6.092790566666667_lon--49.84851303333333.png,straight,intersection,0,1,0.8065287470817566,0.8065287470817566,,10.0,0.3497997224330902,"10,3",False
route_images_3,frame_113_lat--6.092806999999999_lon--49.848497766666675.png,straight,intersection,0,1,0.5978550910949707,0.5978550910949707,,10.0,0.28030309081077576,"10,9",False
route_images_3,frame_114_lat--6.092823533333333_lon--49.84848263333333.png,straight,intersection,0,1,0.9379314184188843,0.9379314184188843,,10.0,0.3791939616203308,"10,9",False
route_images_3,frame_115_lat--6.092840166666667_lon--49.84846763333333.png,straight,intersection,0,1,0.9337443709373474,0.9337443709373474,,3.0,0.46692290902137756,"3,9",False
route_images_3,frame_116_lat--6.092857033333333_lon--49.848452466666664.png,straight,intersection,0,1,0.9287312626838684,0.9287312626838684,,3.0,0.21711167693138123,"3,10",False
route_images_3,frame_117_lat--6.0928740999999995_lon--49.84843726666666.png,straight,intersection,0,1,0.9177225232124329,0.9177225232124329,,3.0,0.2750685513019562,"3,15",False
route_images_3,frame_118_lat--6.092891266666666_lon--49.848422299999996.png,straight,intersection,0,1,0.9456318020820618,0.9456318020820618,,15.0,0.3003423810005188,"15,10",False
route_images_3,frame_119_lat--6.0929082999999995_lon--49.84840763333334.png,straight,intersection,0,1,0.9339454174041748,0.9339454174041748,,15.0,0.40536147356033325,"15,10",False
route_images_3,frame_120_lat--6.092925133333334_lon--49.84839310000001.png,straight,intersection,0,1,0.91713947057724,0.91713947057724,,3.0,0.33806493878364563,"3,15",False
route_images_3,frame_121_lat--6.092942033333334_lon--49.848378600000004.png,straight,intersection,0,1,0.8437211513519287,0.8437211513519287,,15.0,0.30248865485191345,"15,10",False
route_images_3,frame_122_lat--6.0929591_lon--49.84836416666667.png,straight,intersection,0,1,0.8529360294342041,0.8529360294342041,,3.0,0.4144952893257141,"3,10",False
route_images_3,frame_123_lat--6.0929763999999995_lon--49.84834973333333.png,straight,intersection,0,1,0.9727342128753662,0.9727342128753662,,3.0,0.44361618161201477,"3,10",False
route_images_3,frame_124_lat--6.092993833333333_lon--49.848335199999994.png,straight,intersection,0,1,0.8909217119216919,0.8909217119216919,,3.0,0.47856828570365906,"3,10",False
route_images_3,frame_125_lat--6.0930114_lon--49.848320433333335.png,straight,intersection,0,1,0.7664488554000854,0.7664488554000854,,3.0,0.4358351528644562,"3,10",False
route_images_3,frame_126_lat--6.0930289_lon--49.84830563333334.png,straight,intersection,0,1,0.6822329163551331,0.6822329163551331,,10.0,0.5105859637260437,"10,3",False
route_images_3,frame_127_lat--6.093046366666667_lon--49.84829083333334.png,straight,intersection,0,1,0.7012849450111389,0.7012849450111389,,3.0,0.4136025607585907,"3,10",False
route_images_3,frame_128_lat--6.093063366666667_lon--49.84827636666667.png,straight,intersection,0,1,0.6555880308151245,0.6555880308151245,,3.0,0.5622109770774841,"3,10",False
route_images_3,frame_129_lat--6.093078999999999_lon--49.848263.png,straight,straight,0,0,0.485325425863266,0.5146745443344116,,,,,False
route_images_3,frame_130_lat--6.093092799999999_lon--49.84825106666667.png,straight,intersection,0,1,0.5639861822128296,0.5639861822128296,,3.0,0.47055429220199585,"3,10",False
route_images_3,frame_131_lat--6.0931055333333335_lon--49.84824.png,straight,straight,0,0,0.4967564642429352,0.5032435059547424,,,,,False
route_images_3,frame_132_lat--6.093118266666667_lon--49.84822923333333.png,straight,straight,0,0,0.49935197830200195,0.5006480813026428,,,,,False
route_images_3,frame_133_lat--6.093131766666666_lon--49.84821793333333.png,straight,straight,0,0,0.482902854681015,0.5170971751213074,,,,,False
route_images_3,frame_134_lat--6.093145733333334_lon--49.84820586666667.png,straight,intersection,0,1,0.6454123854637146,0.6454123854637146,,10.0,0.6179622411727905,"10,3",False
route_images_3,frame_135_lat--6.0931594_lon--49.848193566666666.png,straight,straight,0,0,0.44051864743232727,0.5594813227653503,,,,,False
route_images_3,frame_136_lat--6.093172733333333_lon--49.848181366666665.png,intersection,intersection,1,1,0.5177406072616577,0.5177406072616577,2.0,10.0,0.5548010468482971,"10,3",False
route_images_3,frame_137_lat--6.093186266666668_lon--49.848169033333335.png,intersection,intersection,1,1,0.5541288256645203,0.5541288256645203,2.0,10.0,0.36935698986053467,"10,3",False
route_images_3,frame_138_lat--6.0932006_lon--49.848155999999996.png,intersection,intersection,1,1,0.5150108933448792,0.5150108933448792,2.0,3.0,0.2921333611011505,"3,5",False
route_images_3,frame_139_lat--6.0932158_lon--49.848141999999996.png,intersection,intersection,1,1,0.5949141383171082,0.5949141383171082,2.0,3.0,0.5017157196998596,"3,9",False
route_images_3,frame_140_lat--6.093231566666667_lon--49.84812723333333.png,intersection,intersection,1,1,0.7011497020721436,0.7011497020721436,2.0,3.0,0.5571144223213196,"3,10",False
route_images_3,frame_141_lat--6.093247533333333_lon--49.84811186666666.png,intersection,intersection,1,1,0.6757174730300903,0.6757174730300903,2.0,5.0,0.37431493401527405,"5,3",False
route_images_3,frame_142_lat--6.093263066666667_lon--49.8480965.png,intersection,straight,1,0,0.41734641790390015,0.5826535820960999,2.0,,,,False
route_images_3,frame_143_lat--6.093277400000001_lon--49.848081066666666.png,intersection,intersection,1,1,0.6959804892539978,0.6959804892539978,2.0,3.0,0.3307734727859497,"3,2",True
route_images_3,frame_144_lat--6.093289766666667_lon--49.848064799999996.png,intersection,intersection,1,1,0.6308914422988892,0.6308914422988892,2.0,3.0,0.4835890233516693,"3,0",False
route_images_3,frame_145_lat--6.093299433333334_lon--49.848046866666664.png,intersection,intersection,1,1,0.8578727841377258,0.8578727841377258,2.0,3.0,0.46483948826789856,"3,0",False
route_images_3,frame_146_lat--6.0933054_lon--49.84802690000001.png,intersection,intersection,1,1,0.7826867699623108,0.7826867699623108,2.0,3.0,0.33273959159851074,"3,0",False
route_images_3,frame_147_lat--6.0933071_lon--49.848005666666666.png,intersection,intersection,1,1,0.7081549167633057,0.7081549167633057,2.0,3.0,0.34022751450538635,"3,0",False
route_images_3,frame_148_lat--6.0933052666666665_lon--49.84798446666666.png,intersection,intersection,1,1,0.630298912525177,0.630298912525177,2.0,10.0,0.40091902017593384,"10,7",False
route_images_3,frame_149_lat--6.093301633333334_lon--49.847964000000005.png,intersection,intersection,1,1,0.7267387509346008,0.7267387509346008,2.0,0.0,0.38602250814437866,"0,10",False
route_images_3,frame_150_lat--6.093297766666666_lon--49.84794409999999.png,intersection,intersection,1,1,0.8228604197502136,0.8228604197502136,2.0,0.0,0.5217062830924988,"0,3",False
route_images_3,frame_151_lat--6.093294266666666_lon--49.847923933333334.png,intersection,intersection,1,1,0.8542491793632507,0.8542491793632507,2.0,3.0,0.2165430635213852,"3,0",False
route_images_3,frame_152_lat--6.0932911_lon--49.84790253333334.png,intersection,intersection,1,1,0.8713001608848572,0.8713001608848572,2.0,3.0,0.3676120340824127,"3,0",False
route_images_3,frame_153_lat--6.093288066666666_lon--49.84787943333333.png,intersection,intersection,1,1,0.7968746423721313,0.7968746423721313,2.0,0.0,0.2754594385623932,"0,3",False
route_images_3,frame_154_lat--6.093285_lon--49.847854733333335.png,intersection,intersection,1,1,0.8809152245521545,0.8809152245521545,2.0,0.0,0.415904700756073,"0,3",False
route_images_3,frame_155_lat--6.093281866666667_lon--49.84782903333333.png,intersection,intersection,1,1,0.901806652545929,0.901806652545929,2.0,3.0,0.28184735774993896,"3,10",False
route_images_3,frame_156_lat--6.093278833333334_lon--49.847803533333334.png,intersection,intersection,1,1,0.9308634400367737,0.9308634400367737,2.0,10.0,0.3105534315109253,"10,3",False
route_images_3,frame_157_lat--6.093276_lon--49.8477795.png,straight,intersection,0,1,0.9171456098556519,0.9171456098556519,,3.0,0.32201048731803894,"3,10",False
route_images_3,frame_158_lat--6.093273633333333_lon--49.84775703333334.png,straight,intersection,0,1,0.9189115166664124,0.9189115166664124,,10.0,0.3593614101409912,"10,3",False
route_images_3,frame_159_lat--6.093271766666666_lon--49.84773563333333.png,straight,intersection,0,1,0.9482024908065796,0.9482024908065796,,3.0,0.2884122431278229,"3,10",False
route_images_3,frame_160_lat--6.0932706_lon--49.84771473333334.png,straight,intersection,0,1,0.9149008393287659,0.9149008393287659,,3.0,0.22377260029315948,"3,10",False
route_images_3,frame_161_lat--6.0932702999999995_lon--49.84769396666667.png,straight,intersection,0,1,0.8285453915596008,0.8285453915596008,,3.0,0.22444407641887665,"3,0",False
route_images_3,frame_162_lat--6.093271066666666_lon--49.84767363333333.png,straight,intersection,0,1,0.9013091921806335,0.9013091921806335,,0.0,0.31317028403282166,"0,3",False
route_images_3,frame_163_lat--6.0932729_lon--49.8476538.png,straight,intersection,0,1,0.9157540202140808,0.9157540202140808,,0.0,0.1554896980524063,"0,2",False
route_images_3,frame_164_lat--6.093275433333334_lon--49.84763446666667.png,straight,intersection,0,1,0.8585255146026611,0.8585255146026611,,0.0,0.26357656717300415,"0,10",False
route_images_3,frame_165_lat--6.093278500000001_lon--49.847615299999994.png,straight,intersection,0,1,0.7796814441680908,0.7796814441680908,,0.0,0.5133441090583801,"0,3",False
route_images_3,frame_166_lat--6.093281666666667_lon--49.847595899999995.png,straight,intersection,0,1,0.8986334204673767,0.8986334204673767,,0.0,0.5124024152755737,"0,3",False
route_images_3,frame_167_lat--6.093284566666666_lon--49.8475754.png,straight,intersection,0,1,0.7422115206718445,0.7422115206718445,,0.0,0.39103707671165466,"0,3",False
route_images_3,frame_168_lat--6.0932867_lon--49.84755336666667.png,straight,intersection,0,1,0.8506246209144592,0.8506246209144592,,0.0,0.31552526354789734,"0,3",False
route_images_3,frame_169_lat--6.093288066666666_lon--49.847530133333336.png,straight,intersection,0,1,0.9291199445724487,0.9291199445724487,,10.0,0.24260613322257996,"10,3",False
route_images_3,frame_170_lat--6.093289_lon--49.84750633333333.png,straight,intersection,0,1,0.7768508791923523,0.7768508791923523,,0.0,0.2817442715167999,"0,10",False
route_images_3,frame_171_lat--6.093289766666667_lon--49.84748236666667.png,straight,intersection,0,1,0.6143091917037964,0.6143091917037964,,10.0,0.4402121901512146,"10,2",False
route_images_3,frame_172_lat--6.093290466666668_lon--49.8474583.png,straight,intersection,0,1,0.7164508700370789,0.7164508700370789,,0.0,0.5048231482505798,"0,10",False
route_images_3,frame_173_lat--6.093291066666666_lon--49.847434099999994.png,straight,intersection,0,1,0.6593820452690125,0.6593820452690125,,0.0,0.4174700379371643,"0,10",False
route_images_3,frame_174_lat--6.093291466666666_lon--49.84741.png,straight,intersection,0,1,0.6346065998077393,0.6346065998077393,,10.0,0.3346919119358063,"10,0",False
route_images_3,frame_175_lat--6.093291366666667_lon--49.847386266666675.png,intersection,intersection,1,1,0.7338432669639587,0.7338432669639587,4.0,10.0,0.47313740849494934,"10,3",False
route_images_3,frame_176_lat--6.093290533333333_lon--49.84736350000001.png,intersection,intersection,1,1,0.8000426292419434,0.8000426292419434,4.0,10.0,0.5312289595603943,"10,2",False
route_images_3,frame_177_lat--6.0932895999999985_lon--49.847342833333336.png,intersection,straight,1,0,0.3663397431373596,0.6336601972579956,4.0,,,,False
route_images_3,frame_178_lat--6.093289233333333_lon--49.84732476666666.png,intersection,straight,1,0,0.3785654306411743,0.6214345097541809,4.0,,,,False
route_images_3,frame_179_lat--6.093289666666668_lon--49.8473085.png,intersection,intersection,1,1,0.6993865966796875,0.6993865966796875,4.0,3.0,0.2534863352775574,"3,2",False
route_images_3,frame_180_lat--6.093290733333335_lon--49.84729296666667.png,intersection,intersection,1,1,0.5702071189880371,0.5702071189880371,4.0,3.0,0.3698926866054535,"3,0",False
route_images_3,frame_181_lat--6.093291933333334_lon--49.84727786666666.png,intersection,intersection,1,1,0.8101436495780945,0.8101436495780945,4.0,3.0,0.3527011275291443,"3,11",False
route_images_3,frame_182_lat--6.093293166666667_lon--49.84726366666666.png,intersection,intersection,1,1,0.7644262909889221,0.7644262909889221,4.0,3.0,0.817470371723175,"3,5",False
route_images_3,frame_183_lat--6.093294566666666_lon--49.84724016666668.png,intersection,straight,1,0,0.30360692739486694,0.6963930726051331,4.0,,,,False
route_images_3,frame_184_lat--6.093295366666666_lon--49.847225266666655.png,intersection,straight,1,0,0.3806596100330353,0.6193404197692871,4.0,,,,False
route_images_3,frame_185_lat--6.093296333333333_lon--49.847202933333335.png,intersection,intersection,1,1,0.5799640417098999,0.5799640417098999,4.0,3.0,0.33878210186958313,"3,5",False
route_images_3,frame_186_lat--6.093298066666667_lon--49.84718066666667.png,intersection,straight,1,0,0.3773559033870697,0.6226441264152527,4.0,,,,False
route_images_3,frame_187_lat--6.0932993_lon--49.847154.png,intersection,intersection,1,1,0.5800507664680481,0.5800507664680481,4.0,3.0,0.4571826159954071,"3,10",False
route_images_3,frame_188_lat--6.093299833333333_lon--49.847140366666665.png,intersection,intersection,1,1,0.7011182904243469,0.7011182904243469,4.0,3.0,0.32187798619270325,"3,0",False
route_images_3,frame_189_lat--6.093300533333332_lon--49.84711863333334.png,intersection,straight,1,0,0.4875515103340149,0.5124484300613403,4.0,,,,False
route_images_4,frame_0_lat--6.093304000000001_lon--49.84710583333334.png,intersection,straight,1,0,0.4169231653213501,0.5830768346786499,4.0,,,,False
route_images_4,frame_1_lat--6.093304766666668_lon--49.84708260000001.png,intersection,straight,1,0,0.3848646879196167,0.6151353120803833,4.0,,,,False
route_images_4,frame_2_lat--6.093305699999999_lon--49.84706426666666.png,intersection,intersection,1,1,0.6255123019218445,0.6255123019218445,4.0,10.0,0.6353175044059753,"10,7",False
route_images_4,frame_3_lat--6.0933061_lon--49.84704886666667.png,intersection,straight,1,0,0.32995542883872986,0.6700446009635925,4.0,,,,False
route_images_4,frame_4_lat--6.093306833333332_lon--49.84702733333334.png,intersection,straight,1,0,0.3029843866825104,0.697015643119812,4.0,,,,False
route_images_4,frame_5_lat--6.0933069333333325_lon--49.84700673333333.png,intersection,straight,1,0,0.36854830384254456,0.6314517259597778,4.0,,,,False
route_images_4,frame_6_lat--6.093307333333334_lon--49.84698293333334.png,straight,straight,0,0,0.16802585124969482,0.8319741487503052,,,,,False
route_images_4,frame_7_lat--6.093307633333334_lon--49.8469688.png,straight,straight,0,0,0.42369693517684937,0.5763030648231506,,,,,False
route_images_4,frame_8_lat--6.093307533333332_lon--49.84695426666667.png,straight,straight,0,0,0.1633691042661667,0.8366308212280273,,,,,False
route_images_4,frame_9_lat--6.093307366666666_lon--49.846940633333325.png,straight,straight,0,0,0.22228899598121643,0.777711033821106,,,,,False
route_images_4,frame_10_lat--6.0933090000000005_lon--49.846918200000005.png,straight,straight,0,0,0.40511757135391235,0.5948823690414429,,,,,False
route_images_4,frame_11_lat--6.093312900000001_lon--49.84690476666667.png,straight,intersection,0,1,0.6474913358688354,0.6474913358688354,,10.0,0.3684189021587372,"10,0",False
route_images_4,frame_12_lat--6.0933182666666665_lon--49.84689193333334.png,straight,straight,0,0,0.3975770175457001,0.6024229526519775,,,,,False
route_images_4,frame_13_lat--6.093320933333334_lon--49.84687796666667.png,straight,straight,0,0,0.21468134224414825,0.7853187322616577,,,,,False
route_images_4,frame_14_lat--6.093322566666666_lon--49.84685183333333.png,straight,intersection,0,1,0.5996556282043457,0.5996556282043457,,10.0,0.4680805504322052,"10,15",False
route_images_4,frame_15_lat--6.093322666666667_lon--49.8468351.png,straight,intersection,0,1,0.5972054600715637,0.5972054600715637,,10.0,0.346479207277298,"10,15",False
route_images_4,frame_16_lat--6.093322233333334_lon--49.846817699999995.png,straight,straight,0,0,0.44913774728775024,0.5508622527122498,,,,,False
route_images_4,frame_17_lat--6.093321566666666_lon--49.846801.png,straight,intersection,0,1,0.5640684366226196,0.5640684366226196,,10.0,0.42359864711761475,"10,0",False
route_images_4,frame_18_lat--6.093321_lon--49.846785233333335.png,straight,intersection,0,1,0.7642848491668701,0.7642848491668701,,10.0,0.384388267993927,"10,0",False
route_images_4,frame_19_lat--6.0933204666666665_lon--49.846769966666656.png,straight,intersection,0,1,0.8400077223777771,0.8400077223777771,,1.0,0.31078338623046875,"1,0",False
route_images_4,frame_20_lat--6.093319866666667_lon--49.84675526666667.png,straight,intersection,0,1,0.5736083388328552,0.5736083388328552,,10.0,0.44148096442222595,"10,7",False
route_images_4,frame_21_lat--6.093319666666666_lon--49.84673216666666.png,straight,straight,0,0,0.32169196009635925,0.6783080101013184,,,,,False
route_images_4,frame_22_lat--6.093321333333334_lon--49.84671493333333.png,intersection,straight,1,0,0.3040395975112915,0.6959603428840637,8.0,,,,False
route_images_4,frame_23_lat--6.0933226666666656_lon--49.846697899999995.png,intersection,straight,1,0,0.42261752486228943,0.5773824453353882,8.0,,,,False
route_images_4,frame_24_lat--6.093323366666667_lon--49.84668419999999.png,intersection,intersection,1,1,0.5267234444618225,0.5267234444618225,8.0,3.0,0.5785942673683167,"3,0",False
route_images_4,frame_25_lat--6.0933246_lon--49.84666649999999.png,intersection,intersection,1,1,0.7253889441490173,0.7253889441490173,8.0,3.0,0.6604554057121277,"3,0",False
route_images_4,frame_26_lat--6.0933262_lon--49.846639833333334.png,intersection,intersection,1,1,0.6634012460708618,0.6634012460708618,8.0,10.0,0.40647774934768677,"10,3",False
route_images_4,frame_27_lat--6.0933269333333335_lon--49.84662529999999.png,intersection,intersection,1,1,0.8330302834510803,0.8330302834510803,8.0,10.0,0.4113040268421173,"10,3",False
route_images_4,frame_28_lat--6.093326866666667_lon--49.84661136666667.png,intersection,intersection,1,1,0.6794559359550476,0.6794559359550476,8.0,10.0,0.30209648609161377,"10,3",False
route_images_4,frame_29_lat--6.093323066666666_lon--49.84658863333334.png,intersection,intersection,1,1,0.800739049911499,0.800739049911499,8.0,1.0,0.3110739588737488,"1,10",False
route_images_4,frame_30_lat--6.0933148_lon--49.8465729.png,intersection,intersection,1,1,0.9491169452667236,0.9491169452667236,8.0,0.0,0.34662163257598877,"0,3",False
route_images_4,frame_31_lat--6.0933006333333335_lon--49.8465602.png,intersection,intersection,1,1,0.7999526858329773,0.7999526858329773,8.0,10.0,0.33556219935417175,"10,3",False
route_images_4,frame_32_lat--6.093280166666667_lon--49.84655453333333.png,intersection,intersection,1,1,0.9252907037734985,0.9252907037734985,8.0,10.0,0.4010680913925171,"10,15",False
route_images_4,frame_33_lat--6.093257266666667_lon--49.846556533333334.png,intersection,intersection,1,1,0.6234553456306458,0.6234553456306458,8.0,10.0,0.8320145010948181,"10,7",False
route_images_4,frame_34_lat--6.0932415_lon--49.846560100000005.png,intersection,straight,1,0,0.4221813678741455,0.5778186321258545,8.0,,,,False
route_images_4,frame_35_lat--6.0932237_lon--49.8465643.png,intersection,intersection,1,1,0.7850465178489685,0.7850465178489685,8.0,3.0,0.27606362104415894,"3,10",False
route_images_4,frame_36_lat--6.093205_lon--49.846568566666676.png,intersection,intersection,1,1,0.7814329862594604,0.7814329862594604,8.0,10.0,0.1850765347480774,"10,3",False
route_images_4,frame_37_lat--6.0931865_lon--49.84657286666667.png,intersection,intersection,1,1,0.85563725233078,0.85563725233078,8.0,10.0,0.5126334428787231,"10,15",False
route_images_4,frame_38_lat--6.093168633333334_lon--49.8465772.png,intersection,intersection,1,1,0.8782768249511719,0.8782768249511719,8.0,10.0,0.5668954253196716,"10,3",False
route_images_4,frame_39_lat--6.093150666666667_lon--49.846581666666665.png,intersection,intersection,1,1,0.7981672883033752,0.7981672883033752,8.0,10.0,0.45714977383613586,"10,3",False
route_images_4,frame_40_lat--6.093131533333334_lon--49.84658633333333.png,intersection,intersection,1,1,0.9167442917823792,0.9167442917823792,8.0,10.0,0.7857252359390259,"10,7",False
route_images_4,frame_41_lat--6.0931108_lon--49.8465912.png,intersection,intersection,1,1,0.9387339353561401,0.9387339353561401,8.0,10.0,0.4932624101638794,"10,7",False
route_images_4,frame_42_lat--6.0930889_lon--49.84659623333333.png,straight,intersection,0,1,0.927357017993927,0.927357017993927,,7.0,0.6144621968269348,"7,10",False
route_images_4,frame_43_lat--6.093066833333333_lon--49.846601699999994.png,straight,intersection,0,1,0.731965959072113,0.731965959072113,,7.0,0.4132406413555145,"7,15",False
route_images_4,frame_44_lat--6.093045266666666_lon--49.846607799999994.png,straight,intersection,0,1,0.732593297958374,0.732593297958374,,10.0,0.3232102394104004,"10,3",False
route_images_4,frame_45_lat--6.093024333333332_lon--49.84661406666667.png,straight,intersection,0,1,0.6372388005256653,0.6372388005256653,,10.0,0.3282599449157715,"10,3",False
route_images_4,frame_46_lat--6.093003933333333_lon--49.84661993333333.png,straight,intersection,0,1,0.7982553243637085,0.7982553243637085,,10.0,0.7842575907707214,"10,3",False
route_images_4,frame_47_lat--6.0929842999999995_lon--49.84662513333333.png,straight,intersection,0,1,0.8136806488037109,0.8136806488037109,,10.0,0.4092952311038971,"10,3",False
route_images_4,frame_48_lat--6.092966366666667_lon--49.84662946666667.png,straight,intersection,0,1,0.8657810688018799,0.8657810688018799,,10.0,0.5230957865715027,"10,3",False
route_images_4,frame_49_lat--6.092949399999999_lon--49.84663346666666.png,straight,intersection,0,1,0.9211583733558655,0.9211583733558655,,3.0,0.3552689254283905,"3,10",False
route_images_4,frame_50_lat--6.092932933333333_lon--49.84663743333333.png,straight,intersection,0,1,0.8734137415885925,0.8734137415885925,,10.0,0.527430534362793,"10,7",False
route_images_4,frame_51_lat--6.092916733333334_lon--49.84664146666667.png,straight,intersection,0,1,0.8214433193206787,0.8214433193206787,,10.0,0.6088943481445312,"10,3",False
route_images_4,frame_52_lat--6.092900900000001_lon--49.846645466666665.png,straight,intersection,0,1,0.7846304178237915,0.7846304178237915,,10.0,0.5954864621162415,"10,3",False
route_images_4,frame_53_lat--6.0928851333333345_lon--49.84664933333333.png,straight,intersection,0,1,0.8968481421470642,0.8968481421470642,,10.0,0.45065438747406006,"10,9",False
route_images_4,frame_54_lat--6.092868866666666_lon--49.84665293333333.png,straight,intersection,0,1,0.8859753012657166,0.8859753012657166,,10.0,0.5532714128494263,"10,9",False
route_images_4,frame_55_lat--6.0928519_lon--49.84665633333333.png,straight,intersection,0,1,0.7366432547569275,0.7366432547569275,,9.0,0.31794029474258423,"9,10",False
route_images_4,frame_56_lat--6.092834566666667_lon--49.846659399999986.png,straight,intersection,0,1,0.8543146848678589,0.8543146848678589,,10.0,0.5491212606430054,"10,9",False
route_images_4,frame_57_lat--6.092817333333334_lon--49.846662200000004.png,straight,intersection,0,1,0.8223101496696472,0.8223101496696472,,10.0,0.6614786982536316,"10,9",False
route_images_4,frame_58_lat--6.0928004_lon--49.84666473333333.png,straight,intersection,0,1,0.7305670976638794,0.7305670976638794,,10.0,0.6603751182556152,"10,9",False
route_images_4,frame_59_lat--6.0927838_lon--49.8466674.png,straight,intersection,0,1,0.8008096814155579,0.8008096814155579,,10.0,0.5374537110328674,"10,9",False
route_images_4,frame_60_lat--6.092767666666667_lon--49.84667013333334.png,straight,intersection,0,1,0.8978975415229797,0.8978975415229797,,10.0,0.661243200302124,"10,7",False
route_images_4,frame_61_lat--6.092751866666667_lon--49.846673466666665.png,straight,intersection,0,1,0.9069859385490417,0.9069859385490417,,10.0,0.8127928972244263,"10,9",False
route_images_4,frame_62_lat--6.092736333333333_lon--49.846677533333335.png,straight,intersection,0,1,0.9157031178474426,0.9157031178474426,,10.0,0.7959221005439758,"10,9",False
route_images_4,frame_63_lat--6.092721933333334_lon--49.846681966666665.png,straight,intersection,0,1,0.8159214854240417,0.8159214854240417,,10.0,0.9348254203796387,"10,3",False
route_images_4,frame_64_lat--6.0927013_lon--49.84668863333333.png,straight,intersection,0,1,0.8096460700035095,0.8096460700035095,,10.0,0.7777536511421204,"10,9",False
route_images_4,frame_65_lat--6.0926814333333335_lon--49.846693433333336.png,straight,intersection,0,1,0.8287091851234436,0.8287091851234436,,10.0,0.9122584462165833,"10,15",False
route_images_4,frame_66_lat--6.092652733333333_lon--49.84669776666666.png,straight,intersection,0,1,0.904728889465332,0.904728889465332,,10.0,0.5321246385574341,"10,3",False
route_images_4,frame_67_lat--6.092635_lon--49.84669966666666.png,straight,intersection,0,1,0.8884993195533752,0.8884993195533752,,10.0,0.4037994146347046,"10,3",False
route_images_4,frame_68_lat--6.0926169_lon--49.846701733333326.png,straight,intersection,0,1,0.7424471974372864,0.7424471974372864,,10.0,0.49305030703544617,"10,3",False
route_images_4,frame_69_lat--6.092598266666667_lon--49.84670453333333.png,straight,intersection,0,1,0.8537392616271973,0.8537392616271973,,10.0,0.5794262886047363,"10,7",False
route_images_4,frame_70_lat--6.0925792_lon--49.846708.png,straight,intersection,0,1,0.7998364567756653,0.7998364567756653,,10.0,0.28160107135772705,"10,7",False
route_images_4,frame_71_lat--6.092560266666666_lon--49.84671203333333.png,straight,intersection,0,1,0.764480710029602,0.764480710029602,,10.0,0.46253424882888794,"10,3",False
route_images_4,frame_72_lat--6.0925417_lon--49.84671626666667.png,straight,intersection,0,1,0.6555556654930115,0.6555556654930115,,10.0,0.5340080261230469,"10,3",False
route_images_4,frame_73_lat--6.092523466666667_lon--49.84672056666666.png,straight,intersection,0,1,0.743029773235321,0.743029773235321,,10.0,0.48047634959220886,"10,3",False
route_images_4,frame_74_lat--6.0925056_lon--49.84672566666667.png,straight,intersection,0,1,0.7383577823638916,0.7383577823638916,,10.0,0.3670062720775604,"10,3",False
route_images_4,frame_75_lat--6.092488266666666_lon--49.84673226666666.png,straight,intersection,0,1,0.7757274508476257,0.7757274508476257,,3.0,0.6357750296592712,"3,10",False
route_images_4,frame_76_lat--6.092471433333333_lon--49.84673986666666.png,straight,intersection,0,1,0.7165858745574951,0.7165858745574951,,3.0,0.7650961875915527,"3,10",False
route_images_4,frame_77_lat--6.0924548000000005_lon--49.8467476.png,straight,intersection,0,1,0.7081071138381958,0.7081071138381958,,3.0,0.7219807505607605,"3,10",False
route_images_4,frame_78_lat--6.0924383_lon--49.84675489999999.png,straight,intersection,0,1,0.7170243263244629,0.7170243263244629,,3.0,0.7919700741767883,"3,10",False
route_images_4,frame_79_lat--6.092422033333333_lon--49.846761599999994.png,straight,straight,0,0,0.4531914293766022,0.5468085408210754,,,,,False
route_images_4,frame_80_lat--6.092406033333334_lon--49.84676736666667.png,straight,intersection,0,1,0.526687741279602,0.526687741279602,,3.0,0.45425188541412354,"3,9",False
route_images_4,frame_81_lat--6.0923901_lon--49.8467722.png,straight,intersection,0,1,0.786241888999939,0.786241888999939,,3.0,0.48595502972602844,"3,2",False
route_images_4,frame_82_lat--6.092373733333332_lon--49.84677623333333.png,straight,intersection,0,1,0.7401641607284546,0.7401641607284546,,3.0,0.25090593099594116,"3,2",False
route_images_4,frame_83_lat--6.0923566000000005_lon--49.8467798.png,straight,intersection,0,1,0.9224461317062378,0.9224461317062378,,3.0,0.2845654785633087,"3,9",False
route_images_4,frame_84_lat--6.092339_lon--49.84678336666667.png,straight,intersection,0,1,0.5442501306533813,0.5442501306533813,,3.0,0.309904009103775,"3,10",False
route_images_4,frame_85_lat--6.092321233333332_lon--49.84678703333333.png,straight,straight,0,0,0.35090693831443787,0.6490930318832397,,,,,False
route_images_4,frame_86_lat--6.0923033_lon--49.84679073333332.png,straight,intersection,0,1,0.5646732449531555,0.5646732449531555,,10.0,0.2960411608219147,"10,7",False
route_images_4,frame_87_lat--6.092285133333334_lon--49.8467944.png,straight,intersection,0,1,0.7973363399505615,0.7973363399505615,,3.0,0.9204639792442322,"3,10",False
route_images_4,frame_88_lat--6.0922669_lon--49.846797933333335.png,straight,intersection,0,1,0.8347153663635254,0.8347153663635254,,3.0,0.745762288570404,"3,10",False
route_images_4,frame_89_lat--6.092248500000001_lon--49.8468014.png,intersection,intersection,1,1,0.6066158413887024,0.6066158413887024,7.0,3.0,0.3195952773094177,"3,7",True
route_images_4,frame_90_lat--6.092230066666667_lon--49.84680493333333.png,intersection,intersection,1,1,0.714206337928772,0.714206337928772,7.0,7.0,0.2108304500579834,"7,10",True
route_images_4,frame_91_lat--6.092211866666666_lon--49.84680863333333.png,intersection,intersection,1,1,0.6411726474761963,0.6411726474761963,7.0,10.0,0.20143820345401764,"10,7",True
route_images_4,frame_92_lat--6.092194266666667_lon--49.846812433333334.png,intersection,intersection,1,1,0.8713903427124023,0.8713903427124023,7.0,10.0,0.26398324966430664,"10,7",True
route_images_4,frame_93_lat--6.092177566666668_lon--49.8468164.png,intersection,intersection,1,1,0.8608108758926392,0.8608108758926392,7.0,10.0,0.31025999784469604,"10,11",False
route_images_4,frame_94_lat--6.092161900000001_lon--49.84682063333334.png,intersection,intersection,1,1,0.920379638671875,0.920379638671875,7.0,10.0,0.23793597519397736,"10,2",False
route_images_4,frame_95_lat--6.092147666666667_lon--49.84682546666666.png,intersection,intersection,1,1,0.9663160443305969,0.9663160443305969,7.0,3.0,0.22024182975292206,"3,2",False
route_images_4,frame_96_lat--6.092134766666667_lon--49.84683116666666.png,intersection,intersection,1,1,0.9742085933685303,0.9742085933685303,7.0,10.0,0.2200784534215927,"10,3",False
route_images_4,frame_97_lat--6.0921128666666675_lon--49.84684263333334.png,intersection,intersection,1,1,0.9707819223403931,0.9707819223403931,7.0,10.0,0.33483606576919556,"10,3",False
route_images_4,frame_98_lat--6.0920948_lon--49.846857533333335.png,intersection,intersection,1,1,0.9067524671554565,0.9067524671554565,7.0,11.0,0.16996362805366516,"11,9",False
route_images_4,frame_99_lat--6.092087766666667_lon--49.84687026666667.png,intersection,intersection,1,1,0.5170029997825623,0.5170029997825623,7.0,3.0,0.251955509185791,"3,2",False
route_images_4,frame_100_lat--6.0920839_lon--49.846886033333334.png,intersection,intersection,1,1,0.7334480881690979,0.7334480881690979,7.0,11.0,0.29105454683303833,"11,9",False
route_images_4,frame_101_lat--6.092083499999999_lon--49.84690293333333.png,intersection,intersection,1,1,0.8827147483825684,0.8827147483825684,7.0,11.0,0.34339872002601624,"11,3",False
route_images_4,frame_102_lat--6.092085633333333_lon--49.8469198.png,intersection,intersection,1,1,0.5026991367340088,0.5026991367340088,7.0,3.0,0.3098233640193939,"3,11",False
route_images_4,frame_103_lat--6.092089266666667_lon--49.84693696666667.png,intersection,intersection,1,1,0.6745406985282898,0.6745406985282898,7.0,3.0,0.31833064556121826,"3,10",False
route_images_4,frame_104_lat--6.092093566666668_lon--49.84695516666667.png,intersection,intersection,1,1,0.7670169472694397,0.7670169472694397,7.0,15.0,0.2769782543182373,"15,11",False
route_images_4,frame_105_lat--6.0920976666666675_lon--49.84697466666667.png,intersection,intersection,1,1,0.5402387976646423,0.5402387976646423,7.0,3.0,0.2950640916824341,"3,9",False
route_images_4,frame_106_lat--6.092101633333334_lon--49.84699533333334.png,straight,intersection,0,1,0.6072373390197754,0.6072373390197754,,3.0,0.2262505143880844,"3,9",False
route_images_4,frame_107_lat--6.092106200000001_lon--49.847016966666665.png,straight,intersection,0,1,0.617064356803894,0.617064356803894,,3.0,0.38613852858543396,"3,9",False
route_images_4,frame_108_lat--6.092111433333335_lon--49.84703866666666.png,straight,intersection,0,1,0.8080529570579529,0.8080529570579529,,9.0,0.28347048163414,"9,15",False
route_images_4,frame_109_lat--6.0921168_lon--49.84705986666667.png,straight,intersection,0,1,0.6557349562644958,0.6557349562644958,,3.0,0.2161952257156372,"3,9",False
route_images_4,frame_110_lat--6.092121966666666_lon--49.847080299999995.png,straight,intersection,0,1,0.7588438987731934,0.7588438987731934,,9.0,0.30009692907333374,"9,10",False
route_images_4,frame_111_lat--6.0921270000000005_lon--49.8471001.png,straight,intersection,0,1,0.8762956857681274,0.8762956857681274,,10.0,0.25658106803894043,"10,9",False
route_images_4,frame_112_lat--6.092132133333332_lon--49.847119799999994.png,straight,intersection,0,1,0.7633063793182373,0.7633063793182373,,10.0,0.5629003047943115,"10,15",False
route_images_4,frame_113_lat--6.0921374_lon--49.847139866666666.png,straight,intersection,0,1,0.8077493906021118,0.8077493906021118,,10.0,0.3603360652923584,"10,15",False
route_images_4,frame_114_lat--6.0921427999999995_lon--49.84716026666666.png,straight,intersection,0,1,0.7061564326286316,0.7061564326286316,,10.0,0.44055983424186707,"10,15",False
route_images_4,frame_115_lat--6.092148133333334_lon--49.84718076666667.png,straight,intersection,0,1,0.6037673950195312,0.6037673950195312,,10.0,0.6009538769721985,"10,1",False
route_images_4,frame_116_lat--6.0921533_lon--49.84720133333333.png,straight,straight,0,0,0.2691510319709778,0.7308489084243774,,,,,False
route_images_4,frame_117_lat--6.092158400000001_lon--49.84722223333333.png,intersection,straight,1,0,0.264633446931839,0.7353665828704834,9.0,,,,False
route_images_4,frame_118_lat--6.092163533333334_lon--49.84724336666667.png,intersection,intersection,1,1,0.5454429388046265,0.5454429388046265,9.0,3.0,0.5624675750732422,"3,10",False
route_images_4,frame_119_lat--6.092168766666669_lon--49.847264300000006.png,intersection,intersection,1,1,0.5623731017112732,0.5623731017112732,9.0,3.0,0.592057466506958,"3,0",False
route_images_4,frame_120_lat--6.092174_lon--49.847284866666655.png,intersection,intersection,1,1,0.6099843382835388,0.6099843382835388,9.0,3.0,0.6589459776878357,"3,0",False
route_images_4,frame_121_lat--6.092179066666667_lon--49.847305299999995.png,intersection,intersection,1,1,0.6921871900558472,0.6921871900558472,9.0,3.0,0.7344134449958801,"3,0",False
route_images_4,frame_122_lat--6.0921841_lon--49.84732583333333.png,intersection,straight,1,0,0.42812299728393555,0.5718770623207092,9.0,,,,False
route_images_4,frame_123_lat--6.092189133333334_lon--49.847346.png,intersection,intersection,1,1,0.6962605714797974,0.6962605714797974,9.0,3.0,0.48550906777381897,"3,10",False
route_images_4,frame_124_lat--6.0921940333333335_lon--49.847365.png,intersection,intersection,1,1,0.7360885739326477,0.7360885739326477,9.0,1.0,0.24903906881809235,"1,3",False
route_images_4,frame_125_lat--6.092198766666667_lon--49.84738230000001.png,intersection,intersection,1,1,0.6267616748809814,0.6267616748809814,9.0,3.0,0.4710072875022888,"3,0",False
route_images_4,frame_126_lat--6.092203966666666_lon--49.847398299999995.png,intersection,intersection,1,1,0.8378699421882629,0.8378699421882629,9.0,3.0,0.7543323040008545,"3,0",False
route_images_4,frame_127_lat--6.0922108333333345_lon--49.8474136.png,intersection,intersection,1,1,0.6360694766044617,0.6360694766044617,9.0,3.0,0.6742217540740967,"3,0",False
route_images_4,frame_128_lat--6.092220500000001_lon--49.84742793333334.png,intersection,intersection,1,1,0.7369549870491028,0.7369549870491028,9.0,3.0,0.37926048040390015,"3,12",False
route_images_4,frame_129_lat--6.0922338_lon--49.847440399999996.png,intersection,intersection,1,1,0.8838397860527039,0.8838397860527039,9.0,12.0,0.5555400848388672,"12,3",False
route_images_4,frame_130_lat--6.092251333333333_lon--49.84744983333333.png,intersection,intersection,1,1,0.8782142996788025,0.8782142996788025,9.0,12.0,0.5693422555923462,"12,11",False
route_images_4,frame_131_lat--6.092272366666667_lon--49.8474552.png,intersection,intersection,1,1,0.8575353622436523,0.8575353622436523,9.0,11.0,0.2882685661315918,"11,12",False
route_images_4,frame_132_lat--6.092295_lon--49.847456433333335.png,intersection,intersection,1,1,0.6916564106941223,0.6916564106941223,9.0,12.0,0.23646289110183716,"12,15",False
route_images_4,frame_133_lat--6.092317633333334_lon--49.84745443333334.png,intersection,intersection,1,1,0.7462891340255737,0.7462891340255737,9.0,12.0,0.31981703639030457,"12,10",False
route_images_4,frame_134_lat--6.092339600000001_lon--49.84745013333333.png,intersection,intersection,1,1,0.7082400918006897,0.7082400918006897,9.0,10.0,0.2208748161792755,"10,3",False
route_images_4,frame_135_lat--6.0923609_lon--49.847444466666666.png,intersection,intersection,1,1,0.7482461929321289,0.7482461929321289,9.0,3.0,0.3334301710128784,"3,10",False
route_images_4,frame_136_lat--6.092382033333334_lon--49.847438499999996.png,intersection,intersection,1,1,0.6767507791519165,0.6767507791519165,9.0,3.0,0.38778847455978394,"3,12",False
route_images_4,frame_137_lat--6.092403533333334_lon--49.847432966666666.png,intersection,intersection,1,1,0.661876380443573,0.661876380443573,9.0,3.0,0.6424122452735901,"3,0",False
route_images_4,frame_138_lat--6.0924254_lon--49.8474281.png,straight,intersection,0,1,0.7306537628173828,0.7306537628173828,,3.0,0.7481900453567505,"3,0",False
route_images_4,frame_139_lat--6.092447533333333_lon--49.8474237.png,straight,intersection,0,1,0.5638576149940491,0.5638576149940491,,3.0,0.6176666617393494,"3,10",False
route_images_4,frame_140_lat--6.092469933333333_lon--49.84741950000001.png,straight,intersection,0,1,0.8058574199676514,0.8058574199676514,,3.0,0.46361926198005676,"3,10",False
route_images_4,frame_141_lat--6.092492466666666_lon--49.84741526666668.png,straight,intersection,0,1,0.9024487137794495,0.9024487137794495,,10.0,0.8089684247970581,"10,3",False
route_images_4,frame_142_lat--6.092515333333333_lon--49.847410966666665.png,straight,intersection,0,1,0.5998440384864807,0.5998440384864807,,10.0,0.7134511470794678,"10,15",False
route_images_4,frame_143_lat--6.092538633333332_lon--49.847406500000005.png,straight,intersection,0,1,0.5939101576805115,0.5939101576805115,,10.0,0.4071769714355469,"10,9",False
route_images_4,frame_144_lat--6.0925625_lon--49.847401766666664.png,straight,intersection,0,1,0.6188129186630249,0.6188129186630249,,10.0,0.3732834458351135,"10,3",False
route_images_4,frame_145_lat--6.092587233333333_lon--49.84739656666667.png,straight,intersection,0,1,0.6495764851570129,0.6495764851570129,,9.0,0.2281494289636612,"9,15",False
route_images_4,frame_146_lat--6.092611833333334_lon--49.84739116666666.png,straight,intersection,0,1,0.6827223896980286,0.6827223896980286,,9.0,0.5129395127296448,"9,4",False
route_images_4,frame_147_lat--6.0926351_lon--49.84738596666667.png,straight,intersection,0,1,0.6622323393821716,0.6622323393821716,,9.0,0.5055708885192871,"9,3",False
route_images_4,frame_148_lat--6.092657566666666_lon--49.84738096666668.png,straight,straight,0,0,0.3121497631072998,0.687850296497345,,,,,False
route_images_4,frame_149_lat--6.092680566666666_lon--49.847375733333344.png,straight,intersection,0,1,0.608291506767273,0.608291506767273,,3.0,0.24278831481933594,"3,9",False
route_images_4,frame_150_lat--6.092705633333333_lon--49.84737006666667.png,straight,intersection,0,1,0.6940914392471313,0.6940914392471313,,3.0,0.23099011182785034,"3,1",False
route_images_4,frame_151_lat--6.0927339_lon--49.84736373333334.png,straight,intersection,0,1,0.5837194919586182,0.5837194919586182,,7.0,0.1849854737520218,"7,2",False
route_images_4,frame_152_lat--6.0927653_lon--49.84735686666667.png,straight,intersection,0,1,0.7556315660476685,0.7556315660476685,,3.0,0.4877329170703888,"3,2",False
route_images_4,frame_153_lat--6.092798366666667_lon--49.84734973333334.png,straight,intersection,0,1,0.8080375790596008,0.8080375790596008,,2.0,0.3109404742717743,"2,3",False
route_images_4,frame_154_lat--6.092831533333333_lon--49.84734243333334.png,straight,intersection,0,1,0.8810808062553406,0.8810808062553406,,0.0,0.30930399894714355,"0,3",False
route_images_4,frame_155_lat--6.092864100000001_lon--49.847335.png,straight,intersection,0,1,0.9295438528060913,0.9295438528060913,,0.0,0.3349461853504181,"0,3",False
route_images_4,frame_156_lat--6.092895966666666_lon--49.8473277.png,straight,intersection,0,1,0.8646165132522583,0.8646165132522583,,3.0,0.2891472578048706,"3,0",False
route_images_4,frame_157_lat--6.0929271_lon--49.8473206.png,straight,intersection,0,1,0.8247852325439453,0.8247852325439453,,15.0,0.16562151908874512,"15,8",False
route_images_4,frame_158_lat--6.0929576999999995_lon--49.8473134.png,straight,intersection,0,1,0.6806232929229736,0.6806232929229736,,3.0,0.23800769448280334,"3,2",False
route_images_4,frame_159_lat--6.092988000000001_lon--49.84730573333333.png,straight,straight,0,0,0.29498955607414246,0.7050104737281799,,,,,False
route_images_4,frame_160_lat--6.093018066666668_lon--49.847297700000006.png,straight,straight,0,0,0.3323875367641449,0.6676124334335327,,,,,False
route_images_4,frame_161_lat--6.093047766666667_lon--49.8472894.png,straight,straight,0,0,0.4608895182609558,0.5391104817390442,,,,,False
route_images_4,frame_162_lat--6.093077066666667_lon--49.847280766666664.png,intersection,straight,1,0,0.4269923269748688,0.5730077028274536,4.0,,,,False
route_images_4,frame_163_lat--6.093105199999999_lon--49.847271799999994.png,intersection,intersection,1,1,0.8032306432723999,0.8032306432723999,4.0,3.0,0.5816677212715149,"3,10",False
route_images_4,frame_164_lat--6.093130733333333_lon--49.84726313333333.png,intersection,intersection,1,1,0.7629727125167847,0.7629727125167847,4.0,3.0,0.7049640417098999,"3,10",False
route_images_4,frame_165_lat--6.093151933333334_lon--49.84725563333334.png,intersection,intersection,1,1,0.893694281578064,0.893694281578064,4.0,3.0,0.8725065588951111,"3,10",False
route_images_4,frame_166_lat--6.093168333333334_lon--49.847249766666664.png,intersection,intersection,1,1,0.8783776760101318,0.8783776760101318,4.0,3.0,0.8770436644554138,"3,10",False
route_images_4,frame_167_lat--6.093190266666667_lon--49.847242300000005.png,intersection,intersection,1,1,0.7579391002655029,0.7579391002655029,4.0,3.0,0.7498550415039062,"3,10",False
