filename,timestamp,latitude,longitude,distance_to_node_m,node_index,speed_mps,heading_deg,label
frame_1_lat--6.093874833333333_lon--49.847083700000006.png,20250810_115055_149821,-6.093874833333333,-49.847083700000006,11.27,5,6.26,11.51,intersection
frame_2_lat--6.0938653333333335_lon--49.847065900000004.png,20250810_115058_120957,-6.0938653333333335,-49.8470659,9.04,5,6.95,10.97,intersection
frame_3_lat--6.093854333333334_lon--49.84704876666666.png,20250810_115101_147788,-6.093854333333334,-49.84704876666666,6.79,5,7.27,10.06,intersection
frame_4_lat--6.0938422_lon--49.847036333333335.png,20250810_115103_166900,-6.0938422,-49.847036333333335,4.94,5,10.21,8.03,intersection
frame_5_lat--6.0938202666666665_lon--49.84702466666666.png,20250810_115105_183992,-6.0938202666666665,-49.84702466666666,3.19,5,12.96,4.64,intersection
frame_6_lat--6.0938059_lon--49.84702116666667.png,20250810_115106_237443,-6.0938059,-49.84702116666667,3.37,5,0.0,0.0,intersection
frame_7_lat--6.0937897_lon--49.84702.png,20250810_115107_296691,-6.0937897,-49.84702,4.54,5,0.0,0.0,intersection
frame_8_lat--6.093772433333334_lon--49.84702113333334.png,20250810_115108_240692,-6.093772433333334,-49.84702113333334,6.25,5,0.0,0.0,intersection
frame_9_lat--6.093755799999999_lon--49.8470241.png,20250810_115109_312660,-6.093755799999999,-49.8470241,8.06,5,0.0,0.0,intersection
frame_10_lat--6.093740733333334_lon--49.847028333333334.png,20250810_115110_257444,-6.093740733333334,-49.84702833333333,9.78,5,0.0,0.0,intersection
frame_11_lat--6.093726566666668_lon--49.847033499999995.png,20250810_115111_231552,-6.093726566666668,-49.8470335,11.44,5,0.0,0.0,intersection
frame_12_lat--6.093711233333333_lon--49.8470397.png,20250810_115112_277982,-6.093711233333333,-49.8470397,13.27,5,0.0,0.0,intersection
frame_13_lat--6.0936932666666666_lon--49.847046999999996.png,20250810_115113_242190,-6.0936932666666666,-49.847047,15.42,5,0.0,0.0,intersection
frame_14_lat--6.093672866666667_lon--49.847055166666664.png,20250810_115114_310298,-6.093672866666667,-49.84705516666666,17.85,5,0.0,0.0,intersection
frame_15_lat--6.0936511_lon--49.847063866666666.png,20250810_115115_249958,-6.0936511,-49.847063866666666,20.44,5,0.0,0.0,intersection
frame_16_lat--6.093628333333333_lon--49.847073200000004.png,20250810_115116_265817,-6.093628333333333,-49.8470732,23.16,5,0.0,0.0,straight
frame_17_lat--6.093604466666667_lon--49.8470832.png,20250810_115117_240112,-6.093604466666667,-49.8470832,26.02,5,0.0,0.0,straight
frame_18_lat--6.093579933333333_lon--49.8470938.png,20250810_115118_266036,-6.093579933333333,-49.8470938,28.98,5,0.0,0.0,straight
frame_19_lat--6.093554966666667_lon--49.847105033333335.png,20250810_115119_245019,-6.093554966666667,-49.847105033333335,32.0,5,0.0,0.0,straight
frame_20_lat--6.093529566666667_lon--49.84711683333334.png,20250810_115120_298335,-6.093529566666667,-49.84711683333334,31.72,4,0.0,0.0,straight
frame_21_lat--6.0935035666666675_lon--49.847128866666665.png,20250810_115121_251549,-6.093503566666668,-49.847128866666665,28.61,4,0.0,0.0,straight
frame_22_lat--6.093477266666667_lon--49.847140833333334.png,20250810_115122_223959,-6.093477266666667,-49.84714083333333,25.48,4,0.0,0.0,straight
frame_23_lat--6.093450966666667_lon--49.84715223333333.png,20250810_115123_256179,-6.093450966666667,-49.84715223333333,22.38,4,0.0,0.0,intersection
frame_24_lat--6.093426766666666_lon--49.84716193333334.png,20250810_115124_226640,-6.093426766666666,-49.84716193333334,19.56,4,0.0,0.0,intersection
frame_25_lat--6.093406399999999_lon--49.847169466666664.png,20250810_115125_268579,-6.093406399999999,-49.84716946666666,17.21,4,0.0,0.0,intersection
frame_26_lat--6.0933891666666655_lon--49.84717566666667.png,20250810_115126_245238,-6.0933891666666655,-49.84717566666667,15.24,4,0.0,0.0,intersection
frame_27_lat--6.093373033333333_lon--49.84718150000001.png,20250810_115127_213903,-6.093373033333333,-49.84718150000001,13.41,4,0.0,0.0,intersection
frame_28_lat--6.093357800000001_lon--49.84718680000001.png,20250810_115128_251950,-6.093357800000001,-49.84718680000001,11.7,4,0.0,0.0,intersection
frame_29_lat--6.093343033333333_lon--49.84719163333333.png,20250810_115129_211435,-6.093343033333333,-49.84719163333333,10.07,4,0.0,0.0,intersection
frame_30_lat--6.093326633333334_lon--49.847196800000006.png,20250810_115130_249831,-6.093326633333334,-49.847196800000006,8.3,4,0.0,0.0,intersection
frame_31_lat--6.093305933333333_lon--49.84720333333333.png,20250810_115131_297652,-6.093305933333333,-49.84720333333333,6.17,4,0.0,0.0,intersection
frame_32_lat--6.0932800333333335_lon--49.8472114.png,20250810_115132_251511,-6.0932800333333335,-49.8472114,3.97,4,0.0,0.0,intersection
frame_33_lat--6.093250866666667_lon--49.8472204.png,20250810_115133_226649,-6.093250866666667,-49.8472204,3.48,4,0.0,0.0,intersection
frame_34_lat--6.0932210000000016_lon--49.847229633333335.png,20250810_115134_266528,-6.0932210000000016,-49.847229633333335,5.66,4,0.0,0.0,intersection
frame_35_lat--6.093190733333334_lon--49.847239033333324.png,20250810_115135_240648,-6.093190733333334,-49.84723903333333,8.75,4,0.0,0.0,intersection
frame_36_lat--6.093158666666666_lon--49.847249.png,20250810_115136_295856,-6.093158666666666,-49.847249,12.27,4,0.0,0.0,intersection
frame_37_lat--6.093124633333334_lon--49.847259400000006.png,20250810_115137_253526,-6.093124633333334,-49.847259400000006,16.1,4,0.0,0.0,intersection
frame_38_lat--6.0930901_lon--49.84726966666666.png,20250810_115138_229219,-6.0930901,-49.84726966666666,20.01,4,0.0,0.0,intersection
frame_39_lat--6.093056066666667_lon--49.84727963333333.png,20250810_115139_266643,-6.093056066666667,-49.84727963333333,23.88,4,0.0,0.0,straight
frame_40_lat--6.093022_lon--49.847289266666664.png,20250810_115140_242316,-6.093022,-49.84728926666666,27.75,4,0.0,0.0,straight
frame_41_lat--6.092986633333334_lon--49.84729883333333.png,20250810_115141_263327,-6.092986633333334,-49.84729883333333,31.76,4,0.0,0.0,straight
frame_42_lat--6.092949433333333_lon--49.84730856666667.png,20250810_115142_237092,-6.092949433333333,-49.84730856666667,35.98,4,0.0,0.0,straight
frame_43_lat--6.0929109666666665_lon--49.84731823333334.png,20250810_115143_263182,-6.0929109666666665,-49.84731823333334,40.34,4,0.0,0.0,straight
frame_44_lat--6.092871966666666_lon--49.847327366666676.png,20250810_115144_237906,-6.092871966666666,-49.84732736666668,44.73,4,0.0,0.0,straight
frame_45_lat--6.092833033333332_lon--49.84733583333333.png,20250810_115145_309128,-6.092833033333332,-49.84733583333333,49.1,4,0.0,0.0,straight
frame_46_lat--6.092795266666667_lon--49.847343666666674.png,20250810_115146_255370,-6.092795266666667,-49.847343666666674,53.33,4,0.0,0.0,straight
frame_47_lat--6.092760066666666_lon--49.84735093333333.png,20250810_115147_229188,-6.092760066666666,-49.84735093333333,57.28,4,0.0,0.0,straight
frame_48_lat--6.0927275_lon--49.8473578.png,20250810_115148_264401,-6.0927275,-49.8473578,59.12,9,0.0,0.0,straight
frame_49_lat--6.0926963999999995_lon--49.847364633333335.png,20250810_115149_235556,-6.0926964,-49.847364633333335,55.62,9,0.0,0.0,straight
frame_50_lat--6.0926657666666655_lon--49.8473717.png,20250810_115150_282735,-6.0926657666666655,-49.8473717,52.16,9,0.0,0.0,straight
frame_51_lat--6.092635366666667_lon--49.84737883333334.png,20250810_115151_236499,-6.092635366666667,-49.84737883333334,48.73,9,0.0,0.0,straight
frame_52_lat--6.092605200000001_lon--49.84738576666666.png,20250810_115152_265150,-6.092605200000001,-49.84738576666666,45.34,9,0.0,0.0,straight
frame_53_lat--6.092575500000001_lon--49.8473925.png,20250810_115153_245742,-6.092575500000001,-49.8473925,42.0,9,0.0,0.0,straight
frame_54_lat--6.092546766666667_lon--49.8473991.png,20250810_115154_321558,-6.092546766666667,-49.8473991,38.78,9,0.0,0.0,straight
frame_55_lat--6.0925188_lon--49.84740576666667.png,20250810_115155_249666,-6.0925188,-49.84740576666667,35.64,9,0.0,0.0,straight
frame_56_lat--6.092491333333333_lon--49.84741240000001.png,20250810_115156_222352,-6.092491333333333,-49.84741240000001,32.57,9,0.0,0.0,straight
frame_57_lat--6.092463866666667_lon--49.847419033333324.png,20250810_115157_261284,-6.092463866666667,-49.84741903333333,29.52,9,0.0,0.0,straight
frame_58_lat--6.092435433333334_lon--49.847425666666666.png,20250810_115158_235709,-6.092435433333334,-49.847425666666666,26.37,9,0.0,0.0,straight
frame_59_lat--6.092405766666667_lon--49.8474324.png,20250810_115159_298424,-6.092405766666667,-49.8474324,23.11,9,0.0,0.0,straight
frame_60_lat--6.092375466666668_lon--49.84743906666667.png,20250810_115200_258044,-6.092375466666668,-49.84743906666667,19.81,9,0.0,0.0,intersection
frame_61_lat--6.0923460333333335_lon--49.847445433333334.png,20250810_115201_235973,-6.0923460333333335,-49.84744543333333,16.65,9,0.0,0.0,intersection
frame_62_lat--6.0923199_lon--49.847451066666665.png,20250810_115202_297807,-6.0923199,-49.847451066666665,13.92,9,0.0,0.0,intersection
frame_63_lat--6.0922993000000005_lon--49.84745546666666.png,20250810_115203_255721,-6.0922993000000005,-49.84745546666666,11.84,9,0.0,0.0,intersection
frame_64_lat--6.092285600000001_lon--49.84745836666667.png,20250810_115204_110588,-6.092285600000001,-49.84745836666667,10.51,9,13.55,357.63,intersection
frame_65_lat--6.092271833333333_lon--49.8474612.png,20250810_115206_143641,-6.092271833333333,-49.8474612,9.24,9,5.99,357.69,intersection
frame_66_lat--6.092256900000001_lon--49.847464333333335.png,20250810_115210_133394,-6.092256900000001,-49.847464333333335,7.99,9,3.16,357.53,intersection
frame_67_lat--6.092239933333334_lon--49.847468333333325.png,20250810_115214_142345,-6.092239933333334,-49.847468333333325,6.83,9,7.2,357.28,intersection
frame_68_lat--6.0922176_lon--49.847473566666665.png,20250810_115216_250969,-6.0922176,-49.847473566666665,5.94,9,0.0,0.0,intersection
frame_69_lat--6.0922016_lon--49.8474774.png,20250810_115217_214487,-6.0922016,-49.8474774,5.93,9,0.0,0.0,intersection
frame_70_lat--6.0921819_lon--49.84748226666667.png,20250810_115218_253111,-6.0921819,-49.84748226666667,6.66,9,0.0,0.0,intersection
frame_71_lat--6.092157633333334_lon--49.847488500000004.png,20250810_115219_226297,-6.092157633333334,-49.8474885,8.36,9,0.0,0.0,intersection
frame_72_lat--6.0921296_lon--49.84749586666666.png,20250810_115220_244094,-6.0921296,-49.84749586666666,10.9,9,0.0,0.0,intersection
frame_73_lat--6.092099466666667_lon--49.84750416666667.png,20250810_115221_319512,-6.092099466666667,-49.84750416666667,13.97,9,0.0,0.0,intersection
frame_74_lat--6.092068433333333_lon--49.84751336666666.png,20250810_115222_241059,-6.092068433333333,-49.84751336666666,17.32,9,0.0,0.0,intersection
frame_75_lat--6.092037166666667_lon--49.8475233.png,20250810_115223_296499,-6.092037166666667,-49.8475233,20.81,9,0.0,0.0,intersection
frame_76_lat--6.0920062_lon--49.847533633333335.png,20250810_115224_252043,-6.0920062,-49.847533633333335,24.34,9,0.0,0.0,straight
frame_77_lat--6.091975966666666_lon--49.847544033333335.png,20250810_115225_254050,-6.091975966666666,-49.847544033333335,27.82,9,0.0,0.0,straight
frame_78_lat--6.091946466666667_lon--49.84755413333334.png,20250810_115226_233918,-6.091946466666667,-49.84755413333334,31.23,9,0.0,0.0,straight
frame_79_lat--6.091917566666668_lon--49.84756406666667.png,20250810_115227_281582,-6.091917566666668,-49.84756406666667,34.57,9,0.0,0.0,straight
frame_80_lat--6.091889033333333_lon--49.847574066666674.png,20250810_115228_241108,-6.091889033333333,-49.847574066666674,37.89,9,0.0,0.0,straight
frame_81_lat--6.0918605333333335_lon--49.8475842.png,20250810_115229_298941,-6.0918605333333335,-49.8475842,41.22,9,0.0,0.0,straight
frame_82_lat--6.0918318_lon--49.847594099999995.png,20250810_115230_251456,-6.0918318,-49.8475941,44.56,9,0.0,0.0,straight
frame_83_lat--6.091803266666666_lon--49.84760373333333.png,20250810_115231_230170,-6.091803266666666,-49.84760373333333,47.87,9,0.0,0.0,straight
frame_84_lat--6.091775133333334_lon--49.847613366666664.png,20250810_115232_283769,-6.091775133333334,-49.84761336666666,51.15,9,0.0,0.0,straight
frame_85_lat--6.091746400000001_lon--49.847624.png,20250810_115233_249785,-6.091746400000001,-49.847624,54.53,9,0.0,0.0,straight
frame_86_lat--6.0917164333333345_lon--49.847636766666675.png,20250810_115234_216391,-6.091716433333335,-49.84763676666668,58.13,9,0.0,0.0,straight
frame_87_lat--6.0916855666666665_lon--49.84765230000001.png,20250810_115235_255644,-6.0916855666666665,-49.84765230000001,61.95,9,0.0,0.0,straight
frame_88_lat--6.091653833333334_lon--49.84767023333334.png,20250810_115236_231959,-6.091653833333334,-49.84767023333334,65.96,9,0.0,0.0,straight
frame_89_lat--6.091621066666667_lon--49.847689599999995.png,20250810_115237_267507,-6.091621066666667,-49.8476896,70.15,9,0.0,0.0,straight
frame_90_lat--6.0915870666666665_lon--49.84770916666666.png,20250810_115238_241690,-6.0915870666666665,-49.84770916666666,74.47,9,0.0,0.0,straight
frame_91_lat--6.0915518_lon--49.847728233333335.png,20250810_115239_261231,-6.0915518,-49.847728233333335,78.9,9,0.0,0.0,straight
frame_92_lat--6.091515066666666_lon--49.84774646666666.png,20250810_115240_238621,-6.091515066666666,-49.84774646666666,82.94,11,0.0,0.0,straight
frame_93_lat--6.091476733333333_lon--49.84776396666666.png,20250810_115241_266655,-6.091476733333333,-49.84776396666666,78.3,11,0.0,0.0,straight
frame_94_lat--6.091436866666667_lon--49.84778106666668.png,20250810_115242_246382,-6.091436866666667,-49.84778106666668,73.51,11,0.0,0.0,straight
frame_95_lat--6.091395666666666_lon--49.8477982.png,20250810_115243_296604,-6.091395666666666,-49.8477982,68.58,11,0.0,0.0,straight
frame_96_lat--6.091353466666666_lon--49.84781553333333.png,20250810_115244_248307,-6.091353466666666,-49.84781553333333,63.55,11,0.0,0.0,straight
frame_97_lat--6.091310833333333_lon--49.84783326666667.png,20250810_115245_323842,-6.091310833333333,-49.84783326666667,58.45,11,0.0,0.0,straight
frame_98_lat--6.091269266666666_lon--49.8478513.png,20250810_115246_255747,-6.091269266666666,-49.8478513,53.46,11,0.0,0.0,straight
frame_99_lat--6.091231666666667_lon--49.847868266666666.png,20250810_115247_232744,-6.091231666666667,-49.847868266666666,48.92,11,0.0,0.0,straight
frame_100_lat--6.091199566666667_lon--49.847883233333334.png,20250810_115248_269912,-6.091199566666667,-49.84788323333333,45.04,11,0.0,0.0,straight
frame_101_lat--6.091172066666667_lon--49.84789646666667.png,20250810_115249_243616,-6.091172066666667,-49.84789646666667,41.71,11,0.0,0.0,straight
frame_102_lat--6.091147099999999_lon--49.84790856666667.png,20250810_115250_309951,-6.091147099999999,-49.84790856666667,38.69,11,0.0,0.0,straight
frame_103_lat--6.0911230000000005_lon--49.847920099999996.png,20250810_115251_253719,-6.0911230000000005,-49.8479201,35.78,11,0.0,0.0,straight
frame_104_lat--6.091098499999999_lon--49.847931433333336.png,20250810_115252_227646,-6.091098499999999,-49.847931433333336,32.85,11,0.0,0.0,straight
frame_105_lat--6.091072966666667_lon--49.847942966666665.png,20250810_115253_266643,-6.091072966666667,-49.847942966666665,29.81,11,0.0,0.0,straight
frame_106_lat--6.0910462333333335_lon--49.84795489999999.png,20250810_115254_235855,-6.0910462333333335,-49.84795489999999,26.64,11,0.0,0.0,straight
frame_107_lat--6.091018266666667_lon--49.84796713333334.png,20250810_115255_296096,-6.091018266666667,-49.84796713333334,23.35,11,0.0,0.0,straight
frame_108_lat--6.0909898_lon--49.84797913333334.png,20250810_115256_253169,-6.0909898,-49.84797913333334,20.04,11,0.0,0.0,intersection
frame_109_lat--6.090962200000002_lon--49.8479904.png,20250810_115257_231658,-6.090962200000002,-49.8479904,16.88,11,0.0,0.0,intersection
frame_110_lat--6.090937133333334_lon--49.848000299999995.png,20250810_115258_269418,-6.090937133333334,-49.8480003,14.06,11,0.0,0.0,intersection
frame_111_lat--6.090915300000001_lon--49.84800853333333.png,20250810_115259_243317,-6.090915300000001,-49.84800853333333,11.67,11,0.0,0.0,intersection
frame_112_lat--6.090896833333334_lon--49.84801516666666.png,20250810_115300_323999,-6.090896833333334,-49.84801516666666,9.71,11,0.0,0.0,intersection
frame_113_lat--6.090882133333333_lon--49.84802019999999.png,20250810_115301_255670,-6.090882133333333,-49.84802019999999,8.23,11,0.0,0.0,intersection
frame_114_lat--6.090861566666666_lon--49.84802623333333.png,20250810_115303_168043,-6.090861566666666,-49.84802623333333,6.3,11,9.94,357.01,intersection
frame_115_lat--6.0908451999999995_lon--49.84802883333333.png,20250810_115305_197295,-6.0908452,-49.84802883333333,4.9,11,8.14,358.78,intersection
frame_116_lat--6.090822466666667_lon--49.84802576666667.png,20250810_115307_130303,-6.090822466666667,-49.84802576666667,2.97,11,13.42,2.44,intersection
frame_117_lat--6.0908092_lon--49.84801990000001.png,20250810_115308_279199,-6.0908092,-49.84801990000001,1.98,11,0.0,0.0,intersection
frame_118_lat--6.090795966666667_lon--49.84801020000001.png,20250810_115309_238855,-6.090795966666667,-49.84801020000001,1.8,11,0.0,0.0,intersection
frame_119_lat--6.090782566666666_lon--49.847996.png,20250810_115310_308541,-6.090782566666666,-49.847996,3.11,11,0.0,0.0,intersection
frame_120_lat--6.090768833333334_lon--49.84797686666667.png,20250810_115311_254264,-6.090768833333334,-49.84797686666667,5.34,11,0.0,0.0,intersection
frame_121_lat--6.090755266666666_lon--49.84795303333334.png,20250810_115312_230846,-6.090755266666666,-49.84795303333334,8.13,11,0.0,0.0,intersection
frame_122_lat--6.090742133333333_lon--49.84792566666667.png,20250810_115313_269343,-6.090742133333333,-49.84792566666667,11.3,11,0.0,0.0,intersection
frame_123_lat--6.090729399999999_lon--49.84789646666667.png,20250810_115314_245679,-6.090729399999999,-49.84789646666667,14.69,11,0.0,0.0,intersection
frame_124_lat--6.090717100000001_lon--49.847867166666674.png,20250810_115315_247312,-6.090717100000001,-49.847867166666674,18.12,11,0.0,0.0,intersection
frame_125_lat--6.090705266666667_lon--49.84783866666667.png,20250810_115316_211466,-6.090705266666667,-49.84783866666667,21.47,11,0.0,0.0,intersection
frame_126_lat--6.090693433333334_lon--49.84781086666667.png,20250810_115317_252917,-6.090693433333334,-49.84781086666667,24.78,11,0.0,0.0,straight
frame_127_lat--6.090680866666665_lon--49.84778300000001.png,20250810_115318_219635,-6.090680866666665,-49.84778300000001,28.14,11,0.0,0.0,straight
frame_128_lat--6.090667366666667_lon--49.847754766666675.png,20250810_115319_259272,-6.090667366666667,-49.84775476666668,31.59,11,0.0,0.0,straight
frame_129_lat--6.090653333333334_lon--49.847726566666665.png,20250810_115320_264899,-6.090653333333334,-49.847726566666665,35.07,11,0.0,0.0,straight
frame_130_lat--6.0906391_lon--49.847699066666664.png,20250810_115321_241762,-6.0906391,-49.84769906666666,33.97,13,0.0,0.0,straight
frame_131_lat--6.090625066666666_lon--49.84767236666667.png,20250810_115322_295277,-6.090625066666666,-49.84767236666667,30.64,13,0.0,0.0,straight
frame_132_lat--6.090611266666667_lon--49.8476461.png,20250810_115323_250042,-6.090611266666667,-49.8476461,27.36,13,0.0,0.0,straight
frame_133_lat--6.090597866666665_lon--49.84762.png,20250810_115324_221873,-6.090597866666665,-49.84762,24.11,13,0.0,0.0,straight
frame_134_lat--6.090585333333332_lon--49.847594433333335.png,20250810_115325_258166,-6.090585333333332,-49.847594433333335,20.96,13,0.0,0.0,intersection
frame_135_lat--6.0905743999999995_lon--49.847570166666664.png,20250810_115326_229408,-6.0905744,-49.84757016666666,18.02,13,0.0,0.0,intersection
frame_136_lat--6.090565966666666_lon--49.847547999999996.png,20250810_115327_266922,-6.090565966666666,-49.847548,15.4,13,0.0,0.0,intersection
frame_137_lat--6.090560766666667_lon--49.84752816666666.png,20250810_115328_234942,-6.090560766666667,-49.84752816666666,13.17,13,0.0,0.0,intersection
frame_138_lat--6.090558633333334_lon--49.8475108.png,20250810_115329_285316,-6.090558633333334,-49.8475108,11.37,13,0.0,0.0,intersection
frame_139_lat--6.090559366666667_lon--49.847495933333335.png,20250810_115330_252462,-6.090559366666667,-49.847495933333335,10.03,13,0.0,0.0,intersection
frame_140_lat--6.090568366666666_lon--49.84747143333334.png,20250810_115332_252207,-6.090568366666666,-49.84747143333334,8.72,13,0.0,0.0,intersection
frame_141_lat--6.090576466666667_lon--49.84746013333334.png,20250810_115333_122890,-6.090576466666667,-49.84746013333334,8.77,13,13.54,13.36,intersection
frame_142_lat--6.0905868_lon--49.8474494.png,20250810_115334_262239,-6.0905868,-49.8474494,9.33,13,0.0,0.0,intersection
frame_143_lat--6.0905988666666655_lon--49.84743963333334.png,20250810_115335_235321,-6.0905988666666655,-49.84743963333334,10.35,13,0.0,0.0,intersection
frame_144_lat--6.0906122_lon--49.8474311.png,20250810_115336_266056,-6.0906122,-49.8474311,11.68,13,0.0,0.0,intersection
frame_145_lat--6.090626433333334_lon--49.8474236.png,20250810_115337_237333,-6.090626433333334,-49.8474236,13.21,13,0.0,0.0,intersection
frame_146_lat--6.090642266666667_lon--49.847416566666666.png,20250810_115338_270732,-6.090642266666667,-49.847416566666666,14.97,13,0.0,0.0,intersection
frame_147_lat--6.0906605_lon--49.84740973333332.png,20250810_115339_245180,-6.0906605,-49.84740973333332,17.03,13,0.0,0.0,intersection
frame_148_lat--6.090680966666666_lon--49.84740266666667.png,20250810_115340_308877,-6.090680966666666,-49.84740266666667,19.36,13,0.0,0.0,intersection
frame_149_lat--6.090702533333333_lon--49.8473946.png,20250810_115341_258897,-6.090702533333333,-49.8473946,21.84,13,0.0,0.0,intersection
frame_150_lat--6.090723766666667_lon--49.847385499999994.png,20250810_115342_234306,-6.090723766666667,-49.8473855,24.31,13,0.0,0.0,straight
frame_151_lat--6.0907436666666666_lon--49.8473761.png,20250810_115343_266085,-6.0907436666666666,-49.8473761,26.66,13,0.0,0.0,straight
frame_152_lat--6.090762400000001_lon--49.84736696666668.png,20250810_115344_240896,-6.090762400000001,-49.84736696666668,28.89,13,0.0,0.0,straight
frame_153_lat--6.090780966666668_lon--49.847357800000005.png,20250810_115345_308810,-6.090780966666668,-49.847357800000005,31.12,13,0.0,0.0,straight
frame_154_lat--6.090800866666667_lon--49.84734816666666.png,20250810_115346_248705,-6.090800866666667,-49.84734816666666,33.51,13,0.0,0.0,straight
frame_155_lat--6.090823133333332_lon--49.84733773333333.png,20250810_115347_222188,-6.090823133333332,-49.84733773333333,36.18,13,0.0,0.0,straight
frame_156_lat--6.090847666666667_lon--49.847326433333336.png,20250810_115348_259805,-6.090847666666667,-49.847326433333336,39.13,13,0.0,0.0,straight
frame_157_lat--6.090873433333334_lon--49.847314733333334.png,20250810_115349_230916,-6.090873433333334,-49.84731473333333,42.23,13,0.0,0.0,straight
frame_158_lat--6.090898966666667_lon--49.847303200000006.png,20250810_115350_268462,-6.090898966666667,-49.847303200000006,45.3,13,0.0,0.0,straight
frame_159_lat--6.090923133333333_lon--49.84729213333334.png,20250810_115351_242099,-6.090923133333333,-49.84729213333334,48.21,13,0.0,0.0,straight
frame_160_lat--6.090945733333334_lon--49.8472815.png,20250810_115352_312778,-6.090945733333334,-49.8472815,50.95,13,0.0,0.0,straight
frame_161_lat--6.090966466666667_lon--49.8472715.png,20250810_115353_257015,-6.090966466666667,-49.8472715,53.47,13,0.0,0.0,straight
frame_162_lat--6.090984633333333_lon--49.847262966666676.png,20250810_115354_231240,-6.090984633333333,-49.84726296666668,55.68,13,0.0,0.0,straight
frame_163_lat--6.091000299999999_lon--49.84725590000001.png,20250810_115355_249955,-6.091000299999999,-49.84725590000001,57.57,13,0.0,0.0,straight
frame_164_lat--6.091014966666665_lon--49.847249733333335.png,20250810_115356_220989,-6.091014966666665,-49.847249733333335,59.32,13,0.0,0.0,straight
frame_165_lat--6.091029833333333_lon--49.84724396666667.png,20250810_115357_262007,-6.091029833333333,-49.84724396666667,61.08,13,0.0,0.0,straight
frame_166_lat--6.091044999999999_lon--49.84723833333334.png,20250810_115358_238136,-6.091044999999999,-49.84723833333334,62.87,13,0.0,0.0,straight
frame_167_lat--6.091060466666667_lon--49.847232899999995.png,20250810_115359_295282,-6.091060466666667,-49.8472329,64.69,13,0.0,0.0,straight
frame_168_lat--6.091076233333334_lon--49.84722696666667.png,20250810_115400_222425,-6.091076233333334,-49.84722696666667,66.55,13,0.0,0.0,straight
frame_169_lat--6.091092866666666_lon--49.847219933333335.png,20250810_115401_252347,-6.091092866666666,-49.847219933333335,68.54,13,0.0,0.0,straight
frame_170_lat--6.091111000000001_lon--49.847211433333335.png,20250810_115402_306731,-6.091111000000001,-49.847211433333335,70.74,13,0.0,0.0,straight
frame_171_lat--6.091130866666665_lon--49.84720166666666.png,20250810_115403_251057,-6.091130866666665,-49.84720166666666,73.18,13,0.0,0.0,straight
frame_172_lat--6.091151866666666_lon--49.84719113333334.png,20250810_115404_223821,-6.091151866666666,-49.84719113333334,75.75,13,0.0,0.0,straight
frame_173_lat--6.091172899999999_lon--49.8471806.png,20250810_115405_246983,-6.091172899999999,-49.8471806,78.34,13,0.0,0.0,straight
frame_174_lat--6.091193_lon--49.84717056666666.png,20250810_115406_261445,-6.091193,-49.84717056666666,80.81,13,0.0,0.0,straight
frame_175_lat--6.091212100000001_lon--49.84716126666667.png,20250810_115407_233916,-6.091212100000001,-49.84716126666667,83.14,13,0.0,0.0,straight
frame_176_lat--6.0912307_lon--49.847152433333335.png,20250810_115408_281910,-6.0912307,-49.847152433333335,85.41,13,0.0,0.0,straight
frame_177_lat--6.091249666666666_lon--49.847143700000004.png,20250810_115409_251363,-6.091249666666666,-49.8471437,87.72,13,0.0,0.0,straight
frame_178_lat--6.091269633333334_lon--49.8471347.png,20250810_115410_226905,-6.091269633333334,-49.8471347,90.13,13,0.0,0.0,straight
frame_179_lat--6.091290966666667_lon--49.84712533333333.png,20250810_115411_264431,-6.091290966666667,-49.84712533333333,91.48,7,0.0,0.0,straight
frame_180_lat--6.091312833333333_lon--49.84711613333333.png,20250810_115412_236630,-6.091312833333333,-49.84711613333333,88.85,7,0.0,0.0,straight
frame_181_lat--6.091333733333333_lon--49.847107533333336.png,20250810_115413_260602,-6.091333733333333,-49.847107533333336,86.36,7,0.0,0.0,straight
frame_182_lat--6.091352800000001_lon--49.8471.png,20250810_115414_227936,-6.091352800000001,-49.8471,84.09,7,0.0,0.0,straight
frame_183_lat--6.091369866666668_lon--49.84709360000001.png,20250810_115415_259777,-6.091369866666668,-49.84709360000001,82.08,7,0.0,0.0,straight
frame_184_lat--6.091385233333334_lon--49.847088033333335.png,20250810_115416_240486,-6.091385233333334,-49.847088033333335,80.28,7,0.0,0.0,straight
frame_185_lat--6.091399733333333_lon--49.847082799999995.png,20250810_115417_206090,-6.091399733333333,-49.8470828,78.58,7,5.9,31.17,straight
frame_186_lat--6.091414833333333_lon--49.8470773.png,20250810_115418_233375,-6.091414833333333,-49.8470773,76.8,7,0.0,0.0,straight
frame_187_lat--6.091431233333333_lon--49.84707139999999.png,20250810_115419_266486,-6.091431233333333,-49.84707139999999,74.88,7,0.0,0.0,straight
frame_188_lat--6.091448366666667_lon--49.84706526666666.png,20250810_115420_245245,-6.091448366666667,-49.84706526666666,72.88,7,0.0,0.0,straight
frame_189_lat--6.0914659333333345_lon--49.84705910000001.png,20250810_115421_209742,-6.091465933333335,-49.84705910000001,70.83,7,0.0,0.0,straight
frame_190_lat--6.0914845_lon--49.847052600000005.png,20250810_115422_265851,-6.0914845,-49.847052600000005,68.66,7,0.0,0.0,straight
frame_191_lat--6.091504433333333_lon--49.84704563333334.png,20250810_115423_257183,-6.091504433333333,-49.84704563333334,66.34,7,0.0,0.0,straight
frame_192_lat--6.091525333333333_lon--49.847038366666666.png,20250810_115424_229234,-6.091525333333333,-49.847038366666666,63.91,7,0.0,0.0,straight
frame_193_lat--6.091546533333333_lon--49.847030966666665.png,20250810_115425_269143,-6.091546533333333,-49.847030966666665,61.44,7,0.0,0.0,straight
frame_194_lat--6.0915678_lon--49.84702323333333.png,20250810_115426_227258,-6.0915678,-49.84702323333333,58.95,7,0.0,0.0,straight
frame_195_lat--6.091589233333334_lon--49.84701506666666.png,20250810_115427_264594,-6.091589233333334,-49.84701506666666,56.42,7,0.0,0.0,straight
frame_196_lat--6.0916109_lon--49.847006499999985.png,20250810_115428_236498,-6.0916109,-49.84700649999999,53.85,7,0.0,0.0,straight
frame_197_lat--6.0916327_lon--49.84699766666667.png,20250810_115429_263220,-6.0916327,-49.84699766666667,51.26,7,0.0,0.0,straight
frame_198_lat--6.0916546_lon--49.8469887.png,20250810_115430_237139,-6.0916546,-49.8469887,48.65,7,0.0,0.0,straight
frame_199_lat--6.091676699999999_lon--49.846979766666664.png,20250810_115431_283516,-6.091676699999999,-49.84697976666666,46.02,7,0.0,0.0,straight
frame_200_lat--6.091698966666667_lon--49.84697116666668.png,20250810_115432_248315,-6.091698966666667,-49.84697116666668,43.4,7,0.0,0.0,straight
frame_201_lat--6.091720966666666_lon--49.84696293333334.png,20250810_115433_227731,-6.091720966666666,-49.84696293333334,40.82,7,0.0,0.0,straight
frame_202_lat--6.091742366666667_lon--49.8469551.png,20250810_115434_251599,-6.091742366666667,-49.8469551,38.33,7,0.0,0.0,straight
frame_203_lat--6.091763733333332_lon--49.84694743333334.png,20250810_115435_211483,-6.091763733333332,-49.84694743333334,35.85,7,0.0,0.0,straight
frame_204_lat--6.0917865666666655_lon--49.84693953333334.png,20250810_115436_259628,-6.0917865666666655,-49.84693953333334,33.22,7,0.0,0.0,straight
frame_205_lat--6.091811599999999_lon--49.84693113333334.png,20250810_115437_234195,-6.091811599999999,-49.84693113333334,30.36,7,0.0,0.0,straight
frame_206_lat--6.091838233333333_lon--49.8469224.png,20250810_115438_265517,-6.091838233333333,-49.8469224,27.35,7,0.0,0.0,straight
frame_207_lat--6.0918654_lon--49.84691356666666.png,20250810_115439_241807,-6.0918654,-49.84691356666666,24.3,7,0.0,0.0,straight
frame_208_lat--6.091892_lon--49.846905.png,20250810_115440_322979,-6.091892,-49.846905,21.35,7,0.0,0.0,intersection
frame_209_lat--6.091916966666668_lon--49.846896900000004.png,20250810_115441_256609,-6.091916966666668,-49.8468969,18.62,7,0.0,0.0,intersection
frame_210_lat--6.091938433333333_lon--49.846889999999995.png,20250810_115442_228399,-6.091938433333333,-49.84689,16.33,7,0.0,0.0,intersection
frame_211_lat--6.091955666666665_lon--49.846884599999996.png,20250810_115443_259563,-6.091955666666665,-49.8468846,14.55,7,0.0,0.0,intersection
frame_212_lat--6.0919696666666665_lon--49.8468805.png,20250810_115444_233733,-6.0919696666666665,-49.8468805,13.17,7,0.0,0.0,intersection
frame_213_lat--6.091994166666666_lon--49.84687406666666.png,20250810_115446_145582,-6.091994166666666,-49.84687406666666,10.99,7,12.66,4.6,intersection
frame_214_lat--6.092007733333333_lon--49.84687073333333.png,20250810_115448_152847,-6.092007733333333,-49.84687073333333,9.94,7,5.29,4.52,intersection
frame_215_lat--6.0920252_lon--49.84687053333333.png,20250810_115507_158725,-6.0920252,-49.84687053333333,9.23,7,7.46,358.56,intersection
frame_216_lat--6.092040899999999_lon--49.84687799999999.png,20250810_115509_181655,-6.092040899999999,-49.84687799999999,9.76,7,8.95,350.1,intersection
frame_217_lat--6.0920549_lon--49.846899066666666.png,20250810_115511_234186,-6.0920549,-49.846899066666666,12.1,7,0.0,0.0,intersection
frame_218_lat--6.092061233333333_lon--49.84691506666667.png,20250810_115512_263437,-6.092061233333333,-49.84691506666667,13.93,7,0.0,0.0,intersection
frame_219_lat--6.092067233333333_lon--49.846934133333335.png,20250810_115513_238131,-6.092067233333333,-49.846934133333335,16.11,7,0.0,0.0,intersection
frame_220_lat--6.092073133333334_lon--49.8469554.png,20250810_115514_289603,-6.092073133333334,-49.8469554,18.54,7,0.0,0.0,intersection
frame_221_lat--6.092079133333334_lon--49.84697766666667.png,20250810_115515_250960,-6.092079133333334,-49.84697766666667,21.08,7,0.0,0.0,intersection
frame_222_lat--6.092085433333334_lon--49.84699996666667.png,20250810_115516_226248,-6.092085433333334,-49.84699996666667,23.63,7,0.0,0.0,straight
frame_223_lat--6.092092333333333_lon--49.847022.png,20250810_115517_262509,-6.092092333333333,-49.847022,26.17,7,0.0,0.0,straight
frame_224_lat--6.092099666666667_lon--49.84704406666667.png,20250810_115518_228160,-6.092099666666667,-49.84704406666667,28.72,7,0.0,0.0,straight
frame_225_lat--6.092106433333335_lon--49.84706683333333.png,20250810_115519_268458,-6.092106433333335,-49.84706683333333,31.34,7,0.0,0.0,straight
frame_226_lat--6.092112200000001_lon--49.84709103333334.png,20250810_115520_243385,-6.092112200000001,-49.84709103333334,34.09,7,0.0,0.0,straight
frame_227_lat--6.092117666666667_lon--49.847117366666666.png,20250810_115521_225607,-6.092117666666667,-49.847117366666666,35.06,9,0.0,0.0,straight
frame_228_lat--6.092123466666666_lon--49.84714623333333.png,20250810_115522_262823,-6.092123466666666,-49.84714623333333,31.8,9,0.0,0.0,straight
frame_229_lat--6.092129766666666_lon--49.847177699999996.png,20250810_115523_239218,-6.092129766666666,-49.8471777,28.26,9,0.0,0.0,straight
frame_230_lat--6.092136199999999_lon--49.84721123333333.png,20250810_115524_267141,-6.092136199999999,-49.84721123333333,24.49,9,0.0,0.0,straight
frame_231_lat--6.092142666666666_lon--49.84724553333333.png,20250810_115525_242617,-6.092142666666666,-49.84724553333333,20.65,9,0.0,0.0,intersection
frame_232_lat--6.092148933333332_lon--49.84727889999999.png,20250810_115526_246335,-6.092148933333332,-49.84727889999999,16.92,9,0.0,0.0,intersection
frame_233_lat--6.092154633333332_lon--49.84730953333333.png,20250810_115527_310083,-6.092154633333332,-49.84730953333333,13.51,9,0.0,0.0,intersection
frame_234_lat--6.092159633333333_lon--49.8473359.png,20250810_115528_248260,-6.092159633333333,-49.8473359,10.59,9,0.0,0.0,intersection
frame_235_lat--6.0921639_lon--49.84735763333334.png,20250810_115529_226161,-6.0921639,-49.84735763333334,8.21,9,0.0,0.0,intersection
frame_236_lat--6.0921671333333345_lon--49.8473743.png,20250810_115530_261623,-6.092167133333335,-49.8473743,6.42,9,0.0,0.0,intersection
frame_237_lat--6.092171166666667_lon--49.84739633333332.png,20250810_115532_161294,-6.092171166666667,-49.84739633333332,4.19,9,10.84,345.57,intersection
frame_238_lat--6.092174866666666_lon--49.847415866666665.png,20250810_115534_165987,-6.092174866666666,-49.847415866666665,2.61,9,11.48,345.55,intersection
frame_239_lat--6.092177766666667_lon--49.84742953333334.png,20250810_115535_237612,-6.092177766666667,-49.84742953333334,2.21,9,0.0,0.0,intersection
frame_240_lat--6.092181500000001_lon--49.84744646666667.png,20250810_115536_260383,-6.092181500000001,-49.84744646666667,3.02,9,0.0,0.0,intersection
frame_241_lat--6.092185833333334_lon--49.84746546666666.png,20250810_115537_241607,-6.092185833333334,-49.84746546666666,4.75,9,0.0,0.0,intersection
frame_242_lat--6.092190499999999_lon--49.8474858.png,20250810_115538_265028,-6.092190499999999,-49.8474858,6.88,9,0.0,0.0,intersection
frame_243_lat--6.092195433333333_lon--49.847507866666675.png,20250810_115539_240745,-6.092195433333333,-49.84750786666668,9.29,9,0.0,0.0,intersection
frame_244_lat--6.092200866666667_lon--49.8475321.png,20250810_115540_297384,-6.092200866666667,-49.8475321,11.97,9,0.0,0.0,intersection
frame_245_lat--6.092206966666668_lon--49.84755803333333.png,20250810_115541_257770,-6.092206966666668,-49.84755803333333,14.88,9,0.0,0.0,intersection
frame_246_lat--6.092213233333334_lon--49.84758436666666.png,20250810_115542_230631,-6.092213233333334,-49.84758436666666,17.84,9,0.0,0.0,intersection
frame_247_lat--6.0922190333333335_lon--49.847609.png,20250810_115543_237759,-6.0922190333333335,-49.847609,20.62,9,0.0,0.0,intersection
frame_248_lat--6.092224566666667_lon--49.8476332.png,20250810_115544_263517,-6.092224566666667,-49.8476332,23.36,9,0.0,0.0,straight
frame_249_lat--6.0922306_lon--49.847659566666664.png,20250810_115545_239165,-6.0922306,-49.84765956666666,26.34,9,0.0,0.0,straight
frame_250_lat--6.0922374_lon--49.84768909999999.png,20250810_115546_298837,-6.0922374,-49.84768909999999,29.68,9,0.0,0.0,straight
frame_251_lat--6.092244633333332_lon--49.84772066666666.png,20250810_115547_249897,-6.092244633333332,-49.84772066666666,33.26,9,0.0,0.0,straight
frame_252_lat--6.092252033333334_lon--49.847753.png,20250810_115548_248864,-6.092252033333334,-49.847753,34.24,10,0.0,0.0,straight
frame_253_lat--6.092259299999999_lon--49.8477851.png,20250810_115549_324281,-6.092259299999999,-49.8477851,30.6,10,0.0,0.0,straight
frame_254_lat--6.092266333333332_lon--49.847816466666664.png,20250810_115550_259251,-6.092266333333332,-49.84781646666666,27.05,10,0.0,0.0,straight
frame_255_lat--6.092273266666667_lon--49.84784689999999.png,20250810_115551_236790,-6.092273266666667,-49.84784689999999,23.6,10,0.0,0.0,straight
frame_256_lat--6.092280100000001_lon--49.84787636666666.png,20250810_115552_295532,-6.092280100000001,-49.84787636666666,20.26,10,0.0,0.0,intersection
frame_257_lat--6.092286566666668_lon--49.8479049.png,20250810_115553_222345,-6.092286566666668,-49.8479049,17.04,10,0.0,0.0,intersection
frame_258_lat--6.092292566666667_lon--49.847932699999994.png,20250810_115554_264065,-6.092292566666667,-49.8479327,13.91,10,0.0,0.0,intersection
frame_259_lat--6.0922983_lon--49.84795973333333.png,20250810_115555_234439,-6.0922983,-49.84795973333333,10.89,10,0.0,0.0,intersection
frame_260_lat--6.092304033333333_lon--49.84798586666666.png,20250810_115556_246962,-6.092304033333333,-49.84798586666666,7.98,10,0.0,0.0,intersection
frame_261_lat--6.092309833333333_lon--49.8480114.png,20250810_115557_207388,-6.092309833333333,-49.8480114,5.19,10,0.0,0.0,intersection
frame_262_lat--6.0923156_lon--49.848036333333326.png,20250810_115558_247921,-6.0923156,-49.848036333333326,2.69,10,0.0,0.0,intersection
frame_263_lat--6.092321233333334_lon--49.848060666666676.png,20250810_115559_293286,-6.092321233333334,-49.84806066666668,1.86,10,0.0,0.0,intersection
frame_264_lat--6.092326766666668_lon--49.84808446666667.png,20250810_115600_246153,-6.092326766666668,-49.84808446666667,3.81,10,0.0,0.0,intersection
frame_265_lat--6.092332066666666_lon--49.848108233333335.png,20250810_115601_327585,-6.092332066666666,-49.848108233333335,6.34,10,0.0,0.0,intersection
frame_266_lat--6.092337033333332_lon--49.84813253333333.png,20250810_115602_267532,-6.092337033333332,-49.84813253333333,9.03,10,0.0,0.0,intersection
frame_267_lat--6.092341966666666_lon--49.84815786666667.png,20250810_115603_244201,-6.092341966666666,-49.84815786666667,11.85,10,0.0,0.0,intersection
frame_268_lat--6.092347433333333_lon--49.8481844.png,20250810_115604_208335,-6.092347433333333,-49.8481844,14.83,10,0.0,0.0,intersection
frame_269_lat--6.092354_lon--49.848212066666655.png,20250810_115605_233095,-6.092354,-49.848212066666655,17.95,10,0.0,0.0,intersection
frame_270_lat--6.092361566666667_lon--49.848240499999996.png,20250810_115606_282114,-6.092361566666667,-49.8482405,21.18,10,0.0,0.0,intersection
frame_271_lat--6.092369566666667_lon--49.848269200000004.png,20250810_115607_245063,-6.092369566666667,-49.8482692,24.45,10,0.0,0.0,straight
frame_272_lat--6.0923777333333335_lon--49.84829776666667.png,20250810_115608_315396,-6.0923777333333335,-49.84829776666667,27.72,10,0.0,0.0,straight
frame_273_lat--6.092386066666667_lon--49.848326166666666.png,20250810_115609_261340,-6.092386066666667,-49.848326166666666,30.98,10,0.0,0.0,straight
frame_274_lat--6.092394666666666_lon--49.848354566666664.png,20250810_115610_241193,-6.092394666666666,-49.84835456666666,31.34,1,0.0,0.0,straight
frame_275_lat--6.092403566666666_lon--49.84838316666667.png,20250810_115611_313088,-6.092403566666666,-49.84838316666667,28.07,1,0.0,0.0,straight
frame_276_lat--6.092412733333333_lon--49.84841193333334.png,20250810_115612_252065,-6.092412733333333,-49.84841193333334,24.79,1,0.0,0.0,straight
frame_277_lat--6.0924220333333325_lon--49.848440633333325.png,20250810_115613_223690,-6.0924220333333325,-49.848440633333325,21.52,1,0.0,0.0,intersection
frame_278_lat--6.092431166666666_lon--49.848469133333346.png,20250810_115614_260026,-6.092431166666666,-49.84846913333335,18.3,1,0.0,0.0,intersection
frame_279_lat--6.092440366666667_lon--49.84849723333334.png,20250810_115615_229526,-6.092440366666667,-49.84849723333334,15.16,1,0.0,0.0,intersection
frame_280_lat--6.092449866666667_lon--49.848524633333334.png,20250810_115616_264290,-6.092449866666667,-49.84852463333333,12.13,1,0.0,0.0,intersection
frame_281_lat--6.0924599_lon--49.84855116666667.png,20250810_115617_240018,-6.0924599,-49.84855116666667,9.23,1,0.0,0.0,intersection
frame_282_lat--6.092469866666667_lon--49.84857589999999.png,20250810_115618_266786,-6.092469866666667,-49.84857589999999,6.68,1,0.0,0.0,intersection
frame_283_lat--6.0924789666666666_lon--49.84859766666667.png,20250810_115619_241823,-6.0924789666666666,-49.84859766666667,4.79,1,0.0,0.0,intersection
frame_284_lat--6.092486533333333_lon--49.84861526666666.png,20250810_115620_307165,-6.092486533333333,-49.84861526666666,3.9,1,0.0,0.0,intersection
frame_285_lat--6.0924924_lon--49.84862843333333.png,20250810_115621_241963,-6.0924924,-49.84862843333333,3.89,1,0.0,0.0,intersection
frame_286_lat--6.092501199999999_lon--49.84864553333332.png,20250810_115623_130592,-6.092501199999999,-49.84864553333332,4.7,1,9.55,346.01,intersection
frame_287_lat--6.0925107_lon--49.848659899999994.png,20250810_115625_141597,-6.0925107,-49.8486599,5.86,1,7.98,346.54,intersection
frame_288_lat--6.092531566666667_lon--49.84867416666667.png,20250810_115630_186550,-6.092531566666667,-49.84867416666667,7.42,1,11.67,352.32,intersection
frame_289_lat--6.092546066666666_lon--49.848677566666666.png,20250810_115631_245654,-6.092546066666666,-49.848677566666666,8.18,1,0.0,0.0,intersection
frame_290_lat--6.092561533333333_lon--49.84867856666666.png,20250810_115632_310033,-6.092561533333333,-49.84867856666666,9.01,1,0.0,0.0,intersection
frame_291_lat--6.0925764000000004_lon--49.8486772.png,20250810_115633_243309,-6.0925764,-49.8486772,9.81,1,0.0,0.0,intersection
frame_292_lat--6.092591033333332_lon--49.848673533333326.png,20250810_115634_296298,-6.092591033333332,-49.848673533333326,10.61,1,0.0,0.0,intersection
frame_293_lat--6.092606766666665_lon--49.8486673.png,20250810_115635_250403,-6.092606766666665,-49.8486673,11.53,1,0.0,0.0,intersection
frame_294_lat--6.0926241_lon--49.84865850000001.png,20250810_115636_223426,-6.0926241,-49.84865850000001,12.7,1,0.0,0.0,intersection
frame_295_lat--6.092642166666667_lon--49.848647633333336.png,20250810_115637_256666,-6.092642166666667,-49.848647633333336,14.1,1,0.0,0.0,intersection
frame_296_lat--6.0926599999999995_lon--49.8486354.png,20250810_115638_230056,-6.09266,-49.8486354,15.67,1,0.0,0.0,intersection
frame_297_lat--6.092677266666667_lon--49.84862223333333.png,20250810_115639_266326,-6.092677266666667,-49.84862223333333,17.35,1,0.0,0.0,intersection
frame_298_lat--6.0926941333333335_lon--49.84860823333334.png,20250810_115640_242879,-6.0926941333333335,-49.84860823333334,19.15,1,0.0,0.0,intersection
frame_299_lat--6.092710566666666_lon--49.84859333333333.png,20250810_115641_211406,-6.092710566666666,-49.84859333333333,21.03,1,8.64,41.49,intersection
frame_300_lat--6.092726033333332_lon--49.848578399999994.png,20250810_115642_260389,-6.092726033333332,-49.8485784,22.91,1,0.0,0.0,intersection
frame_301_lat--6.092740833333333_lon--49.84856426666666.png,20250810_115643_238288,-6.092740833333333,-49.84856426666666,24.79,1,0.0,0.0,straight
frame_302_lat--6.092755633333334_lon--49.848550866666656.png,20250810_115644_310282,-6.092755633333334,-49.848550866666656,26.71,1,0.0,0.0,straight
frame_303_lat--6.0927709_lon--49.8485375.png,20250810_115645_253778,-6.0927709,-49.8485375,28.72,1,0.0,0.0,straight
frame_304_lat--6.092786599999999_lon--49.84852393333333.png,20250810_115646_212907,-6.092786599999999,-49.84852393333333,30.81,1,8.14,41.31,straight
frame_305_lat--6.092802666666666_lon--49.84851020000001.png,20250810_115647_237275,-6.092802666666666,-49.84851020000001,32.98,1,0.0,0.0,straight
frame_306_lat--6.092818933333334_lon--49.8484964.png,20250810_115648_268553,-6.092818933333334,-49.8484964,35.19,1,0.0,0.0,straight
frame_307_lat--6.092835400000001_lon--49.848482566666675.png,20250810_115649_235815,-6.092835400000001,-49.84848256666668,37.44,1,0.0,0.0,straight
frame_308_lat--6.092851933333333_lon--49.848468600000004.png,20250810_115650_259800,-6.092851933333333,-49.8484686,39.72,1,0.0,0.0,straight
frame_309_lat--6.092868533333333_lon--49.8484543.png,20250810_115651_234168,-6.092868533333333,-49.8484543,42.03,1,0.0,0.0,straight
frame_310_lat--6.092885433333333_lon--49.84843986666667.png,20250810_115652_248410,-6.092885433333333,-49.84843986666667,44.39,1,0.0,0.0,straight
frame_311_lat--6.092903099999999_lon--49.848425466666676.png,20250810_115653_297560,-6.092903099999999,-49.84842546666668,46.84,1,0.0,0.0,straight
frame_312_lat--6.092921633333333_lon--49.848410933333334.png,20250810_115654_249228,-6.092921633333333,-49.84841093333333,49.38,1,0.0,0.0,straight
frame_313_lat--6.092940733333333_lon--49.84839566666667.png,20250810_115655_223198,-6.092940733333333,-49.84839566666667,52.03,1,0.0,0.0,straight
frame_314_lat--6.092960166666666_lon--49.84837936666666.png,20250810_115656_262171,-6.092960166666666,-49.84837936666666,53.96,2,0.0,0.0,straight
frame_315_lat--6.092979833333333_lon--49.84836213333333.png,20250810_115657_251259,-6.092979833333333,-49.84836213333333,51.1,2,0.0,0.0,straight
frame_316_lat--6.092999966666666_lon--49.84834436666667.png,20250810_115658_233484,-6.092999966666666,-49.84834436666667,48.16,2,0.0,0.0,straight
frame_317_lat--6.093020599999999_lon--49.84832613333333.png,20250810_115659_295142,-6.093020599999999,-49.84832613333333,45.16,2,0.0,0.0,straight
frame_318_lat--6.0930416_lon--49.84830766666666.png,20250810_115700_238521,-6.0930416,-49.84830766666666,42.12,2,0.0,0.0,straight
frame_319_lat--6.093062466666667_lon--49.848289466666664.png,20250810_115701_264547,-6.093062466666667,-49.84828946666666,39.12,2,0.0,0.0,straight
frame_320_lat--6.093082633333333_lon--49.848272300000005.png,20250810_115702_259103,-6.093082633333333,-49.848272300000005,36.26,2,0.0,0.0,straight
frame_321_lat--6.093100399999999_lon--49.8482575.png,20250810_115703_236158,-6.093100399999999,-49.8482575,33.79,2,0.0,0.0,straight
frame_322_lat--6.093116_lon--49.84824476666667.png,20250810_115704_265927,-6.093116,-49.84824476666667,31.65,2,0.0,0.0,straight
frame_323_lat--6.093130700000001_lon--49.848232599999996.png,20250810_115705_234036,-6.093130700000001,-49.8482326,29.64,2,0.0,0.0,straight
frame_324_lat--6.093145866666667_lon--49.848219666666665.png,20250810_115706_270750,-6.093145866666667,-49.848219666666665,27.53,2,0.0,0.0,straight
frame_325_lat--6.093161366666666_lon--49.848206133333335.png,20250810_115707_259168,-6.093161366666666,-49.848206133333335,25.37,2,0.0,0.0,straight
frame_326_lat--6.093176333333332_lon--49.848192700000006.png,20250810_115708_233737,-6.093176333333332,-49.848192700000006,23.27,2,0.0,0.0,straight
frame_327_lat--6.0931899666666665_lon--49.848179966666656.png,20250810_115709_300313,-6.0931899666666665,-49.848179966666656,21.33,2,0.0,0.0,intersection
frame_328_lat--6.093201433333332_lon--49.84816903333333.png,20250810_115710_252917,-6.093201433333332,-49.84816903333333,19.7,2,0.0,0.0,intersection
frame_329_lat--6.093215766666665_lon--49.84815506666666.png,20250810_115712_162552,-6.093215766666665,-49.84815506666666,17.65,2,8.63,12.01,intersection
frame_330_lat--6.0932262999999995_lon--49.84814543333333.png,20250810_115841_098330,-6.0932263,-49.84814543333333,16.24,2,2.98,12.5,intersection
frame_331_lat--6.093238933333333_lon--49.84813083333333.png,20250810_115843_112248,-6.093238933333333,-49.84813083333333,14.28,2,10.96,12.8,intersection
frame_332_lat--6.093250666666666_lon--49.84811553333333.png,20250810_115845_126960,-6.093250666666666,-49.84811553333333,12.31,2,9.53,13.27,intersection
frame_333_lat--6.093262566666667_lon--49.848097433333336.png,20250810_115847_137770,-6.093262566666667,-49.848097433333336,10.1,2,12.92,13.69,intersection
frame_334_lat--6.093275433333333_lon--49.8480771.png,20250810_115849_142082,-6.093275433333333,-49.8480771,7.76,2,12.38,13.63,intersection
frame_335_lat--6.093294_lon--49.84805540000001.png,20250810_115851_254806,-6.093294,-49.84805540000001,5.75,2,0.0,0.0,intersection
frame_336_lat--6.093306666666665_lon--49.848043133333334.png,20250810_115852_317568,-6.093306666666665,-49.84804313333333,5.32,2,0.0,0.0,intersection
frame_337_lat--6.093321033333333_lon--49.84803043333333.png,20250810_115853_245905,-6.093321033333333,-49.84803043333333,5.71,2,0.0,0.0,intersection
frame_338_lat--6.0933374_lon--49.848016933333334.png,20250810_115854_262619,-6.0933374,-49.84801693333333,6.99,2,0.0,0.0,intersection
frame_339_lat--6.093355866666667_lon--49.8480024.png,20250810_115855_232025,-6.093355866666667,-49.8480024,8.96,2,0.0,0.0,intersection
frame_340_lat--6.093375966666667_lon--49.84798706666666.png,20250810_115856_263497,-6.093375966666667,-49.84798706666666,11.38,2,0.0,0.0,intersection
frame_341_lat--6.093397100000002_lon--49.847971466666664.png,20250810_115857_225957,-6.093397100000002,-49.84797146666666,14.06,2,0.0,0.0,intersection
frame_342_lat--6.093419066666668_lon--49.84795536666666.png,20250810_115858_263201,-6.093419066666668,-49.84795536666666,16.93,2,0.0,0.0,intersection
frame_343_lat--6.0934416_lon--49.847938733333336.png,20250810_115859_235321,-6.0934416,-49.847938733333336,19.91,2,0.0,0.0,intersection
frame_344_lat--6.0934642666666665_lon--49.84792183333333.png,20250810_115900_271178,-6.0934642666666665,-49.84792183333333,22.96,2,0.0,0.0,intersection
frame_345_lat--6.093487099999999_lon--49.84790483333333.png,20250810_115901_242332,-6.093487099999999,-49.84790483333333,26.04,2,0.0,0.0,straight
frame_346_lat--6.093509533333334_lon--49.8478878.png,20250810_115902_216835,-6.093509533333334,-49.8478878,29.1,2,0.0,0.0,straight
frame_347_lat--6.0935312999999995_lon--49.84787096666667.png,20250810_115903_262395,-6.0935313,-49.84787096666667,32.1,2,0.0,0.0,straight
frame_348_lat--6.0935530999999985_lon--49.847853966666676.png,20250810_115904_226841,-6.093553099999999,-49.84785396666668,35.11,2,0.0,0.0,straight
frame_349_lat--6.093575599999999_lon--49.8478362.png,20250810_115905_262030,-6.093575599999999,-49.8478362,38.24,2,0.0,0.0,straight
frame_350_lat--6.093598633333333_lon--49.847817899999995.png,20250810_115906_241200,-6.093598633333333,-49.8478179,41.46,2,0.0,0.0,straight
frame_351_lat--6.0936216000000005_lon--49.84779943333333.png,20250810_115907_309188,-6.0936216000000005,-49.84779943333333,44.69,2,0.0,0.0,straight
frame_352_lat--6.093644433333333_lon--49.847780833333346.png,20250810_115908_255089,-6.093644433333333,-49.84778083333335,47.92,2,0.0,0.0,straight
frame_353_lat--6.093668033333334_lon--49.847761866666666.png,20250810_115909_235639,-6.093668033333334,-49.847761866666666,51.24,2,0.0,0.0,straight
frame_354_lat--6.093693_lon--49.84774243333333.png,20250810_115910_268180,-6.093693,-49.84774243333333,50.05,6,0.0,0.0,straight
frame_355_lat--6.0937190999999995_lon--49.847722899999994.png,20250810_115911_243891,-6.0937191,-49.8477229,46.46,6,0.0,0.0,straight
frame_356_lat--6.093745733333333_lon--49.84770386666666.png,20250810_115912_323602,-6.093745733333333,-49.84770386666666,42.88,6,0.0,0.0,straight
frame_357_lat--6.093772333333333_lon--49.84768553333333.png,20250810_115913_249908,-6.093772333333333,-49.84768553333333,39.37,6,0.0,0.0,straight
frame_358_lat--6.093798433333333_lon--49.8476674.png,20250810_115914_223641,-6.093798433333333,-49.8476674,35.92,6,0.0,0.0,straight
frame_359_lat--6.093824033333333_lon--49.847649233333335.png,20250810_115915_266333,-6.093824033333333,-49.847649233333335,32.52,6,0.0,0.0,straight
frame_360_lat--6.093849466666667_lon--49.84763123333333.png,20250810_115916_228289,-6.093849466666667,-49.84763123333333,29.16,6,0.0,0.0,straight
frame_361_lat--6.093874666666667_lon--49.8476142.png,20250810_115917_248873,-6.093874666666667,-49.8476142,25.93,6,0.0,0.0,straight
frame_362_lat--6.093898366666667_lon--49.84759906666667.png,20250810_115918_252811,-6.093898366666667,-49.84759906666667,23.0,6,0.0,0.0,intersection
frame_363_lat--6.093919600000001_lon--49.84758636666667.png,20250810_115919_313180,-6.093919600000001,-49.84758636666667,20.5,6,0.0,0.0,intersection
frame_364_lat--6.093939600000001_lon--49.84757493333333.png,20250810_115920_261917,-6.093939600000001,-49.84757493333333,18.26,6,0.0,0.0,intersection
frame_365_lat--6.093960066666666_lon--49.8475626.png,20250810_115921_235037,-6.093960066666666,-49.8475626,16.0,6,0.0,0.0,intersection
frame_366_lat--6.093980833333333_lon--49.8475478.png,20250810_115922_259817,-6.093980833333333,-49.8475478,13.6,6,0.0,0.0,intersection
frame_367_lat--6.094_lon--49.84753016666666.png,20250810_115923_230099,-6.094,-49.84753016666666,11.14,6,0.0,0.0,intersection
frame_368_lat--6.0940145333333335_lon--49.847509133333325.png,20250810_115924_270087,-6.0940145333333335,-49.847509133333325,8.58,6,0.0,0.0,intersection
frame_369_lat--6.094021499999999_lon--49.84748523333333.png,20250810_115925_242413,-6.094021499999999,-49.84748523333333,5.89,6,0.0,0.0,intersection
frame_370_lat--6.0940209_lon--49.84745946666667.png,20250810_115926_308641,-6.0940209,-49.84745946666667,3.04,6,0.0,0.0,intersection
frame_371_lat--6.094014833333334_lon--49.84743213333333.png,20250810_115927_254134,-6.094014833333334,-49.84743213333333,0.79,6,0.0,0.0,intersection
frame_372_lat--6.094004733333333_lon--49.84740226666666.png,20250810_115928_225073,-6.094004733333333,-49.84740226666666,3.81,6,0.0,0.0,intersection
frame_373_lat--6.093991366666666_lon--49.84736916666667.png,20250810_115929_264809,-6.093991366666666,-49.84736916666667,7.74,6,0.0,0.0,intersection
frame_374_lat--6.0939758_lon--49.847332800000004.png,20250810_115930_239688,-6.0939758,-49.8473328,12.11,6,0.0,0.0,intersection
frame_375_lat--6.0939597999999995_lon--49.847294166666664.png,20250810_115931_261982,-6.0939598,-49.84729416666666,16.74,6,0.0,0.0,intersection
frame_376_lat--6.0939445333333335_lon--49.84725533333334.png,20250810_115932_229987,-6.0939445333333335,-49.84725533333334,21.35,6,0.0,0.0,intersection
frame_377_lat--6.0939306333333345_lon--49.84721876666667.png,20250810_115933_254956,-6.093930633333335,-49.84721876666667,25.68,6,0.0,0.0,straight
frame_378_lat--6.0939183_lon--49.84718613333333.png,20250810_115934_261322,-6.0939183,-49.84718613333333,23.54,5,0.0,0.0,straight
frame_379_lat--6.093907233333333_lon--49.847157266666656.png,20250810_115935_232972,-6.093907233333333,-49.847157266666656,20.14,5,0.0,0.0,intersection
frame_380_lat--6.093896633333332_lon--49.8471314.png,20250810_115936_283053,-6.093896633333332,-49.8471314,17.06,5,0.0,0.0,intersection
frame_381_lat--6.093886299999999_lon--49.84710906666667.png,20250810_115937_243606,-6.093886299999999,-49.84710906666667,14.34,5,0.0,0.0,intersection
frame_382_lat--6.093877300000001_lon--49.84709183333333.png,20250810_115938_205541,-6.093877300000001,-49.84709183333333,12.19,5,0.0,0.0,intersection
frame_383_lat--6.0938697_lon--49.847078933333336.png,20250810_115939_250844,-6.0938697,-49.847078933333336,10.53,5,0.0,0.0,intersection
frame_384_lat--6.093861866666667_lon--49.84706753333334.png,20250810_115940_114425,-6.093861866666667,-49.84706753333334,9.01,5,13.44,10.21,intersection
frame_385_lat--6.093851033333334_lon--49.84705623333333.png,20250810_115941_251263,-6.093851033333334,-49.84705623333333,7.35,5,0.0,0.0,intersection
frame_386_lat--6.093835533333333_lon--49.847045666666666.png,20250810_115942_231030,-6.093835533333333,-49.847045666666666,5.67,5,0.0,0.0,intersection
frame_387_lat--6.093814366666667_lon--49.8470375.png,20250810_115943_243743,-6.093814366666667,-49.8470375,4.69,5,0.0,0.0,intersection
frame_388_lat--6.0937871_lon--49.84703423333333.png,20250810_115944_320924,-6.0937871,-49.84703423333333,5.8,5,0.0,0.0,intersection
frame_389_lat--6.0937554333333335_lon--49.84703753333334.png,20250810_115945_260231,-6.0937554333333335,-49.84703753333334,8.77,5,0.0,0.0,intersection
frame_390_lat--6.093721100000001_lon--49.84704700000001.png,20250810_115946_229309,-6.093721100000001,-49.84704700000001,12.6,5,0.0,0.0,intersection
frame_391_lat--6.093684400000001_lon--49.84706073333333.png,20250810_115947_285415,-6.093684400000001,-49.84706073333333,16.92,5,0.0,0.0,intersection
frame_392_lat--6.093645366666667_lon--49.84707673333334.png,20250810_115948_243186,-6.093645366666667,-49.84707673333334,21.58,5,0.0,0.0,intersection
frame_393_lat--6.093605833333333_lon--49.84709336666667.png,20250810_115949_284968,-6.093605833333333,-49.84709336666667,26.32,5,0.0,0.0,straight
frame_394_lat--6.093567166666666_lon--49.84710996666667.png,20250810_115950_250451,-6.093567166666666,-49.84710996666667,30.98,5,0.0,0.0,straight
frame_395_lat--6.093529566666666_lon--49.8471264.png,20250810_115951_231071,-6.093529566666666,-49.8471264,31.47,4,0.0,0.0,straight
frame_396_lat--6.093493366666666_lon--49.8471421.png,20250810_115952_298985,-6.093493366666666,-49.8471421,27.19,4,0.0,0.0,straight
frame_397_lat--6.093459166666666_lon--49.84715616666667.png,20250810_115953_248055,-6.093459166666666,-49.84715616666667,23.2,4,0.0,0.0,straight
frame_398_lat--6.093427766666666_lon--49.8471681.png,20250810_115954_206959,-6.093427766666666,-49.8471681,19.57,4,0.0,0.0,intersection
frame_399_lat--6.0933999_lon--49.847178099999994.png,20250810_115955_259341,-6.0933999,-49.8471781,16.4,4,0.0,0.0,intersection
frame_400_lat--6.093375066666667_lon--49.84718646666666.png,20250810_115956_233353,-6.093375066666667,-49.84718646666666,13.61,4,0.0,0.0,intersection
frame_401_lat--6.093351133333333_lon--49.847193999999995.png,20250810_115957_261224,-6.093351133333333,-49.847194,10.98,4,0.0,0.0,intersection
frame_402_lat--6.0933254_lon--49.847201899999995.png,20250810_115958_235552,-6.0933254,-49.8472019,8.24,4,0.0,0.0,intersection
frame_403_lat--6.0932965_lon--49.84721076666666.png,20250810_115959_296783,-6.0932965,-49.84721076666666,5.48,4,0.0,0.0,intersection
frame_404_lat--6.093264366666667_lon--49.84722073333333.png,20250810_120000_253985,-6.093264366666667,-49.84722073333333,3.77,4,0.0,0.0,intersection
frame_405_lat--6.0932290333333325_lon--49.84723193333333.png,20250810_120001_225359,-6.0932290333333325,-49.84723193333333,5.39,4,0.0,0.0,intersection
frame_406_lat--6.093189933333333_lon--49.8472445.png,20250810_120002_259250,-6.093189933333333,-49.8472445,9.21,4,0.0,0.0,intersection
frame_407_lat--6.093147666666667_lon--49.84725783333333.png,20250810_120003_227670,-6.093147666666667,-49.84725783333333,13.83,4,0.0,0.0,intersection
frame_408_lat--6.093103966666667_lon--49.84727083333333.png,20250810_120004_247766,-6.093103966666667,-49.84727083333333,18.71,4,0.0,0.0,intersection
frame_409_lat--6.093059666666667_lon--49.84728319999999.png,20250810_120005_208940,-6.093059666666667,-49.84728319999999,23.69,4,0.0,0.0,straight
frame_410_lat--6.093014966666667_lon--49.8472951.png,20250810_120006_243043,-6.093014966666667,-49.8472951,28.72,4,0.0,0.0,straight
frame_411_lat--6.092970133333333_lon--49.847306633333325.png,20250810_120007_292723,-6.092970133333333,-49.847306633333325,33.78,4,0.0,0.0,straight
frame_412_lat--6.092925266666667_lon--49.84731763333333.png,20250810_120008_246747,-6.092925266666667,-49.84731763333333,38.84,4,0.0,0.0,straight
frame_413_lat--6.0928802_lon--49.847327799999995.png,20250810_120009_307765,-6.0928802,-49.8473278,43.89,4,0.0,0.0,straight
frame_414_lat--6.092834333333334_lon--49.8473375.png,20250810_120010_227506,-6.092834333333334,-49.8473375,49.03,4,0.0,0.0,straight
frame_415_lat--6.092787333333332_lon--49.84734736666667.png,20250810_120011_259374,-6.092787333333332,-49.84734736666667,54.29,4,0.0,0.0,straight
frame_416_lat--6.0927395666666655_lon--49.84735770000001.png,20250810_120012_306534,-6.0927395666666655,-49.84735770000001,59.67,4,0.0,0.0,straight
frame_417_lat--6.092691633333334_lon--49.84736863333334.png,20250810_120013_249225,-6.092691633333334,-49.84736863333334,55.04,9,0.0,0.0,straight
frame_418_lat--6.092643900000001_lon--49.84738036666668.png,20250810_120014_320732,-6.092643900000001,-49.84738036666668,49.66,9,0.0,0.0,straight
frame_419_lat--6.092596666666667_lon--49.84739286666667.png,20250810_120015_246271,-6.092596666666667,-49.84739286666667,44.33,9,0.0,0.0,straight
frame_420_lat--6.092550233333332_lon--49.84740523333333.png,20250810_120016_305212,-6.092550233333332,-49.84740523333333,39.12,9,0.0,0.0,straight
frame_421_lat--6.092504700000001_lon--49.84741663333333.png,20250810_120017_245942,-6.092504700000001,-49.84741663333333,34.04,9,0.0,0.0,straight
frame_422_lat--6.092459833333334_lon--49.8474269.png,20250810_120018_325036,-6.092459833333334,-49.8474269,29.07,9,0.0,0.0,straight
frame_423_lat--6.0924156_lon--49.84743636666667.png,20250810_120019_264615,-6.0924156,-49.84743636666667,24.21,9,0.0,0.0,straight
frame_424_lat--6.092372699999999_lon--49.84744513333334.png,20250810_120020_237064,-6.092372699999999,-49.84744513333334,19.57,9,0.0,0.0,intersection
frame_425_lat--6.092332699999999_lon--49.847453400000006.png,20250810_120021_296488,-6.092332699999999,-49.847453400000006,15.36,9,0.0,0.0,intersection
frame_426_lat--6.0922987666666675_lon--49.84746096666667.png,20250810_120022_252280,-6.092298766666668,-49.84746096666667,11.97,9,0.0,0.0,intersection
frame_427_lat--6.092273666666667_lon--49.847467233333326.png,20250810_120023_229564,-6.092273666666667,-49.847467233333326,9.74,9,0.0,0.0,intersection
frame_428_lat--6.092254866666667_lon--49.8474734.png,20250810_120024_267946,-6.092254866666667,-49.8474734,8.42,9,0.0,0.0,intersection
frame_429_lat--6.092238999999999_lon--49.847482166666666.png,20250810_120025_261557,-6.092238999999999,-49.847482166666666,7.94,9,0.0,0.0,intersection
frame_430_lat--6.092225266666665_lon--49.84749546666667.png,20250810_120026_231485,-6.092225266666665,-49.84749546666667,8.51,9,0.0,0.0,intersection
frame_431_lat--6.0922155_lon--49.8475132.png,20250810_120027_271204,-6.0922155,-49.8475132,10.08,9,0.0,0.0,intersection
frame_432_lat--6.0922107_lon--49.847534399999994.png,20250810_120028_237767,-6.0922107,-49.8475344,12.31,9,0.0,0.0,intersection
frame_433_lat--6.092210433333333_lon--49.84755889999999.png,20250810_120029_257310,-6.092210433333333,-49.84755889999999,15.01,9,0.0,0.0,intersection
frame_434_lat--6.092213966666667_lon--49.84758686666667.png,20250810_120030_288991,-6.092213966666667,-49.84758686666667,18.13,9,0.0,0.0,intersection
frame_435_lat--6.0922206_lon--49.84761846666667.png,20250810_120031_230565,-6.0922206,-49.84761846666667,21.68,9,0.0,0.0,intersection
frame_436_lat--6.092229533333333_lon--49.84765376666667.png,20250810_120032_252036,-6.092229533333333,-49.84765376666667,25.69,9,0.0,0.0,straight
frame_437_lat--6.0922391000000005_lon--49.84769033333333.png,20250810_120033_229223,-6.0922391000000005,-49.84769033333333,29.85,9,0.0,0.0,straight
frame_438_lat--6.092248100000001_lon--49.84772666666667.png,20250810_120034_255741,-6.092248100000001,-49.84772666666667,33.98,9,0.0,0.0,straight
frame_439_lat--6.092256666666667_lon--49.84776383333333.png,20250810_120035_308032,-6.092256666666667,-49.84776383333333,32.95,10,0.0,0.0,straight
frame_440_lat--6.092265566666666_lon--49.847803799999994.png,20250810_120036_244328,-6.092265566666666,-49.8478038,28.42,10,0.0,0.0,straight
frame_441_lat--6.0922749_lon--49.84784583333333.png,20250810_120037_296286,-6.0922749,-49.84784583333333,23.66,10,0.0,0.0,straight
frame_442_lat--6.092284133333333_lon--49.84788706666667.png,20250810_120038_250755,-6.092284133333333,-49.84788706666667,19.0,10,0.0,0.0,intersection
frame_443_lat--6.0922927_lon--49.8479252.png,20250810_120039_220061,-6.0922927,-49.8479252,14.69,10,0.0,0.0,intersection
frame_444_lat--6.092300733333333_lon--49.84795953333333.png,20250810_120040_257826,-6.092300733333333,-49.84795953333333,10.81,10,0.0,0.0,intersection
frame_445_lat--6.092308300000001_lon--49.847991199999996.png,20250810_120041_232069,-6.092308300000001,-49.8479912,7.25,10,0.0,0.0,intersection
frame_446_lat--6.0923153999999995_lon--49.84802186666667.png,20250810_120042_254764,-6.0923154,-49.84802186666667,3.89,10,0.0,0.0,intersection
frame_447_lat--6.092322366666666_lon--49.848053199999995.png,20250810_120043_226996,-6.092322366666666,-49.8480532,1.42,10,0.0,0.0,intersection
frame_448_lat--6.092329633333334_lon--49.84808579999999.png,20250810_120044_252721,-6.092329633333334,-49.84808579999999,3.9,10,0.0,0.0,intersection
frame_449_lat--6.092337666666666_lon--49.8481201.png,20250810_120045_278440,-6.092337666666666,-49.8481201,7.65,10,0.0,0.0,intersection
frame_450_lat--6.0923466_lon--49.8481563.png,20250810_120046_243804,-6.0923466,-49.8481563,11.73,10,0.0,0.0,intersection
frame_451_lat--6.0923563666666665_lon--49.84819473333333.png,20250810_120047_212930,-6.0923563666666665,-49.84819473333333,16.09,10,0.0,0.0,intersection
frame_452_lat--6.0923667_lon--49.84823563333333.png,20250810_120048_252699,-6.0923667,-49.84823563333333,20.74,10,0.0,0.0,intersection
frame_453_lat--6.092377566666667_lon--49.84827849999999.png,20250810_120049_227031,-6.092377566666667,-49.84827849999999,25.62,10,0.0,0.0,straight
frame_454_lat--6.0923891_lon--49.84832250000001.png,20250810_120050_252218,-6.0923891,-49.84832250000001,30.64,10,0.0,0.0,straight
frame_455_lat--6.092401166666666_lon--49.84836690000001.png,20250810_120051_217486,-6.092401166666666,-49.84836690000001,29.8,1,0.0,0.0,straight
frame_456_lat--6.092413066666666_lon--49.8484098.png,20250810_120052_251362,-6.092413066666666,-49.8484098,24.98,1,0.0,0.0,straight
frame_457_lat--6.092424666666666_lon--49.84844963333334.png,20250810_120053_228957,-6.092424666666666,-49.84844963333334,20.51,1,0.0,0.0,intersection
frame_458_lat--6.092436666666667_lon--49.848486533333336.png,20250810_120054_258867,-6.092436666666667,-49.848486533333336,16.36,1,0.0,0.0,intersection
frame_459_lat--6.092449766666666_lon--49.84852156666667.png,20250810_120055_233028,-6.092449766666666,-49.84852156666667,12.39,1,0.0,0.0,intersection
frame_460_lat--6.092463733333333_lon--49.848555333333344.png,20250810_120056_268913,-6.092463733333333,-49.848555333333344,8.61,1,0.0,0.0,intersection
frame_461_lat--6.092477633333333_lon--49.84858720000001.png,20250810_120057_242666,-6.092477633333333,-49.84858720000001,5.32,1,0.0,0.0,intersection
frame_462_lat--6.092490766666666_lon--49.848616166666666.png,20250810_120058_311602,-6.092490766666666,-49.848616166666666,3.46,1,0.0,0.0,intersection
frame_463_lat--6.0925033_lon--49.848642999999996.png,20250810_120059_251755,-6.0925033,-49.848643,4.34,1,0.0,0.0,intersection
frame_464_lat--6.092516166666667_lon--49.8486697.png,20250810_120100_221595,-6.092516166666667,-49.8486697,6.85,1,0.0,0.0,intersection
frame_465_lat--6.092530099999999_lon--49.8486977.png,20250810_120101_260596,-6.092530099999999,-49.8486977,9.98,1,0.0,0.0,intersection
frame_466_lat--6.092545499999999_lon--49.84872703333333.png,20250810_120102_236298,-6.092545499999999,-49.84872703333333,13.45,1,0.0,0.0,intersection
frame_467_lat--6.092562699999999_lon--49.84875743333333.png,20250810_120103_267650,-6.092562699999999,-49.84875743333333,17.17,1,0.0,0.0,intersection
frame_468_lat--6.092582033333334_lon--49.848788666666664.png,20250810_120104_236252,-6.092582033333334,-49.84878866666666,21.11,1,0.0,0.0,intersection
frame_469_lat--6.092603466666667_lon--49.84882103333333.png,20250810_120105_254191,-6.092603466666667,-49.84882103333333,25.28,1,0.0,0.0,straight
frame_470_lat--6.092626233333332_lon--49.8488544.png,20250810_120106_229589,-6.092626233333332,-49.8488544,29.65,1,0.0,0.0,straight
frame_471_lat--6.092649033333332_lon--49.8488877.png,20250810_120107_243067,-6.092649033333332,-49.8488877,34.05,1,0.0,0.0,straight
frame_472_lat--6.0926709_lon--49.84892023333333.png,20250810_120108_253348,-6.0926709,-49.84892023333333,38.33,1,0.0,0.0,straight
frame_473_lat--6.092692_lon--49.848952866666664.png,20250810_120109_264973,-6.092692,-49.84895286666666,37.58,0,0.0,0.0,straight
frame_474_lat--6.092713233333334_lon--49.848986833333335.png,20250810_120110_233935,-6.092713233333334,-49.848986833333335,33.19,0,0.0,0.0,straight
frame_475_lat--6.092734733333334_lon--49.8490218.png,20250810_120111_295040,-6.092734733333334,-49.8490218,28.71,0,0.0,0.0,straight
frame_476_lat--6.092755633333334_lon--49.84905556666668.png,20250810_120112_251504,-6.092755633333334,-49.84905556666668,24.4,0,0.0,0.0,straight
frame_477_lat--6.092775066666667_lon--49.849085933333335.png,20250810_120113_218856,-6.092775066666667,-49.849085933333335,20.5,0,0.0,0.0,intersection
frame_478_lat--6.0927925_lon--49.849112033333334.png,20250810_120114_261933,-6.0927925,-49.84911203333333,17.12,0,0.0,0.0,intersection
frame_479_lat--6.0928073_lon--49.84913346666667.png,20250810_120115_235003,-6.0928073,-49.84913346666667,14.33,0,0.0,0.0,intersection
frame_480_lat--6.092819633333333_lon--49.849151000000006.png,20250810_120116_271183,-6.092819633333333,-49.849151000000006,12.07,0,0.0,0.0,intersection
frame_481_lat--6.092829966666668_lon--49.849165500000005.png,20250810_120117_242259,-6.092829966666668,-49.849165500000005,10.22,0,0.0,0.0,intersection
frame_482_lat--6.092838433333332_lon--49.8491773.png,20250810_120118_307032,-6.092838433333332,-49.8491773,8.75,0,0.0,0.0,intersection
frame_483_lat--6.0928506_lon--49.8491943.png,20250810_120120_109132,-6.0928506,-49.8491943,6.75,0,9.22,346.63,intersection
frame_484_lat--6.0928635999999985_lon--49.8492118.png,20250810_120122_181245,-6.092863599999999,-49.8492118,4.92,0,11.49,346.79,intersection
frame_485_lat--6.0928736_lon--49.84922293333333.png,20250810_120123_254642,-6.0928736,-49.84922293333333,3.9,0,0.0,0.0,intersection
frame_486_lat--6.092888333333333_lon--49.84923463333333.png,20250810_120124_228588,-6.092888333333333,-49.84923463333333,3.07,0,0.0,0.0,intersection
frame_487_lat--6.092909766666668_lon--49.849245100000005.png,20250810_120125_268521,-6.092909766666668,-49.849245100000005,3.34,0,0.0,0.0,intersection
frame_488_lat--6.092937999999999_lon--49.84925113333334.png,20250810_120126_251651,-6.092937999999999,-49.84925113333334,5.2,0,0.0,0.0,intersection
frame_489_lat--6.092971033333333_lon--49.8492497.png,20250810_120127_311507,-6.092971033333333,-49.8492497,7.96,0,0.0,0.0,intersection
frame_490_lat--6.093006833333333_lon--49.84923933333334.png,20250810_120128_256891,-6.093006833333333,-49.84923933333334,11.26,0,0.0,0.0,intersection
frame_491_lat--6.093044933333334_lon--49.84922073333333.png,20250810_120129_224700,-6.093044933333334,-49.84922073333333,15.16,0,0.0,0.0,intersection
frame_492_lat--6.093084_lon--49.849197200000006.png,20250810_120130_238980,-6.093084,-49.849197200000006,19.56,0,0.0,0.0,intersection
frame_493_lat--6.093122233333333_lon--49.8491719.png,20250810_120131_250277,-6.093122233333333,-49.8491719,24.17,0,0.0,0.0,straight
frame_494_lat--6.0931592000000006_lon--49.849145799999995.png,20250810_120132_260192,-6.0931592000000006,-49.8491458,28.82,0,0.0,0.0,straight
frame_495_lat--6.093196333333333_lon--49.84911803333332.png,20250810_120133_223871,-6.093196333333333,-49.84911803333332,33.64,0,0.0,0.0,straight
frame_496_lat--6.093234933333333_lon--49.849088233333326.png,20250810_120134_235218,-6.093234933333333,-49.849088233333326,38.78,0,0.0,0.0,straight
frame_497_lat--6.093274966666665_lon--49.84905683333333.png,20250810_120135_247218,-6.093274966666665,-49.84905683333333,44.2,0,0.0,0.0,straight
frame_498_lat--6.093315_lon--49.84902476666666.png,20250810_120136_259122,-6.093315,-49.84902476666666,49.69,0,0.0,0.0,straight
frame_499_lat--6.093353033333334_lon--49.84899356666667.png,20250810_120137_312446,-6.093353033333334,-49.84899356666667,54.98,0,0.0,0.0,straight
frame_500_lat--6.093388600000001_lon--49.848964.png,20250810_120138_232031,-6.093388600000001,-49.848964,52.57,3,0.0,0.0,straight
frame_501_lat--6.0934229_lon--49.84893566666667.png,20250810_120139_245958,-6.0934229,-49.84893566666667,47.79,3,0.0,0.0,straight
frame_502_lat--6.093457066666666_lon--49.8489077.png,20250810_120140_257529,-6.093457066666666,-49.8489077,43.09,3,0.0,0.0,straight
frame_503_lat--6.093491166666666_lon--49.8488794.png,20250810_120141_301211,-6.093491166666666,-49.8488794,38.41,3,0.0,0.0,straight
frame_504_lat--6.093524966666666_lon--49.8488506.png,20250810_120142_230093,-6.093524966666666,-49.8488506,33.76,3,0.0,0.0,straight
frame_505_lat--6.093558333333334_lon--49.8488215.png,20250810_120143_244189,-6.093558333333334,-49.8488215,29.19,3,0.0,0.0,straight
frame_506_lat--6.093590433333334_lon--49.848793.png,20250810_120144_256246,-6.093590433333334,-49.848793,24.85,3,0.0,0.0,straight
frame_507_lat--6.093619833333333_lon--49.848765633333336.png,20250810_120145_268380,-6.093619833333333,-49.848765633333336,20.91,3,0.0,0.0,intersection
frame_508_lat--6.093645800000001_lon--49.84873893333332.png,20250810_120146_231207,-6.093645800000001,-49.84873893333332,17.34,3,0.0,0.0,intersection
frame_509_lat--6.093666833333334_lon--49.84871133333333.png,20250810_120147_243847,-6.093666833333334,-49.84871133333333,14.01,3,0.0,0.0,intersection
frame_510_lat--6.093680399999999_lon--49.84868253333333.png,20250810_120148_295590,-6.093680399999999,-49.84868253333333,10.81,3,0.0,0.0,intersection
frame_511_lat--6.093685033333332_lon--49.8486533.png,20250810_120149_252840,-6.093685033333332,-49.8486533,7.64,3,0.0,0.0,intersection
frame_512_lat--6.093681533333333_lon--49.848624066666666.png,20250810_120150_218254,-6.093681533333333,-49.848624066666666,4.38,3,0.0,0.0,intersection
frame_513_lat--6.093670933333334_lon--49.84859466666667.png,20250810_120151_255875,-6.093670933333334,-49.84859466666667,1.16,3,0.0,0.0,intersection
frame_514_lat--6.093654433333333_lon--49.8485654.png,20250810_120152_248851,-6.093654433333333,-49.8485654,3.14,3,0.0,0.0,intersection
frame_515_lat--6.0936343666666675_lon--49.84853713333332.png,20250810_120153_221042,-6.093634366666668,-49.84853713333332,6.95,3,0.0,0.0,intersection
frame_516_lat--6.093613633333334_lon--49.848510766666664.png,20250810_120154_256888,-6.093613633333334,-49.84851076666666,10.66,3,0.0,0.0,intersection
frame_517_lat--6.0935939333333335_lon--49.84848663333333.png,20250810_120155_230265,-6.0935939333333335,-49.84848663333333,14.1,3,0.0,0.0,intersection
frame_518_lat--6.0935749333333336_lon--49.84846399999999.png,20250810_120156_268146,-6.0935749333333336,-49.84846399999999,17.37,3,0.0,0.0,intersection
frame_519_lat--6.093555433333333_lon--49.848441466666664.png,20250810_120157_260740,-6.093555433333333,-49.84844146666666,20.67,3,0.0,0.0,intersection
frame_520_lat--6.093534966666666_lon--49.84841826666666.png,20250810_120158_231347,-6.093534966666666,-49.84841826666666,24.09,3,0.0,0.0,straight
frame_521_lat--6.093513866666667_lon--49.84839443333333.png,20250810_120159_264710,-6.093513866666667,-49.84839443333333,27.61,3,0.0,0.0,straight
frame_522_lat--6.093492966666668_lon--49.8483704.png,20250810_120200_242443,-6.093492966666668,-49.8483704,31.14,3,0.0,0.0,straight
frame_523_lat--6.0934729_lon--49.84834696666667.png,20250810_120201_223534,-6.0934729,-49.84834696666667,34.55,3,11.9,9.29,straight
frame_524_lat--6.093453966666667_lon--49.848324833333336.png,20250810_120202_261289,-6.093453966666667,-49.848324833333336,37.77,3,0.0,0.0,straight
frame_525_lat--6.093436799999999_lon--49.848304666666664.png,20250810_120203_234518,-6.093436799999999,-49.84830466666666,37.49,2,0.0,0.0,straight
frame_526_lat--6.093422000000001_lon--49.84828663333333.png,20250810_120204_272568,-6.093422000000001,-49.84828663333333,34.96,2,0.0,0.0,straight
frame_527_lat--6.093409666666668_lon--49.84827003333333.png,20250810_120205_248410,-6.093409666666668,-49.84827003333333,32.7,2,0.0,0.0,straight
frame_528_lat--6.0934002000000005_lon--49.84825456666666.png,20250810_120206_214757,-6.0934002000000005,-49.84825456666666,30.7,2,0.0,0.0,straight
frame_529_lat--6.093393433333334_lon--49.848240966666665.png,20250810_120207_262886,-6.093393433333334,-49.848240966666665,29.02,2,0.0,0.0,straight
frame_530_lat--6.093384566666666_lon--49.84822076666667.png,20250810_120209_095500,-6.093384566666666,-49.84822076666667,26.58,2,9.54,11.62,straight
frame_531_lat--6.093377266666667_lon--49.848206966666666.png,20250810_120211_128595,-6.093377266666667,-49.848206966666666,24.86,2,8.06,10.98,straight
frame_532_lat--6.093365499999999_lon--49.84818946666667.png,20250810_120213_136738,-6.093365499999999,-49.84818946666667,22.54,2,12.49,10.2,intersection
frame_533_lat--6.0933573999999995_lon--49.84817780000001.png,20250810_120214_181407,-6.0933574,-49.84817780000001,20.99,2,13.83,10.17,intersection
frame_534_lat--6.093348666666667_lon--49.84816516666667.png,20250810_120215_240142,-6.093348666666667,-49.84816516666667,19.31,2,0.0,0.0,intersection
frame_535_lat--6.093339633333334_lon--49.8481525.png,20250810_120216_308588,-6.093339633333334,-49.8481525,17.62,2,0.0,0.0,intersection
frame_536_lat--6.093331166666667_lon--49.84814063333333.png,20250810_120217_236769,-6.093331166666667,-49.84814063333333,16.04,2,0.0,0.0,intersection
frame_537_lat--6.093319566666667_lon--49.848124266666666.png,20250810_120219_144169,-6.093319566666667,-49.848124266666666,13.88,2,9.07,10.15,intersection
frame_538_lat--6.093308733333333_lon--49.848105966666665.png,20250810_120221_148239,-6.093308733333333,-49.848105966666665,11.57,2,13.35,11.0,intersection
frame_539_lat--6.093301933333333_lon--49.84809216666666.png,20250810_120222_223814,-6.093301933333333,-49.84809216666666,9.89,2,0.0,0.0,intersection
frame_540_lat--6.093295266666666_lon--49.84807599999999.png,20250810_120223_258573,-6.093295266666666,-49.84807599999999,7.96,2,0.0,0.0,intersection
frame_541_lat--6.093289466666667_lon--49.848057600000004.png,20250810_120224_232385,-6.093289466666667,-49.8480576,5.83,2,0.0,0.0,intersection
frame_542_lat--6.093284833333334_lon--49.84803723333333.png,20250810_120225_264527,-6.093284833333334,-49.84803723333333,3.52,2,0.0,0.0,intersection
frame_543_lat--6.093281333333333_lon--49.848014033333335.png,20250810_120226_240735,-6.093281333333333,-49.848014033333335,1.05,2,0.0,0.0,intersection
frame_544_lat--6.0932786666666665_lon--49.8479871.png,20250810_120227_266885,-6.0932786666666665,-49.8479871,2.24,2,0.0,0.0,intersection
frame_545_lat--6.093276333333334_lon--49.84795646666666.png,20250810_120228_240265,-6.093276333333334,-49.84795646666666,5.6,2,0.0,0.0,intersection
frame_546_lat--6.093274033333333_lon--49.847923466666664.png,20250810_120229_311521,-6.093274033333333,-49.84792346666666,9.25,2,0.0,0.0,intersection
frame_547_lat--6.0932718999999995_lon--49.84788963333334.png,20250810_120230_255347,-6.0932719,-49.84788963333334,13.0,2,0.0,0.0,intersection
frame_548_lat--6.093270033333334_lon--49.847855333333335.png,20250810_120231_225742,-6.093270033333334,-49.847855333333335,16.8,2,0.0,0.0,intersection
frame_549_lat--6.0932686_lon--49.847820766666665.png,20250810_120232_254563,-6.0932686,-49.847820766666665,20.63,2,0.0,0.0,intersection
frame_550_lat--6.093267933333334_lon--49.847786400000004.png,20250810_120233_222906,-6.093267933333334,-49.8477864,24.43,2,0.0,0.0,straight
frame_551_lat--6.0932682_lon--49.847752400000005.png,20250810_120234_257008,-6.0932682,-49.847752400000005,28.19,2,0.0,0.0,straight
frame_552_lat--6.0932691000000005_lon--49.847717966666664.png,20250810_120235_278731,-6.0932691000000005,-49.84771796666666,32.0,2,0.0,0.0,straight
frame_553_lat--6.093270100000001_lon--49.84768293333333.png,20250810_120236_243557,-6.093270100000001,-49.84768293333333,35.88,2,0.0,0.0,straight
frame_554_lat--6.093270933333334_lon--49.84764806666666.png,20250810_120237_203455,-6.093270933333334,-49.84764806666666,39.73,2,0.0,0.0,straight
frame_555_lat--6.0932713_lon--49.84761433333333.png,20250810_120238_249067,-6.0932713,-49.84761433333333,43.47,2,0.0,0.0,straight
frame_556_lat--6.093271033333332_lon--49.847581766666664.png,20250810_120239_266647,-6.093271033333332,-49.84758176666666,43.53,4,0.0,0.0,straight
frame_557_lat--6.0932705333333335_lon--49.84755006666666.png,20250810_120240_240066,-6.0932705333333335,-49.84755006666666,40.02,4,0.0,0.0,straight
frame_558_lat--6.093270500000001_lon--49.84751876666665.png,20250810_120241_267078,-6.093270500000001,-49.84751876666665,36.56,4,0.0,0.0,straight
frame_559_lat--6.093271033333334_lon--49.8474874.png,20250810_120242_242767,-6.093271033333334,-49.8474874,33.1,4,0.0,0.0,straight
frame_560_lat--6.093271766666668_lon--49.84745636666666.png,20250810_120243_282933,-6.093271766666668,-49.84745636666666,29.68,4,0.0,0.0,straight
frame_561_lat--6.093272733333333_lon--49.847426433333325.png,20250810_120244_245717,-6.093272733333333,-49.847426433333325,26.38,4,0.0,0.0,straight
frame_562_lat--6.0932738_lon--49.8473981.png,20250810_120245_211014,-6.0932738,-49.8473981,23.27,4,0.0,0.0,straight
frame_563_lat--6.093274666666666_lon--49.84737263333333.png,20250810_120246_254518,-6.093274666666666,-49.84737263333333,20.48,4,0.0,0.0,intersection
frame_564_lat--6.093275266666668_lon--49.84735109999999.png,20250810_120247_229144,-6.093275266666668,-49.84735109999999,18.13,4,0.0,0.0,intersection
frame_565_lat--6.093275966666667_lon--49.84733283333334.png,20250810_120248_257355,-6.093275966666667,-49.84733283333334,16.14,4,0.0,0.0,intersection
frame_566_lat--6.093276933333333_lon--49.84731676666667.png,20250810_120249_232539,-6.093276933333333,-49.84731676666667,14.41,4,0.0,0.0,intersection
frame_567_lat--6.0932778_lon--49.847302133333336.png,20250810_120250_266994,-6.0932778,-49.847302133333336,12.84,4,0.0,0.0,intersection
frame_568_lat--6.093278633333334_lon--49.84728799999999.png,20250810_120251_238092,-6.093278633333334,-49.84728799999999,11.35,4,0.0,0.0,intersection
frame_569_lat--6.093279933333333_lon--49.84727306666666.png,20250810_120252_262792,-6.093279933333333,-49.84727306666666,9.81,4,0.0,0.0,intersection
frame_570_lat--6.093281666666667_lon--49.84725713333332.png,20250810_120253_229455,-6.093281666666667,-49.84725713333332,8.22,4,0.0,0.0,intersection
frame_571_lat--6.093283666666667_lon--49.84723943333332.png,20250810_120254_263111,-6.093283666666667,-49.84723943333332,6.59,4,0.0,0.0,intersection
frame_572_lat--6.093285633333333_lon--49.847219066666675.png,20250810_120255_235933,-6.093285633333333,-49.84721906666668,4.99,4,0.0,0.0,intersection
frame_573_lat--6.0932873999999995_lon--49.847195533333334.png,20250810_120256_297205,-6.0932874,-49.84719553333333,3.98,4,0.0,0.0,intersection
frame_574_lat--6.093289499999999_lon--49.8471716.png,20250810_120257_254170,-6.093289499999999,-49.8471716,4.57,4,0.0,0.0,intersection
frame_575_lat--6.093292_lon--49.84715.png,20250810_120258_230438,-6.093292,-49.84715,6.18,4,0.0,0.0,intersection
frame_576_lat--6.093294166666667_lon--49.847131000000005.png,20250810_120259_258765,-6.093294166666667,-49.847131000000005,7.94,4,0.0,0.0,intersection
frame_577_lat--6.093295433333333_lon--49.84711286666666.png,20250810_120300_235927,-6.093295433333333,-49.84711286666666,9.7,4,0.0,0.0,intersection
frame_578_lat--6.093296166666667_lon--49.847094133333336.png,20250810_120301_296397,-6.093296166666667,-49.847094133333336,11.58,4,0.0,0.0,intersection
frame_579_lat--6.0932968_lon--49.84707453333333.png,20250810_120302_255867,-6.0932968,-49.84707453333333,13.6,4,0.0,0.0,intersection
frame_580_lat--6.093297466666667_lon--49.8470546.png,20250810_120303_235244,-6.093297466666667,-49.8470546,15.7,4,0.0,0.0,intersection
frame_581_lat--6.0932981333333345_lon--49.84703476666666.png,20250810_120304_295577,-6.093298133333335,-49.84703476666666,17.82,4,0.0,0.0,intersection
frame_582_lat--6.093298800000001_lon--49.84701420000001.png,20250810_120305_250260,-6.093298800000001,-49.84701420000001,20.03,4,0.0,0.0,intersection
frame_583_lat--6.093299466666666_lon--49.84699226666667.png,20250810_120306_227185,-6.093299466666666,-49.84699226666667,22.4,4,0.0,0.0,intersection
frame_584_lat--6.0932998666666665_lon--49.8469697.png,20250810_120307_281070,-6.0932998666666665,-49.8469697,24.85,4,0.0,0.0,straight
frame_585_lat--6.093300133333332_lon--49.846947733333344.png,20250810_120308_247757,-6.093300133333332,-49.846947733333344,27.23,4,0.0,0.0,straight
frame_586_lat--6.093300266666667_lon--49.846926666666675.png,20250810_120309_225402,-6.093300266666667,-49.84692666666668,29.53,4,0.0,0.0,straight
frame_587_lat--6.093300466666666_lon--49.84690620000001.png,20250810_120310_262340,-6.093300466666666,-49.84690620000001,31.76,4,0.0,0.0,straight
frame_588_lat--6.093301133333334_lon--49.846885900000004.png,20250810_120311_227980,-6.093301133333334,-49.8468859,33.99,4,0.0,0.0,straight
frame_589_lat--6.0933025999999995_lon--49.846865799999996.png,20250810_120312_265928,-6.0933026,-49.8468658,36.21,4,0.0,0.0,straight
frame_590_lat--6.093304466666666_lon--49.84684626666667.png,20250810_120313_240834,-6.093304466666666,-49.84684626666667,36.04,8,0.0,0.0,straight
frame_591_lat--6.093306566666667_lon--49.846827366666666.png,20250810_120314_308631,-6.093306566666667,-49.846827366666666,33.96,8,0.0,0.0,straight
frame_592_lat--6.093308333333333_lon--49.84680973333334.png,20250810_120315_254814,-6.093308333333333,-49.84680973333334,32.03,8,0.0,0.0,straight
frame_593_lat--6.093309333333333_lon--49.84679450000001.png,20250810_120316_213842,-6.093309333333333,-49.84679450000001,30.35,8,0.0,0.0,straight
frame_594_lat--6.093309666666666_lon--49.846773866666666.png,20250810_120318_126016,-6.093309666666666,-49.846773866666666,28.08,8,8.9,14.05,straight
frame_595_lat--6.0933169666666664_lon--49.84676243333333.png,20250810_120550_183448,-6.093316966666666,-49.84676243333333,26.89,8,0.31,14.44,straight
frame_596_lat--6.093314699999999_lon--49.84674103333334.png,20250810_120708_146991,-6.093314699999999,-49.84674103333334,24.51,8,11.21,14.3,straight
frame_597_lat--6.093317333333333_lon--49.84671519999999.png,20250810_120710_265206,-6.093317333333333,-49.84671519999999,21.71,8,0.0,0.0,intersection
frame_598_lat--6.093318299999999_lon--49.84670146666666.png,20250810_120711_236440,-6.093318299999999,-49.84670146666666,20.22,8,0.0,0.0,intersection
frame_599_lat--6.093319299999999_lon--49.84667686666666.png,20250810_120713_148510,-6.093319299999999,-49.84667686666666,17.56,8,12.23,14.14,intersection
frame_600_lat--6.093319433333333_lon--49.84666106666667.png,20250810_120715_143683,-6.093319433333333,-49.84666106666667,15.84,8,7.41,14.02,intersection
frame_601_lat--6.093318733333332_lon--49.84664666666667.png,20250810_120717_155530,-6.093318733333332,-49.84664666666667,14.27,8,8.44,13.83,intersection
frame_602_lat--6.093315466666667_lon--49.8466229.png,20250810_120719_261626,-6.093315466666667,-49.8466229,11.63,8,0.0,0.0,intersection
frame_603_lat--6.093311533333333_lon--49.846608233333335.png,20250810_120720_236127,-6.093311533333333,-49.846608233333335,9.95,8,0.0,0.0,intersection
frame_604_lat--6.093300666666666_lon--49.8465868.png,20250810_120722_142026,-6.093300666666666,-49.8465868,7.38,8,11.48,10.51,intersection
frame_605_lat--6.093286566666667_lon--49.846575266666676.png,20250810_120724_147901,-6.093286566666667,-49.84657526666668,6.02,8,9.77,6.36,intersection
frame_606_lat--6.0932667333333335_lon--49.84657.png,20250810_120726_161625,-6.0932667333333335,-49.84657,6.0,8,11.66,2.03,intersection
frame_607_lat--6.093239633333335_lon--49.84657060000001.png,20250810_120728_255467,-6.093239633333335,-49.84657060000001,7.82,8,0.0,0.0,intersection
frame_608_lat--6.093225466666666_lon--49.84657266666667.png,20250810_120729_229821,-6.093225466666666,-49.84657266666667,9.15,8,0.0,0.0,intersection
frame_609_lat--6.0932113999999995_lon--49.84657513333333.png,20250810_120730_260953,-6.0932114,-49.84657513333333,10.56,8,0.0,0.0,intersection
frame_610_lat--6.093196633333333_lon--49.846577933333336.png,20250810_120731_233411,-6.093196633333333,-49.846577933333336,12.1,8,0.0,0.0,intersection
frame_611_lat--6.093181066666667_lon--49.8465811.png,20250810_120732_261481,-6.093181066666667,-49.8465811,13.76,8,0.0,0.0,intersection
frame_612_lat--6.0931652_lon--49.846584533333335.png,20250810_120733_237297,-6.0931652,-49.846584533333335,15.49,8,0.0,0.0,intersection
frame_613_lat--6.093149266666667_lon--49.8465881.png,20250810_120734_266242,-6.093149266666667,-49.8465881,17.24,8,0.0,0.0,intersection
frame_614_lat--6.0931331_lon--49.84659173333334.png,20250810_120735_234915,-6.0931331,-49.84659173333334,19.04,8,0.0,0.0,intersection
frame_615_lat--6.093117366666668_lon--49.84659526666667.png,20250810_120736_281730,-6.093117366666668,-49.84659526666667,20.79,8,0.0,0.0,intersection
frame_616_lat--6.093102533333334_lon--49.84659866666666.png,20250810_120737_245624,-6.093102533333334,-49.84659866666666,22.44,8,0.0,0.0,intersection
frame_617_lat--6.093088166666666_lon--49.84660213333333.png,20250810_120738_314614,-6.093088166666666,-49.84660213333333,24.06,8,0.0,0.0,straight
frame_618_lat--6.093073833333333_lon--49.84660566666666.png,20250810_120739_258250,-6.093073833333333,-49.84660566666666,25.68,8,0.0,0.0,straight
frame_619_lat--6.093058533333332_lon--49.84660946666666.png,20250810_120740_233660,-6.093058533333332,-49.84660946666666,27.41,8,0.0,0.0,straight
frame_620_lat--6.093040733333334_lon--49.846613833333336.png,20250810_120741_259818,-6.093040733333334,-49.846613833333336,29.42,8,0.0,0.0,straight
frame_621_lat--6.0930203333333335_lon--49.84661886666667.png,20250810_120742_233217,-6.0930203333333335,-49.84661886666667,31.73,8,0.0,0.0,straight
frame_622_lat--6.092998866666667_lon--49.846624133333336.png,20250810_120743_265949,-6.092998866666667,-49.846624133333336,34.16,8,0.0,0.0,straight
frame_623_lat--6.092977599999999_lon--49.846629366666676.png,20250810_120744_236313,-6.092977599999999,-49.84662936666668,36.57,8,0.0,0.0,straight
frame_624_lat--6.092956799999999_lon--49.846634400000006.png,20250810_120745_295583,-6.092956799999999,-49.846634400000006,38.93,8,0.0,0.0,straight
frame_625_lat--6.092936633333333_lon--49.84663916666667.png,20250810_120746_250661,-6.092936633333333,-49.84663916666667,41.21,8,0.0,0.0,straight
frame_626_lat--6.0929178666666655_lon--49.84664346666666.png,20250810_120747_228573,-6.0929178666666655,-49.84664346666666,43.33,8,0.0,0.0,straight
frame_627_lat--6.092901233333333_lon--49.846647366666666.png,20250810_120748_267347,-6.092901233333333,-49.846647366666666,45.21,8,0.0,0.0,straight
frame_628_lat--6.0928868666666665_lon--49.84665086666667.png,20250810_120749_241559,-6.0928868666666665,-49.84665086666667,46.84,8,0.0,0.0,straight
frame_629_lat--6.092872333333334_lon--49.8466546.png,20250810_120750_210185,-6.092872333333334,-49.8466546,48.5,8,0.0,0.0,straight
frame_630_lat--6.0928558_lon--49.846658833333336.png,20250810_120751_259615,-6.0928558,-49.846658833333336,50.38,8,0.0,0.0,straight
frame_631_lat--6.0928378_lon--49.8466633.png,20250810_120752_237082,-6.0928378,-49.8466633,52.43,8,0.0,0.0,straight
frame_632_lat--6.09282_lon--49.84666776666667.png,20250810_120753_281811,-6.09282,-49.84666776666667,54.46,8,0.0,0.0,straight
frame_633_lat--6.092802633333333_lon--49.846672100000006.png,20250810_120754_243583,-6.092802633333333,-49.846672100000006,56.43,8,0.0,0.0,straight
frame_634_lat--6.0927850333333335_lon--49.846676466666665.png,20250810_120755_210927,-6.0927850333333335,-49.846676466666665,58.43,8,0.0,0.0,straight
frame_635_lat--6.092766166666666_lon--49.846680966666675.png,20250810_120756_258330,-6.092766166666666,-49.84668096666668,60.57,8,0.0,0.0,straight
frame_636_lat--6.092745466666666_lon--49.846685666666666.png,20250810_120757_229171,-6.092745466666666,-49.846685666666666,62.92,8,0.0,0.0,straight
frame_637_lat--6.092724133333332_lon--49.84669013333334.png,20250810_120758_267261,-6.092724133333332,-49.84669013333334,65.32,8,0.0,0.0,straight
frame_638_lat--6.0927039333333335_lon--49.84669383333333.png,20250810_120759_236876,-6.0927039333333335,-49.84669383333333,67.58,8,0.0,0.0,straight
frame_639_lat--6.092685166666667_lon--49.84669703333333.png,20250810_120800_290725,-6.092685166666667,-49.84669703333333,69.67,8,0.0,0.0,straight
frame_640_lat--6.092666733333334_lon--49.84670053333333.png,20250810_120801_247638,-6.092666733333334,-49.84670053333333,69.25,7,0.0,0.0,straight
frame_641_lat--6.092647666666666_lon--49.84670463333334.png,20250810_120802_212306,-6.092647666666666,-49.84670463333334,67.09,7,0.0,0.0,straight
frame_642_lat--6.092628633333332_lon--49.846709133333334.png,20250810_120803_255370,-6.092628633333332,-49.84670913333333,64.94,7,0.0,0.0,straight
frame_643_lat--6.0926104_lon--49.846714033333335.png,20250810_120804_224220,-6.0926104,-49.846714033333335,62.87,7,0.0,0.0,straight
frame_644_lat--6.092592333333334_lon--49.84671996666667.png,20250810_120805_262703,-6.092592333333334,-49.84671996666667,60.8,7,0.0,0.0,straight
frame_645_lat--6.092573266666666_lon--49.846727099999995.png,20250810_120806_236472,-6.092573266666666,-49.8467271,58.61,7,0.0,0.0,straight
frame_646_lat--6.0925524_lon--49.846735.png,20250810_120807_293475,-6.0925524,-49.846735,56.22,7,0.0,0.0,straight
frame_647_lat--6.092530066666667_lon--49.84674293333333.png,20250810_120808_247369,-6.092530066666667,-49.84674293333333,53.67,7,0.0,0.0,straight
frame_648_lat--6.092506833333333_lon--49.84675036666666.png,20250810_120809_221789,-6.092506833333333,-49.84675036666666,51.04,7,0.0,0.0,straight
frame_649_lat--6.092482666666666_lon--49.8467569.png,20250810_120810_252655,-6.092482666666666,-49.8467569,48.32,7,0.0,0.0,straight
frame_650_lat--6.092457133333332_lon--49.84676253333333.png,20250810_120811_232319,-6.092457133333332,-49.84676253333333,45.46,7,0.0,0.0,straight
frame_651_lat--6.092430233333333_lon--49.8467674.png,20250810_120812_269516,-6.092430233333333,-49.8467674,42.45,7,0.0,0.0,straight
frame_652_lat--6.092402000000002_lon--49.84677193333333.png,20250810_120813_233382,-6.092402000000002,-49.84677193333333,39.31,7,0.0,0.0,straight
frame_653_lat--6.092372433333334_lon--49.84677673333333.png,20250810_120814_281553,-6.092372433333334,-49.84677673333333,36.02,7,0.0,0.0,straight
frame_654_lat--6.092341633333333_lon--49.84678223333333.png,20250810_120815_240354,-6.092341633333333,-49.84678223333333,32.59,7,0.0,0.0,straight
frame_655_lat--6.092310299999999_lon--49.84678823333333.png,20250810_120816_209149,-6.092310299999999,-49.84678823333333,29.12,7,0.0,0.0,straight
frame_656_lat--6.092279433333333_lon--49.846794466666665.png,20250810_120817_244075,-6.092279433333333,-49.846794466666665,25.71,7,0.0,0.0,straight
frame_657_lat--6.092250233333333_lon--49.84680056666667.png,20250810_120818_261932,-6.092250233333333,-49.84680056666667,22.51,7,0.0,0.0,intersection
frame_658_lat--6.0922255_lon--49.84680603333334.png,20250810_120819_236345,-6.0922255,-49.84680603333334,19.82,7,0.0,0.0,intersection
frame_659_lat--6.092206766666668_lon--49.8468104.png,20250810_120820_266138,-6.092206766666668,-49.8468104,17.81,7,0.0,0.0,intersection
frame_660_lat--6.092192333333334_lon--49.846813866666665.png,20250810_120821_238430,-6.092192333333334,-49.846813866666665,16.29,7,0.0,0.0,intersection
frame_661_lat--6.0921791333333335_lon--49.846817.png,20250810_120822_182764,-6.0921791333333335,-49.846817,14.91,7,13.1,357.36,intersection
frame_662_lat--6.092165_lon--49.846819933333336.png,20250810_120823_254488,-6.092165,-49.846819933333336,13.46,7,0.0,0.0,intersection
frame_663_lat--6.0921501_lon--49.846822100000004.png,20250810_120824_225952,-6.0921501,-49.8468221,11.94,7,0.0,0.0,intersection
frame_664_lat--6.092135999999999_lon--49.84682256666667.png,20250810_120825_266810,-6.092135999999999,-49.84682256666667,10.48,7,0.0,0.0,intersection
frame_665_lat--6.092109166666666_lon--49.84681606666667.png,20250810_120827_294414,-6.092109166666666,-49.84681606666667,7.46,7,0.0,0.0,intersection
frame_666_lat--6.092096266666667_lon--49.8468089.png,20250810_120828_246943,-6.092096266666667,-49.8468089,5.84,7,0.0,0.0,intersection
frame_667_lat--6.0920849666666665_lon--49.846799399999995.png,20250810_120829_210837,-6.0920849666666665,-49.8467994,4.33,7,0.0,0.0,intersection
frame_668_lat--6.0920753_lon--49.8467885.png,20250810_120830_263884,-6.0920753,-49.8467885,3.13,7,0.0,0.0,intersection
frame_669_lat--6.092067433333334_lon--49.84677683333334.png,20250810_120831_235446,-6.092067433333334,-49.84677683333334,2.69,7,0.0,0.0,intersection
frame_670_lat--6.0920605000000005_lon--49.84676446666667.png,20250810_120832_267457,-6.0920605000000005,-49.84676446666667,3.2,7,0.0,0.0,intersection
frame_671_lat--6.092050166666667_lon--49.8467397.png,20250810_120834_284145,-6.092050166666667,-49.8467397,5.58,7,0.0,0.0,intersection
frame_672_lat--6.092045766666667_lon--49.84672613333335.png,20250810_120835_247351,-6.092045766666667,-49.84672613333335,7.07,7,0.0,0.0,intersection
frame_673_lat--6.092040933333332_lon--49.846710900000005.png,20250810_120836_210545,-6.092040933333332,-49.846710900000005,8.78,7,6.43,27.82,intersection
frame_674_lat--6.092036200000001_lon--49.8466943.png,20250810_120837_260202,-6.092036200000001,-49.8466943,10.66,7,0.0,0.0,intersection
frame_675_lat--6.0920321_lon--49.84667693333332.png,20250810_120838_237615,-6.0920321,-49.84667693333332,12.62,7,0.0,0.0,intersection
frame_676_lat--6.092028533333334_lon--49.8466593.png,20250810_120839_294515,-6.092028533333334,-49.8466593,14.61,7,0.0,0.0,intersection
frame_677_lat--6.092024966666667_lon--49.846641633333334.png,20250810_120840_255545,-6.092024966666667,-49.84664163333333,16.6,7,0.0,0.0,intersection
frame_678_lat--6.0920211_lon--49.84662416666667.png,20250810_120841_230924,-6.0920211,-49.84662416666667,18.58,7,0.0,0.0,intersection
frame_679_lat--6.092017133333333_lon--49.84660696666667.png,20250810_120842_283892,-6.092017133333333,-49.84660696666667,20.53,7,0.0,0.0,intersection
frame_680_lat--6.092014166666667_lon--49.84659126666668.png,20250810_120843_236017,-6.092014166666667,-49.84659126666668,22.3,7,0.0,0.0,intersection
frame_681_lat--6.092011866666668_lon--49.8465774.png,20250810_120844_283503,-6.092011866666668,-49.8465774,23.85,7,0.0,0.0,straight
frame_682_lat--6.092007966666666_lon--49.846556633333336.png,20250810_120846_097476,-6.092007966666666,-49.846556633333336,26.19,7,7.71,13.12,straight
frame_683_lat--6.092003833333332_lon--49.84653776666667.png,20250810_120847_251006,-6.092003833333332,-49.84653776666667,28.33,7,0.0,0.0,straight
frame_684_lat--6.092000766666667_lon--49.84652450000001.png,20250810_120848_109472,-6.092000766666667,-49.84652450000001,29.83,7,13.04,12.98,straight
frame_685_lat--6.091995266666666_lon--49.846501233333335.png,20250810_120850_202887,-6.091995266666666,-49.846501233333335,32.47,7,11.13,12.93,straight
frame_686_lat--6.091990466666666_lon--49.84648066666667.png,20250810_120852_123246,-6.091990466666666,-49.84648066666667,34.81,7,11.01,12.98,straight
frame_687_lat--6.091985433333333_lon--49.846458999999996.png,20250810_120854_134484,-6.091985433333333,-49.846459,33.98,15,11.84,12.93,straight
frame_688_lat--6.091980533333333_lon--49.8464417.png,20250810_120856_127827,-6.091980533333333,-49.8464417,31.99,15,8.98,12.65,straight
frame_689_lat--6.091975366666667_lon--49.84642406666667.png,20250810_120859_170388,-6.091975366666667,-49.84642406666667,29.96,15,5.94,12.46,straight
frame_690_lat--6.091969199999999_lon--49.84640403333333.png,20250810_120902_138525,-6.091969199999999,-49.84640403333333,27.65,15,8.67,12.65,straight
frame_691_lat--6.091964600000001_lon--49.84638873333334.png,20250810_120904_152196,-6.091964600000001,-49.84638873333334,25.88,15,8.23,12.54,straight
frame_692_lat--6.091958966666667_lon--49.84636776666666.png,20250810_120906_160827,-6.091958966666667,-49.84636776666666,23.48,15,13.77,12.9,straight
frame_693_lat--6.091955033333333_lon--49.84634976666666.png,20250810_120907_238271,-6.091955033333333,-49.84634976666666,21.45,15,0.0,0.0,intersection
frame_694_lat--6.091950300000001_lon--49.84632946666667.png,20250810_120908_289577,-6.091950300000001,-49.84632946666667,19.14,15,0.0,0.0,intersection
frame_695_lat--6.091944366666667_lon--49.84630946666667.png,20250810_120909_229932,-6.091944366666667,-49.84630946666667,16.84,15,0.0,0.0,intersection
frame_696_lat--6.091936033333333_lon--49.84628996666667.png,20250810_120910_266674,-6.091936033333333,-49.84628996666667,14.56,15,0.0,0.0,intersection
frame_697_lat--6.091924000000001_lon--49.846271200000004.png,20250810_120911_242300,-6.091924000000001,-49.8462712,12.34,15,0.0,0.0,intersection
frame_698_lat--6.091907400000001_lon--49.84625400000001.png,20250810_120912_268126,-6.091907400000001,-49.84625400000001,10.45,15,0.0,0.0,intersection
frame_699_lat--6.091885700000001_lon--49.84623933333334.png,20250810_120913_236239,-6.091885700000001,-49.84623933333334,9.4,15,0.0,0.0,intersection
frame_700_lat--6.091859133333334_lon--49.84622863333334.png,20250810_120914_262272,-6.091859133333334,-49.84622863333334,9.86,15,0.0,0.0,intersection
frame_701_lat--6.091830666666667_lon--49.84622283333333.png,20250810_120915_234551,-6.091830666666667,-49.84622283333333,11.72,15,0.0,0.0,intersection
frame_702_lat--6.091802966666666_lon--49.84622143333333.png,20250810_120916_282112,-6.091802966666666,-49.84622143333333,14.23,15,0.0,0.0,intersection
frame_703_lat--6.0917765_lon--49.846223433333336.png,20250810_120917_246817,-6.0917765,-49.846223433333336,16.95,15,0.0,0.0,intersection
frame_704_lat--6.091751933333334_lon--49.84622746666666.png,20250810_120918_221243,-6.091751933333334,-49.84622746666666,19.62,15,0.0,0.0,intersection
frame_705_lat--6.0917304_lon--49.84623226666666.png,20250810_120919_259244,-6.0917304,-49.84623226666666,22.03,15,0.0,0.0,intersection
frame_706_lat--6.091712066666666_lon--49.84623706666666.png,20250810_120920_233847,-6.091712066666666,-49.84623706666666,24.11,15,0.0,0.0,straight
frame_707_lat--6.091695433333333_lon--49.84624156666666.png,20250810_120921_280866,-6.091695433333333,-49.84624156666666,26.01,15,0.0,0.0,straight
frame_708_lat--6.091678133333334_lon--49.8462463.png,20250810_120922_243237,-6.091678133333334,-49.8462463,27.99,15,0.0,0.0,straight
frame_709_lat--6.091659566666666_lon--49.84625146666666.png,20250810_120923_309239,-6.091659566666666,-49.84625146666666,30.11,15,0.0,0.0,straight
frame_710_lat--6.0916409_lon--49.846256600000004.png,20250810_120924_255314,-6.0916409,-49.8462566,32.25,15,0.0,0.0,straight
frame_711_lat--6.091623233333333_lon--49.84626136666666.png,20250810_120925_228469,-6.091623233333333,-49.84626136666666,34.27,15,0.0,0.0,straight
frame_712_lat--6.091605733333333_lon--49.846265966666664.png,20250810_120926_259818,-6.091605733333333,-49.84626596666666,36.26,15,0.0,0.0,straight
frame_713_lat--6.091586666666666_lon--49.846270733333334.png,20250810_120927_235900,-6.091586666666666,-49.84627073333333,38.43,15,0.0,0.0,straight
frame_714_lat--6.0915655666666675_lon--49.84627579999999.png,20250810_120928_259016,-6.091565566666668,-49.84627579999999,40.82,15,0.0,0.0,straight
frame_715_lat--6.091543133333334_lon--49.84628113333334.png,20250810_120929_229279,-6.091543133333334,-49.84628113333334,43.36,15,0.0,0.0,straight
frame_716_lat--6.0915200333333335_lon--49.84628666666667.png,20250810_120930_269764,-6.0915200333333335,-49.84628666666667,45.98,15,0.0,0.0,straight
frame_717_lat--6.091496433333334_lon--49.84629256666667.png,20250810_120931_238500,-6.091496433333334,-49.84629256666667,48.66,15,0.0,0.0,straight
frame_718_lat--6.0914724666666675_lon--49.846299099999996.png,20250810_120932_311904,-6.091472466666668,-49.8462991,51.41,15,0.0,0.0,straight
frame_719_lat--6.091448266666667_lon--49.84630670000001.png,20250810_120933_242077,-6.091448266666667,-49.84630670000001,54.21,15,0.0,0.0,straight
frame_720_lat--6.0914239666666665_lon--49.846315333333344.png,20250810_120934_295128,-6.0914239666666665,-49.846315333333344,57.06,15,0.0,0.0,straight
frame_721_lat--6.0914009_lon--49.84632433333333.png,20250810_120935_243020,-6.0914009,-49.84632433333333,59.8,15,0.0,0.0,straight
frame_722_lat--6.0913793_lon--49.846333066666666.png,20250810_120936_249481,-6.0913793,-49.846333066666666,62.37,15,0.0,0.0,straight
frame_723_lat--6.091358333333332_lon--49.84634176666667.png,20250810_120937_224236,-6.091358333333332,-49.84634176666667,64.87,15,0.0,0.0,straight
frame_724_lat--6.091337_lon--49.84635063333334.png,20250810_120938_248905,-6.091337,-49.84635063333334,67.42,15,0.0,0.0,straight
frame_725_lat--6.0913151_lon--49.846359699999994.png,20250810_120939_223198,-6.0913151,-49.8463597,70.03,15,0.0,0.0,straight
frame_726_lat--6.091292866666667_lon--49.84636916666666.png,20250810_120940_248878,-6.091292866666667,-49.84636916666666,72.7,15,0.0,0.0,straight
frame_727_lat--6.091270066666667_lon--49.846379066666664.png,20250810_120941_245163,-6.091270066666667,-49.84637906666666,75.44,15,0.0,0.0,straight
frame_728_lat--6.0912464_lon--49.846389.png,20250810_120942_265721,-6.0912464,-49.846389,78.27,15,0.0,0.0,straight
frame_729_lat--6.0912217_lon--49.8463983.png,20250810_120943_228582,-6.0912217,-49.8463983,81.19,15,0.0,0.0,straight
frame_730_lat--6.091195866666666_lon--49.8464067.png,20250810_120944_252140,-6.091195866666666,-49.8464067,84.19,15,0.0,0.0,straight
frame_731_lat--6.091170366666665_lon--49.846414266666656.png,20250810_120945_230187,-6.091170366666665,-49.846414266666656,87.13,15,0.0,0.0,straight
frame_732_lat--6.091147066666666_lon--49.84642113333333.png,20250810_120946_264820,-6.091147066666666,-49.84642113333333,89.81,15,0.0,0.0,straight
frame_733_lat--6.0911270333333345_lon--49.846427333333324.png,20250810_120947_231066,-6.091127033333335,-49.84642733333333,92.13,15,0.0,0.0,straight
frame_734_lat--6.091109766666667_lon--49.84643286666667.png,20250810_120948_270027,-6.091109766666667,-49.84643286666667,94.14,15,0.0,0.0,straight
frame_735_lat--6.0910953_lon--49.8464376.png,20250810_120949_234741,-6.0910953,-49.8464376,95.82,15,0.0,0.0,straight
frame_736_lat--6.091077200000001_lon--49.846443733333345.png,20250810_120951_133495,-6.091077200000001,-49.84644373333335,97.93,15,8.1,356.24,straight
frame_737_lat--6.0910639_lon--49.84644806666667.png,20250810_120954_110707,-6.0910639,-49.84644806666667,97.36,14,4.78,356.67,straight
frame_738_lat--6.091045133333333_lon--49.84645333333333.png,20250810_120956_133597,-6.091045133333333,-49.84645333333333,95.23,14,12.74,356.86,straight
frame_739_lat--6.091029866666666_lon--49.846458.png,20250810_120957_296887,-6.091029866666666,-49.846458,93.47,14,0.0,0.0,straight
frame_740_lat--6.091013333333334_lon--49.84646386666666.png,20250810_120958_253046,-6.091013333333334,-49.84646386666666,91.54,14,0.0,0.0,straight
frame_741_lat--6.090998133333333_lon--49.84647019999999.png,20250810_120959_228053,-6.090998133333333,-49.84647019999999,89.71,14,0.0,0.0,straight
frame_742_lat--6.0909788_lon--49.84647953333333.png,20250810_121001_135749,-6.0909788,-49.84647953333333,87.34,14,8.91,354.78,straight
frame_743_lat--6.090964666666666_lon--49.84648346666667.png,20250810_121046_207875,-6.090964666666666,-49.84648346666667,85.73,14,2.49,348.19,straight
frame_744_lat--6.090945033333333_lon--49.846495100000006.png,20250810_121048_123262,-6.090945033333333,-49.846495100000006,83.23,14,13.13,354.04,straight
frame_745_lat--6.090930266666667_lon--49.84650346666667.png,20250810_121049_265854,-6.090930266666667,-49.84650346666667,81.36,14,0.0,0.0,straight
frame_746_lat--6.090912633333334_lon--49.8465131.png,20250810_121050_241599,-6.090912633333334,-49.8465131,79.15,14,0.0,0.0,straight
frame_747_lat--6.090892633333333_lon--49.8465238.png,20250810_121051_296183,-6.090892633333333,-49.8465238,76.65,14,0.0,0.0,straight
frame_748_lat--6.0908706666666665_lon--49.8465354.png,20250810_121052_223443,-6.0908706666666665,-49.8465354,73.92,14,0.0,0.0,straight
frame_749_lat--6.090846866666667_lon--49.846547766666674.png,20250810_121053_262787,-6.090846866666667,-49.846547766666674,70.96,14,0.0,0.0,straight
frame_750_lat--6.0908208_lon--49.846561066666666.png,20250810_121054_232751,-6.0908208,-49.846561066666666,67.73,14,0.0,0.0,straight
frame_751_lat--6.0907924666666675_lon--49.846575599999994.png,20250810_121055_258869,-6.090792466666668,-49.8465756,64.23,14,0.0,0.0,straight
frame_752_lat--6.090762100000001_lon--49.84659156666667.png,20250810_121056_219039,-6.090762100000001,-49.84659156666667,60.45,14,0.0,0.0,straight
frame_753_lat--6.0907307_lon--49.84660883333332.png,20250810_121057_257907,-6.0907307,-49.84660883333332,56.52,14,0.0,0.0,straight
frame_754_lat--6.090699533333334_lon--49.846626666666666.png,20250810_121058_229025,-6.090699533333334,-49.846626666666666,52.6,14,0.0,0.0,straight
frame_755_lat--6.090668666666666_lon--49.8466443.png,20250810_121059_262832,-6.090668666666666,-49.8466443,48.72,14,0.0,0.0,straight
frame_756_lat--6.090636466666666_lon--49.846661733333335.png,20250810_121100_232781,-6.090636466666666,-49.846661733333335,44.72,14,0.0,0.0,straight
frame_757_lat--6.090601866666667_lon--49.84667949999999.png,20250810_121101_277917,-6.090601866666667,-49.84667949999999,40.47,14,0.0,0.0,straight
frame_758_lat--6.0905661333333345_lon--49.8466974.png,20250810_121102_247347,-6.090566133333335,-49.8466974,36.1,14,0.0,0.0,straight
frame_759_lat--6.090531466666667_lon--49.84671473333333.png,20250810_121103_249245,-6.090531466666667,-49.84671473333333,31.88,14,0.0,0.0,straight
frame_760_lat--6.090498566666666_lon--49.84673106666666.png,20250810_121104_226094,-6.090498566666666,-49.84673106666666,27.9,14,0.0,0.0,straight
frame_761_lat--6.090466599999999_lon--49.84674656666666.png,20250810_121105_264297,-6.090466599999999,-49.84674656666666,24.07,14,0.0,0.0,straight
frame_762_lat--6.090435533333332_lon--49.84676126666666.png,20250810_121106_242545,-6.090435533333332,-49.84676126666666,20.38,14,0.0,0.0,intersection
frame_763_lat--6.0904069_lon--49.8467746.png,20250810_121107_309986,-6.0904069,-49.8467746,17.03,14,0.0,0.0,intersection
frame_764_lat--6.0903819_lon--49.84678593333333.png,20250810_121108_238172,-6.0903819,-49.84678593333333,14.17,14,0.0,0.0,intersection
frame_765_lat--6.090360433333333_lon--49.84679543333333.png,20250810_121109_283724,-6.090360433333333,-49.84679543333333,11.77,14,0.0,0.0,intersection
frame_766_lat--6.090341799999999_lon--49.846803666666666.png,20250810_121110_248781,-6.090341799999999,-49.846803666666666,9.78,14,0.0,0.0,intersection
frame_767_lat--6.090326866666667_lon--49.84681046666666.png,20250810_121111_221050,-6.090326866666667,-49.84681046666666,8.29,14,0.0,0.0,intersection
frame_768_lat--6.0903109_lon--49.84681796666668.png,20250810_121113_124707,-6.0903109,-49.84681796666668,6.87,14,6.78,355.04,intersection
frame_769_lat--6.0902975_lon--49.84682540000001.png,20250810_121119_150133,-6.0902975,-49.84682540000001,6.0,14,8.69,353.88,intersection
frame_770_lat--6.090275633333333_lon--49.84684686666667.png,20250810_121121_320694,-6.090275633333333,-49.84684686666667,6.42,14,0.0,0.0,intersection
frame_771_lat--6.090266766666666_lon--49.84686526666666.png,20250810_121122_253629,-6.090266766666666,-49.84686526666666,8.12,14,0.0,0.0,intersection
frame_772_lat--6.090261866666667_lon--49.846888333333325.png,20250810_121123_224002,-6.090261866666667,-49.846888333333325,10.59,14,0.0,0.0,intersection
frame_773_lat--6.0902612000000005_lon--49.846914733333335.png,20250810_121124_236597,-6.0902612000000005,-49.846914733333335,13.5,14,0.0,0.0,intersection
frame_774_lat--6.090264899999999_lon--49.84694333333333.png,20250810_121125_262748,-6.090264899999999,-49.84694333333333,16.68,14,0.0,0.0,intersection
frame_775_lat--6.090272766666667_lon--49.84697326666666.png,20250810_121126_238663,-6.090272766666667,-49.84697326666666,20.06,14,0.0,0.0,intersection
frame_776_lat--6.0902839_lon--49.84700419999999.png,20250810_121127_308073,-6.0902839,-49.84700419999999,23.61,14,0.0,0.0,straight
frame_777_lat--6.090296833333333_lon--49.84703546666667.png,20250810_121128_250067,-6.090296833333333,-49.84703546666667,27.25,14,0.0,0.0,straight
frame_778_lat--6.090310399999999_lon--49.84706593333333.png,20250810_121129_309008,-6.090310399999999,-49.84706593333333,30.85,14,0.0,0.0,straight
frame_779_lat--6.090324133333333_lon--49.84709503333333.png,20250810_121130_236668,-6.090324133333333,-49.84709503333333,34.32,14,0.0,0.0,straight
frame_780_lat--6.0903378_lon--49.84712306666667.png,20250810_121131_296406,-6.0903378,-49.84712306666667,37.69,14,0.0,0.0,straight
frame_781_lat--6.090351233333333_lon--49.84715033333333.png,20250810_121132_254768,-6.090351233333333,-49.84715033333333,34.66,13,0.0,0.0,straight
frame_782_lat--6.0903644_lon--49.84717716666667.png,20250810_121133_230089,-6.0903644,-49.84717716666667,31.36,13,0.0,0.0,straight
frame_783_lat--6.090377366666667_lon--49.847203900000004.png,20250810_121134_270350,-6.090377366666667,-49.8472039,28.08,13,0.0,0.0,straight
frame_784_lat--6.090390300000001_lon--49.84723063333333.png,20250810_121135_245722,-6.090390300000001,-49.84723063333333,24.8,13,0.0,0.0,straight
frame_785_lat--6.0904032_lon--49.8472576.png,20250810_121136_329967,-6.0904032,-49.8472576,21.52,13,0.0,0.0,intersection
frame_786_lat--6.090416133333333_lon--49.84728486666667.png,20250810_121137_250148,-6.090416133333333,-49.84728486666667,18.2,13,0.0,0.0,intersection
frame_787_lat--6.090428900000001_lon--49.8473122.png,20250810_121138_225990,-6.090428900000001,-49.8473122,14.91,13,0.0,0.0,intersection
frame_788_lat--6.0904413_lon--49.84733923333333.png,20250810_121139_266912,-6.0904413,-49.84733923333333,11.69,13,0.0,0.0,intersection
frame_789_lat--6.090453066666667_lon--49.8473658.png,20250810_121140_239673,-6.090453066666667,-49.8473658,8.62,13,0.0,0.0,intersection
frame_790_lat--6.0904644_lon--49.847392466666655.png,20250810_121141_296287,-6.0904644,-49.847392466666655,5.73,13,0.0,0.0,intersection
frame_791_lat--6.090476033333333_lon--49.84741976666666.png,20250810_121142_252760,-6.090476033333333,-49.84741976666666,3.43,13,0.0,0.0,intersection
frame_792_lat--6.0904882_lon--49.8474476.png,20250810_121143_226297,-6.0904882,-49.8474476,3.51,13,0.0,0.0,intersection
frame_793_lat--6.090500666666666_lon--49.84747546666667.png,20250810_121144_256360,-6.090500666666666,-49.84747546666667,5.96,13,0.0,0.0,intersection
frame_794_lat--6.090513433333333_lon--49.84750306666667.png,20250810_121145_230924,-6.090513433333333,-49.84750306666667,9.0,13,0.0,0.0,intersection
frame_795_lat--6.090526266666666_lon--49.84753073333333.png,20250810_121146_256700,-6.090526266666666,-49.84753073333333,12.22,13,0.0,0.0,intersection
frame_796_lat--6.090539099999999_lon--49.847558400000004.png,20250810_121147_231230,-6.090539099999999,-49.8475584,15.51,13,0.0,0.0,intersection
frame_797_lat--6.090551700000001_lon--49.84758593333332.png,20250810_121148_283435,-6.090551700000001,-49.84758593333332,18.81,13,0.0,0.0,intersection
frame_798_lat--6.090563666666666_lon--49.847613366666664.png,20250810_121149_246448,-6.090563666666666,-49.84761336666666,22.09,13,0.0,0.0,intersection
frame_799_lat--6.090574533333333_lon--49.84764103333333.png,20250810_121150_297987,-6.090574533333333,-49.84764103333333,25.37,13,0.0,0.0,straight
frame_800_lat--6.0905851_lon--49.8476688.png,20250810_121151_254797,-6.0905851,-49.8476688,28.65,13,0.0,0.0,straight
frame_801_lat--6.090596466666667_lon--49.84769659999999.png,20250810_121152_234249,-6.090596466666667,-49.84769659999999,31.97,13,0.0,0.0,straight
frame_802_lat--6.0906090666666675_lon--49.847724533333334.png,20250810_121153_243411,-6.090609066666668,-49.84772453333333,35.34,13,0.0,0.0,straight
frame_803_lat--6.0906227_lon--49.84775256666667.png,20250810_121154_295189,-6.0906227,-49.84775256666667,34.52,11,0.0,0.0,straight
frame_804_lat--6.090637199999999_lon--49.84778086666667.png,20250810_121155_244965,-6.090637199999999,-49.84778086666667,31.05,11,0.0,0.0,straight
frame_805_lat--6.0906526_lon--49.84780953333334.png,20250810_121156_309350,-6.0906526,-49.84780953333334,27.51,11,0.0,0.0,straight
frame_806_lat--6.0906689_lon--49.84783873333333.png,20250810_121157_256656,-6.0906689,-49.84783873333333,23.88,11,0.0,0.0,straight
frame_807_lat--6.090685933333333_lon--49.8478688.png,20250810_121158_256992,-6.090685933333333,-49.8478688,20.14,11,0.0,0.0,intersection
frame_808_lat--6.090703533333333_lon--49.8478996.png,20250810_121159_223392,-6.090703533333333,-49.8478996,16.34,11,0.0,0.0,intersection
frame_809_lat--6.090721766666667_lon--49.84793093333334.png,20250810_121200_253462,-6.090721766666667,-49.84793093333334,12.53,11,0.0,0.0,intersection
frame_810_lat--6.0907403_lon--49.847962633333324.png,20250810_121201_326298,-6.0907403,-49.84796263333333,8.85,11,0.0,0.0,intersection
frame_811_lat--6.090759066666666_lon--49.847994699999994.png,20250810_121202_261916,-6.090759066666666,-49.8479947,5.69,11,0.0,0.0,intersection
frame_812_lat--6.090778033333334_lon--49.8480273.png,20250810_121203_261145,-6.090778033333334,-49.8480273,4.51,11,0.0,0.0,intersection
frame_813_lat--6.090796833333334_lon--49.848060499999995.png,20250810_121204_232954,-6.090796833333334,-49.8480605,6.64,11,0.0,0.0,intersection
frame_814_lat--6.090814466666666_lon--49.848094733333326.png,20250810_121205_271641,-6.090814466666666,-49.848094733333326,10.28,11,0.0,0.0,intersection
frame_815_lat--6.0908299999999995_lon--49.84813033333333.png,20250810_121206_250201,-6.09083,-49.84813033333333,14.38,11,0.0,0.0,intersection
frame_816_lat--6.090843366666666_lon--49.8481676.png,20250810_121207_225319,-6.090843366666666,-49.8481676,18.7,11,0.0,0.0,intersection
frame_817_lat--6.0908558_lon--49.84820603333333.png,20250810_121208_250433,-6.0908558,-49.84820603333333,23.15,11,0.0,0.0,straight
frame_818_lat--6.0908687_lon--49.848244699999995.png,20250810_121209_310750,-6.0908687,-49.8482447,27.64,11,0.0,0.0,straight
frame_819_lat--6.090882466666666_lon--49.84828269999999.png,20250810_121210_253635,-6.090882466666666,-49.84828269999999,32.09,11,0.0,0.0,straight
frame_820_lat--6.0908969_lon--49.848319833333335.png,20250810_121211_222820,-6.0908969,-49.848319833333335,30.28,12,0.0,0.0,straight
frame_821_lat--6.090911833333334_lon--49.8483564.png,20250810_121212_259478,-6.090911833333334,-49.8483564,26.01,12,0.0,0.0,straight
frame_822_lat--6.090927266666666_lon--49.84839256666667.png,20250810_121213_235559,-6.090927266666666,-49.84839256666667,21.78,12,0.0,0.0,intersection
frame_823_lat--6.090942866666667_lon--49.848427433333335.png,20250810_121214_261819,-6.090942866666667,-49.848427433333335,17.7,12,0.0,0.0,intersection
frame_824_lat--6.090957833333333_lon--49.848459466666675.png,20250810_121215_232481,-6.090957833333333,-49.84845946666668,13.98,12,0.0,0.0,intersection
frame_825_lat--6.090971466666666_lon--49.84848743333333.png,20250810_121216_268483,-6.090971466666666,-49.84848743333333,10.8,12,0.0,0.0,intersection
frame_826_lat--6.090984066666666_lon--49.84851136666666.png,20250810_121217_238909,-6.090984066666666,-49.84851136666666,8.15,12,0.0,0.0,intersection
frame_827_lat--6.090997066666665_lon--49.84853196666667.png,20250810_121218_282911,-6.090997066666665,-49.84853196666667,5.91,12,0.0,0.0,intersection
frame_828_lat--6.091011966666666_lon--49.84854983333334.png,20250810_121219_247628,-6.091011966666666,-49.84854983333334,3.99,12,0.0,0.0,intersection
frame_829_lat--6.091029333333333_lon--49.8485647.png,20250810_121220_221292,-6.091029333333333,-49.8485647,2.77,12,0.0,0.0,intersection
frame_830_lat--6.0910494_lon--49.84857573333333.png,20250810_121221_259966,-6.0910494,-49.84857573333333,3.07,12,0.0,0.0,intersection
frame_831_lat--6.091072200000001_lon--49.84858276666667.png,20250810_121222_239092,-6.091072200000001,-49.84858276666667,4.69,12,0.0,0.0,intersection
frame_832_lat--6.0910975333333335_lon--49.84858573333334.png,20250810_121223_298124,-6.0910975333333335,-49.84858573333334,6.89,12,0.0,0.0,intersection
frame_833_lat--6.091125133333334_lon--49.84858406666666.png,20250810_121224_243042,-6.091125133333334,-49.84858406666666,9.42,12,0.0,0.0,intersection
frame_834_lat--6.091154166666667_lon--49.84857773333333.png,20250810_121225_279627,-6.091154166666667,-49.84857773333333,12.19,12,0.0,0.0,intersection
frame_835_lat--6.091182766666667_lon--49.84856823333333.png,20250810_121226_244027,-6.091182766666667,-49.84856823333333,15.07,12,0.0,0.0,intersection
frame_836_lat--6.091209433333335_lon--49.84855746666667.png,20250810_121227_261858,-6.091209433333335,-49.84855746666667,17.88,12,0.0,0.0,intersection
frame_837_lat--6.091234000000002_lon--49.84854666666668.png,20250810_121228_238476,-6.091234000000002,-49.84854666666668,20.57,12,0.0,0.0,intersection
frame_838_lat--6.091256666666666_lon--49.8485362.png,20250810_121229_294744,-6.091256666666666,-49.8485362,23.11,12,0.0,0.0,straight
frame_839_lat--6.0912768999999996_lon--49.848526633333336.png,20250810_121230_249511,-6.0912769,-49.848526633333336,25.42,12,0.0,0.0,straight
frame_840_lat--6.091294733333333_lon--49.8485182.png,20250810_121231_216039,-6.091294733333333,-49.8485182,27.48,12,0.0,0.0,straight
frame_841_lat--6.091311966666666_lon--49.84851043333333.png,20250810_121232_263318,-6.091311966666666,-49.84851043333333,29.49,12,0.0,0.0,straight
frame_842_lat--6.0913302_lon--49.84850266666666.png,20250810_121233_238633,-6.0913302,-49.84850266666666,31.61,12,0.0,0.0,straight
frame_843_lat--6.091349866666667_lon--49.8484946.png,20250810_121234_309458,-6.091349866666667,-49.8484946,33.9,12,0.0,0.0,straight
frame_844_lat--6.091370500000001_lon--49.84848633333333.png,20250810_121235_244526,-6.091370500000001,-49.84848633333333,36.31,12,0.0,0.0,straight
frame_845_lat--6.0913917_lon--49.84847799999999.png,20250810_121236_311420,-6.0913917,-49.84847799999999,38.79,12,0.0,0.0,straight
frame_846_lat--6.091413066666666_lon--49.84846966666665.png,20250810_121237_247466,-6.091413066666666,-49.84846966666665,41.29,12,0.0,0.0,straight
frame_847_lat--6.091434433333333_lon--49.8484614.png,20250810_121238_232516,-6.091434433333333,-49.8484614,43.8,12,0.0,0.0,straight
frame_848_lat--6.091455633333332_lon--49.84845293333333.png,20250810_121239_285343,-6.091455633333332,-49.84845293333333,46.29,12,0.0,0.0,straight
frame_849_lat--6.091476766666665_lon--49.84844376666666.png,20250810_121240_244900,-6.091476766666665,-49.84844376666666,48.8,12,0.0,0.0,straight
frame_850_lat--6.091498166666666_lon--49.8484336.png,20250810_121241_281218,-6.091498166666666,-49.8484336,51.37,12,0.0,0.0,straight
frame_851_lat--6.091520466666667_lon--49.848422666666664.png,20250810_121242_240386,-6.091520466666667,-49.84842266666666,54.06,12,0.0,0.0,straight
frame_852_lat--6.0915437_lon--49.84841200000001.png,20250810_121243_305806,-6.0915437,-49.84841200000001,56.85,12,0.0,0.0,straight
frame_853_lat--6.091567033333333_lon--49.848402733333344.png,20250810_121244_254728,-6.091567033333333,-49.848402733333344,59.61,12,0.0,0.0,straight
frame_854_lat--6.0915884_lon--49.8483951.png,20250810_121245_234006,-6.0915884,-49.8483951,62.11,12,0.0,0.0,straight
frame_855_lat--6.091605633333333_lon--49.84838896666667.png,20250810_121246_295040,-6.091605633333333,-49.84838896666667,64.13,12,0.0,0.0,straight
frame_856_lat--6.0916195_lon--49.848383733333335.png,20250810_121247_248233,-6.0916195,-49.848383733333335,65.76,12,0.0,0.0,straight
frame_857_lat--6.091632233333333_lon--49.848378600000004.png,20250810_121248_107749,-6.091632233333333,-49.8483786,67.27,12,13.35,6.91,straight
frame_858_lat--6.0916537_lon--49.848369133333335.png,20250810_121250_122605,-6.0916537,-49.848369133333335,69.85,12,10.28,7.69,straight
frame_859_lat--6.091668033333333_lon--49.84836176666668.png,20250810_121259_168971,-6.091668033333333,-49.84836176666668,71.6,12,3.44,10.01,straight
frame_860_lat--6.0916819_lon--49.84834623333333.png,20250810_121301_208233,-6.0916819,-49.84834623333333,73.57,12,12.81,12.75,straight
frame_861_lat--6.091694566666667_lon--49.848333733333334.png,20250810_121302_266282,-6.091694566666667,-49.84833373333333,75.33,12,0.0,0.0,straight
frame_862_lat--6.091711133333334_lon--49.84832223333333.png,20250810_121303_243459,-6.091711133333334,-49.84832223333333,75.24,10,0.0,0.0,straight
frame_863_lat--6.091730466666665_lon--49.8483132.png,20250810_121304_311604,-6.091730466666665,-49.8483132,72.88,10,0.0,0.0,straight
frame_864_lat--6.091751266666667_lon--49.84830583333333.png,20250810_121305_235654,-6.091751266666667,-49.84830583333333,70.45,10,0.0,0.0,straight
frame_865_lat--6.091773033333334_lon--49.84829903333333.png,20250810_121306_283508,-6.091773033333334,-49.84829903333333,67.94,10,0.0,0.0,straight
frame_866_lat--6.091795799999998_lon--49.84829213333333.png,20250810_121307_240734,-6.091795799999998,-49.84829213333333,65.33,10,0.0,0.0,straight
frame_867_lat--6.0918199_lon--49.84828499999999.png,20250810_121308_310550,-6.0918199,-49.84828499999999,62.58,10,0.0,0.0,straight
frame_868_lat--6.091844433333334_lon--49.84827776666666.png,20250810_121309_257511,-6.091844433333334,-49.84827776666666,59.78,10,0.0,0.0,straight
frame_869_lat--6.091868366666667_lon--49.84827043333333.png,20250810_121310_232579,-6.091868366666667,-49.84827043333333,57.03,10,0.0,0.0,straight
frame_870_lat--6.091892533333334_lon--49.84826233333333.png,20250810_121311_249970,-6.091892533333334,-49.84826233333333,54.24,10,0.0,0.0,straight
frame_871_lat--6.091917866666667_lon--49.848252966666664.png,20250810_121312_224715,-6.091917866666667,-49.84825296666666,51.26,10,0.0,0.0,straight
frame_872_lat--6.091943933333333_lon--49.84824286666666.png,20250810_121313_265042,-6.091943933333333,-49.84824286666666,48.18,10,0.0,0.0,straight
frame_873_lat--6.0919699000000005_lon--49.84823263333334.png,20250810_121314_240436,-6.0919699000000005,-49.84823263333334,45.1,10,0.0,0.0,straight
frame_874_lat--6.091995633333334_lon--49.84822246666666.png,20250810_121315_298781,-6.091995633333334,-49.84822246666666,42.06,10,0.0,0.0,straight
frame_875_lat--6.092021366666667_lon--49.8482125.png,20250810_121316_247514,-6.092021366666667,-49.8482125,39.02,10,0.0,0.0,straight
frame_876_lat--6.0920473_lon--49.84820293333333.png,20250810_121317_260505,-6.0920473,-49.84820293333333,35.99,10,0.0,0.0,straight
frame_877_lat--6.092073666666667_lon--49.84819346666667.png,20250810_121318_224698,-6.092073666666667,-49.84819346666667,32.92,10,0.0,0.0,straight
frame_878_lat--6.092100633333333_lon--49.8481835.png,20250810_121319_264095,-6.092100633333333,-49.8481835,29.78,10,0.0,0.0,straight
frame_879_lat--6.0921282_lon--49.848173166666676.png,20250810_121320_235674,-6.0921282,-49.84817316666668,26.57,10,0.0,0.0,straight
frame_880_lat--6.092155966666667_lon--49.848163366666675.png,20250810_121321_267008,-6.092155966666667,-49.84816336666668,23.38,10,0.0,0.0,straight
frame_881_lat--6.0921825_lon--49.84815503333333.png,20250810_121322_257418,-6.0921825,-49.84815503333333,20.42,10,0.0,0.0,intersection
frame_882_lat--6.092205633333333_lon--49.84814846666666.png,20250810_121323_231052,-6.092205633333333,-49.84814846666666,17.92,10,0.0,0.0,intersection
frame_883_lat--6.092222833333333_lon--49.848144033333334.png,20250810_121324_261992,-6.092222833333333,-49.84814403333333,16.12,10,0.0,0.0,intersection
frame_884_lat--6.092236366666667_lon--49.848142666666675.png,20250810_121343_164383,-6.092236366666667,-49.84814266666668,14.9,10,0.18,0.0,intersection
frame_885_lat--6.092256866666668_lon--49.84813956666667.png,20250810_121405_141405,-6.092256866666668,-49.84813956666667,13.07,10,12.29,4.03,intersection
frame_886_lat--6.092280033333333_lon--49.848134833333326.png,20250810_121407_157344,-6.092280033333333,-49.848134833333326,11.09,10,11.56,3.65,intersection
frame_887_lat--6.0922973_lon--49.848132166666666.png,20250810_121409_156912,-6.0922973,-49.848132166666666,9.9,10,9.02,2.51,intersection
frame_888_lat--6.092315533333332_lon--49.84812663333334.png,20250810_121414_130912,-6.092315533333332,-49.84812663333334,8.64,10,9.4,8.62,intersection
frame_889_lat--6.092326866666667_lon--49.848115333333325.png,20250810_121415_292592,-6.092326866666667,-49.848115333333325,7.18,10,0.0,0.0,intersection
frame_890_lat--6.092336366666667_lon--49.84809630000001.png,20250810_121416_246013,-6.092336366666667,-49.84809630000001,5.02,10,0.0,0.0,intersection
frame_891_lat--6.092340166666666_lon--49.84807193333334.png,20250810_121417_279099,-6.092340166666666,-49.84807193333334,2.39,10,0.0,0.0,intersection
frame_892_lat--6.092338233333333_lon--49.8480439.png,20250810_121418_244475,-6.092338233333333,-49.8480439,0.86,10,0.0,0.0,intersection
frame_893_lat--6.092332566666667_lon--49.848012966666666.png,20250810_121419_210472,-6.092332566666667,-49.848012966666666,4.22,10,12.75,13.1,intersection
frame_894_lat--6.092325100000001_lon--49.847980933333325.png,20250810_121420_260461,-6.092325100000001,-49.847980933333325,7.83,10,0.0,0.0,intersection
frame_895_lat--6.092317366666667_lon--49.84794973333333.png,20250810_121421_236064,-6.092317366666667,-49.84794973333333,11.38,10,0.0,0.0,intersection
frame_896_lat--6.092310066666667_lon--49.84792013333334.png,20250810_121422_255473,-6.092310066666667,-49.84792013333334,14.75,10,0.0,0.0,intersection
frame_897_lat--6.092303266666667_lon--49.847892166666675.png,20250810_121423_230673,-6.092303266666667,-49.84789216666668,17.93,10,0.0,0.0,intersection
frame_898_lat--6.092296833333334_lon--49.847865500000005.png,20250810_121424_256992,-6.092296833333334,-49.847865500000005,20.96,10,0.0,0.0,intersection
frame_899_lat--6.092290666666668_lon--49.847839500000006.png,20250810_121425_230747,-6.092290666666668,-49.847839500000006,23.92,10,0.0,0.0,straight
frame_900_lat--6.092284433333333_lon--49.84781339999999.png,20250810_121426_282488,-6.092284433333333,-49.84781339999999,26.89,10,0.0,0.0,straight
frame_901_lat--6.0922781_lon--49.84778696666666.png,20250810_121427_228227,-6.0922781,-49.84778696666666,29.9,10,0.0,0.0,straight
frame_902_lat--6.0922719333333335_lon--49.847760133333324.png,20250810_121428_246570,-6.0922719333333335,-49.84776013333333,32.94,10,0.0,0.0,straight
frame_903_lat--6.092265866666667_lon--49.847733.png,20250810_121429_216647,-6.092265866666667,-49.847733,35.04,9,0.0,0.0,straight
frame_904_lat--6.092259566666667_lon--49.84770516666667.png,20250810_121430_259369,-6.092259566666667,-49.84770516666667,31.88,9,0.0,0.0,straight
frame_905_lat--6.0922529999999995_lon--49.847676633333336.png,20250810_121431_235036,-6.092253,-49.847676633333336,28.64,9,0.0,0.0,straight
frame_906_lat--6.0922464666666665_lon--49.847648433333326.png,20250810_121432_267181,-6.0922464666666665,-49.847648433333326,25.44,9,0.0,0.0,straight
frame_907_lat--6.092240333333334_lon--49.84762189999999.png,20250810_121433_246961,-6.092240333333334,-49.84762189999999,22.42,9,0.0,0.0,intersection
frame_908_lat--6.0922348_lon--49.8475982.png,20250810_121434_228832,-6.0922348,-49.8475982,19.73,9,0.0,0.0,intersection
frame_909_lat--6.092229733333333_lon--49.847577466666664.png,20250810_121435_264776,-6.092229733333333,-49.84757746666666,17.37,9,0.0,0.0,intersection
frame_910_lat--6.0922252666666665_lon--49.84756086666666.png,20250810_121436_236440,-6.0922252666666665,-49.84756086666666,15.47,9,0.0,0.0,intersection
frame_911_lat--6.092221033333333_lon--49.84754783333333.png,20250810_121437_269535,-6.092221033333333,-49.84754783333333,13.96,9,0.0,0.0,intersection
frame_912_lat--6.092204333333333_lon--49.84752503333334.png,20250810_121439_247585,-6.092204333333333,-49.84752503333334,11.21,9,0.0,0.0,intersection
frame_913_lat--6.0921886_lon--49.847515400000006.png,20250810_121440_210673,-6.0921886,-49.847515400000006,10.16,9,0.0,0.0,intersection
frame_914_lat--6.092167266666666_lon--49.84750916666667.png,20250810_121441_259532,-6.092167266666666,-49.84750916666667,9.98,9,0.0,0.0,intersection
frame_915_lat--6.0921402_lon--49.8475077.png,20250810_121442_239208,-6.0921402,-49.8475077,11.19,9,0.0,0.0,intersection
frame_916_lat--6.092108466666668_lon--49.8475112.png,20250810_121443_308373,-6.092108466666668,-49.8475112,13.75,9,0.0,0.0,intersection
frame_917_lat--6.092073400000001_lon--49.8475189.png,20250810_121444_245886,-6.092073400000001,-49.8475189,17.24,9,0.0,0.0,intersection
frame_918_lat--6.092035933333333_lon--49.84752956666667.png,20250810_121445_292161,-6.092035933333333,-49.84752956666667,21.3,9,0.0,0.0,intersection
frame_919_lat--6.091996766666666_lon--49.8475418.png,20250810_121446_251917,-6.091996766666666,-49.8475418,25.7,9,0.0,0.0,straight
frame_920_lat--6.091956666666666_lon--49.8475547.png,20250810_121447_229241,-6.091956666666666,-49.8475547,30.26,9,0.0,0.0,straight
frame_921_lat--6.091916433333333_lon--49.84756793333333.png,20250810_121448_264967,-6.091916433333333,-49.84756793333333,34.88,9,0.0,0.0,straight
frame_922_lat--6.091876133333333_lon--49.84758163333333.png,20250810_121449_241425,-6.091876133333333,-49.84758163333333,39.54,9,0.0,0.0,straight
frame_923_lat--6.091836_lon--49.84759533333334.png,20250810_121450_324639,-6.091836,-49.84759533333334,44.2,9,0.0,0.0,straight
frame_924_lat--6.091796633333333_lon--49.8476085.png,20250810_121451_256237,-6.091796633333333,-49.8476085,48.76,9,0.0,0.0,straight
frame_925_lat--6.0917584_lon--49.847621833333335.png,20250810_121452_229166,-6.0917584,-49.847621833333335,53.22,9,0.0,0.0,straight
frame_926_lat--6.0917214_lon--49.847637066666664.png,20250810_121453_270364,-6.0917214,-49.84763706666666,57.64,9,0.0,0.0,straight
frame_927_lat--6.091685666666666_lon--49.84765523333333.png,20250810_121454_242259,-6.091685666666666,-49.84765523333333,62.07,9,0.0,0.0,straight
frame_928_lat--6.091650666666666_lon--49.847675566666666.png,20250810_121455_204091,-6.091650666666666,-49.847675566666666,66.53,9,0.0,0.0,straight
frame_929_lat--6.091614933333334_lon--49.84769676666666.png,20250810_121456_249979,-6.091614933333334,-49.84769676666666,71.1,9,0.0,0.0,straight
frame_930_lat--6.0915775666666665_lon--49.847717966666664.png,20250810_121457_242858,-6.0915775666666665,-49.84771796666666,75.84,9,0.0,0.0,straight
frame_931_lat--6.091538733333333_lon--49.84773796666667.png,20250810_121458_267090,-6.091538733333333,-49.84773796666667,80.67,9,0.0,0.0,straight
frame_932_lat--6.091498633333333_lon--49.84775596666667.png,20250810_121459_235953,-6.091498633333333,-49.84775596666667,80.88,11,0.0,0.0,straight
frame_933_lat--6.091456966666667_lon--49.84777243333333.png,20250810_121500_283085,-6.091456966666667,-49.84777243333333,75.92,11,0.0,0.0,straight
frame_934_lat--6.091414133333332_lon--49.847788666666666.png,20250810_121501_247602,-6.091414133333332,-49.847788666666666,70.86,11,0.0,0.0,straight
frame_935_lat--6.091371433333334_lon--49.84780550000001.png,20250810_121502_223347,-6.091371433333334,-49.84780550000001,65.79,11,0.0,0.0,straight
frame_936_lat--6.091330033333334_lon--49.84782316666667.png,20250810_121503_240228,-6.091330033333334,-49.84782316666667,60.82,11,0.0,0.0,straight
frame_937_lat--6.091289866666666_lon--49.84784126666667.png,20250810_121504_311009,-6.091289866666666,-49.84784126666667,55.97,11,0.0,0.0,straight
frame_938_lat--6.091250199999999_lon--49.847859533333335.png,20250810_121505_252264,-6.091250199999999,-49.847859533333335,51.17,11,0.0,0.0,straight
frame_939_lat--6.091210299999999_lon--49.84787803333333.png,20250810_121506_303855,-6.091210299999999,-49.84787803333333,46.35,11,0.0,0.0,straight
frame_940_lat--6.0911699_lon--49.84789690000001.png,20250810_121507_250741,-6.0911699,-49.84789690000001,41.47,11,0.0,0.0,straight
frame_941_lat--6.091129233333334_lon--49.84791593333333.png,20250810_121508_227343,-6.091129233333334,-49.84791593333333,36.57,11,0.0,0.0,straight
frame_942_lat--6.0910888666666665_lon--49.847934566666666.png,20250810_121509_269928,-6.0910888666666665,-49.847934566666666,31.73,11,0.0,0.0,straight
frame_943_lat--6.091049199999999_lon--49.847952299999996.png,20250810_121510_243246,-6.091049199999999,-49.8479523,27.02,11,0.0,0.0,straight
frame_944_lat--6.091010299999999_lon--49.84796876666667.png,20250810_121511_224294,-6.091010299999999,-49.84796876666667,22.45,11,0.0,0.0,intersection
frame_945_lat--6.090973433333334_lon--49.84798326666667.png,20250810_121512_262903,-6.090973433333334,-49.84798326666667,18.19,11,0.0,0.0,intersection
frame_946_lat--6.0909417_lon--49.847995133333335.png,20250810_121513_238305,-6.0909417,-49.847995133333335,14.58,11,0.0,0.0,intersection
frame_947_lat--6.090916966666667_lon--49.848004100000004.png,20250810_121514_267934,-6.090916966666667,-49.8480041,11.83,11,0.0,0.0,intersection
frame_948_lat--6.0908988_lon--49.84801053333334.png,20250810_121515_243059,-6.0908988,-49.84801053333334,9.87,11,0.0,0.0,intersection
frame_949_lat--6.090885233333332_lon--49.84801533333333.png,20250810_121516_310171,-6.090885233333332,-49.84801533333333,8.45,11,0.0,0.0,intersection
frame_950_lat--6.090863533333334_lon--49.8480244.png,20250810_121518_125043,-6.090863533333334,-49.8480244,6.42,11,12.3,355.25,intersection
frame_951_lat--6.090843166666668_lon--49.84803956666667.png,20250810_121520_225461,-6.090843166666668,-49.84803956666667,5.54,11,0.0,0.0,intersection
frame_952_lat--6.090833566666667_lon--49.848055599999995.png,20250810_121521_263068,-6.090833566666667,-49.8480556,6.48,11,0.0,0.0,intersection
frame_953_lat--6.0908285666666675_lon--49.848078699999995.png,20250810_121522_238425,-6.090828566666668,-49.8480787,8.74,11,0.0,0.0,intersection
frame_954_lat--6.090829833333333_lon--49.84810736666667.png,20250810_121523_309655,-6.090829833333333,-49.84810736666667,11.87,11,0.0,0.0,intersection
frame_955_lat--6.0908361_lon--49.8481401.png,20250810_121524_255861,-6.0908361,-49.8481401,15.56,11,0.0,0.0,intersection
frame_956_lat--6.090845333333333_lon--49.84817466666668.png,20250810_121525_233372,-6.090845333333333,-49.84817466666668,19.51,11,0.0,0.0,intersection
frame_957_lat--6.090856033333333_lon--49.84820883333333.png,20250810_121526_263815,-6.090856033333333,-49.84820883333333,23.45,11,0.0,0.0,straight
frame_958_lat--6.090867533333333_lon--49.84824246666667.png,20250810_121527_230828,-6.090867533333333,-49.84824246666667,27.37,11,0.0,0.0,straight
frame_959_lat--6.090879666666668_lon--49.848277166666676.png,20250810_121528_264357,-6.090879666666668,-49.84827716666668,31.42,11,0.0,0.0,straight
frame_960_lat--6.090893200000001_lon--49.84831313333334.png,20250810_121529_234233,-6.090893200000001,-49.84831313333334,31.13,12,0.0,0.0,straight
frame_961_lat--6.090908199999999_lon--49.8483491.png,20250810_121530_270312,-6.090908199999999,-49.8483491,26.9,12,0.0,0.0,straight
frame_962_lat--6.090924233333333_lon--49.84838486666666.png,20250810_121531_240078,-6.090924233333333,-49.84838486666666,22.66,12,0.0,0.0,intersection
frame_963_lat--6.090941233333333_lon--49.8484207.png,20250810_121532_311321,-6.090941233333333,-49.8484207,18.38,12,0.0,0.0,intersection
frame_964_lat--6.090958866666667_lon--49.84845596666666.png,20250810_121533_244438,-6.090958866666667,-49.84845596666666,14.18,12,0.0,0.0,intersection
frame_965_lat--6.090976266666667_lon--49.848490033333334.png,20250810_121534_211188,-6.090976266666667,-49.84849003333333,10.2,12,0.0,0.0,intersection
frame_966_lat--6.0909931_lon--49.8485232.png,20250810_121535_261887,-6.0909931,-49.8485232,6.66,12,0.0,0.0,intersection
frame_967_lat--6.091009566666667_lon--49.84855606666666.png,20250810_121536_232099,-6.091009566666667,-49.84855606666666,4.34,12,0.0,0.0,intersection
frame_968_lat--6.091025733333334_lon--49.84858896666666.png,20250810_121537_261912,-6.091025733333334,-49.84858896666666,5.16,12,0.0,0.0,intersection
frame_969_lat--6.091041_lon--49.84862153333333.png,20250810_121538_242130,-6.091041,-49.84862153333333,8.18,12,0.0,0.0,intersection
frame_970_lat--6.0910549_lon--49.8486536.png,20250810_121539_298737,-6.0910549,-49.8486536,11.71,12,0.0,0.0,intersection
frame_971_lat--6.091067333333333_lon--49.8486852.png,20250810_121540_251345,-6.091067333333333,-49.8486852,15.34,12,0.0,0.0,intersection
frame_972_lat--6.091079_lon--49.8487166.png,20250810_121541_229295,-6.091079,-49.8487166,18.98,12,0.0,0.0,intersection
frame_973_lat--6.0910908_lon--49.84874813333333.png,20250810_121542_248871,-6.0910908,-49.84874813333333,22.65,12,0.0,0.0,intersection
frame_974_lat--6.0911031666666675_lon--49.84878.png,20250810_121543_249866,-6.091103166666668,-49.84878,26.4,12,0.0,0.0,straight
frame_975_lat--6.091115833333335_lon--49.84881176666667.png,20250810_121544_223045,-6.091115833333335,-49.84881176666667,30.15,12,0.0,0.0,straight
frame_976_lat--6.091128266666668_lon--49.84884266666667.png,20250810_121545_253463,-6.091128266666668,-49.84884266666667,33.8,12,0.0,0.0,straight
frame_977_lat--6.091140000000001_lon--49.84887186666667.png,20250810_121546_212403,-6.091140000000001,-49.84887186666667,37.27,12,0.0,0.0,straight
frame_978_lat--6.091151_lon--49.84889936666666.png,20250810_121547_259618,-6.091151,-49.84889936666666,40.53,12,0.0,0.0,straight
frame_979_lat--6.091161466666667_lon--49.84892586666667.png,20250810_121548_248649,-6.091161466666667,-49.84892586666667,43.67,12,0.0,0.0,straight
frame_980_lat--6.0911716333333334_lon--49.8489522.png,20250810_121549_222732,-6.091171633333333,-49.8489522,46.79,12,0.0,0.0,straight
frame_981_lat--6.091181666666666_lon--49.84897843333333.png,20250810_121550_251414,-6.091181666666666,-49.84897843333333,49.89,12,0.0,0.0,straight
frame_1009_lat--6.091845866666667_lon--49.84899276666666.png,20250810_121630_239663,-6.091845866666667,-49.84899276666666,85.96,1,0.0,0.0,straight
frame_1010_lat--6.0918757_lon--49.848983966666665.png,20250810_121631_265047,-6.0918757,-49.848983966666665,82.61,1,0.0,0.0,straight
frame_1011_lat--6.0919054_lon--49.84897523333332.png,20250810_121632_239072,-6.0919054,-49.84897523333332,79.29,1,0.0,0.0,straight
frame_1012_lat--6.091935266666667_lon--49.84896596666667.png,20250810_121633_295106,-6.091935266666667,-49.84896596666667,75.93,1,0.0,0.0,straight
frame_1013_lat--6.091966400000001_lon--49.848955833333335.png,20250810_121634_242800,-6.091966400000001,-49.848955833333335,72.42,1,0.0,0.0,straight
frame_1014_lat--6.091999133333334_lon--49.848945300000004.png,20250810_121635_214094,-6.091999133333334,-49.8489453,68.74,1,0.0,0.0,straight
frame_1015_lat--6.092032700000001_lon--49.84893446666667.png,20250810_121636_258614,-6.092032700000001,-49.84893446666667,64.98,1,0.0,0.0,straight
frame_1016_lat--6.092066133333335_lon--49.84892323333334.png,20250810_121637_216217,-6.092066133333335,-49.84892323333334,61.22,1,0.0,0.0,straight
frame_1017_lat--6.092099266666668_lon--49.84891153333334.png,20250810_121638_260087,-6.092099266666668,-49.84891153333334,57.48,1,0.0,0.0,straight
frame_1018_lat--6.0921322_lon--49.84889946666667.png,20250810_121639_235036,-6.0921322,-49.84889946666667,53.76,1,0.0,0.0,straight
frame_1019_lat--6.092165_lon--49.848886799999995.png,20250810_121640_268869,-6.092165,-49.8488868,50.02,1,0.0,0.0,straight
frame_1020_lat--6.0921978333333335_lon--49.84887366666666.png,20250810_121641_243944,-6.0921978333333335,-49.84887366666666,46.28,1,0.0,0.0,straight
frame_1021_lat--6.092230766666667_lon--49.84886006666667.png,20250810_121642_296267,-6.092230766666667,-49.84886006666667,42.53,1,0.0,0.0,straight
frame_1022_lat--6.092263766666667_lon--49.84884593333334.png,20250810_121643_247702,-6.092263766666667,-49.84884593333334,38.77,1,0.0,0.0,straight
frame_1023_lat--6.0922971000000015_lon--49.84883119999999.png,20250810_121644_247380,-6.0922971000000015,-49.84883119999999,34.98,1,0.0,0.0,straight
frame_1024_lat--6.092331300000001_lon--49.84881566666667.png,20250810_121645_211201,-6.092331300000001,-49.84881566666667,31.12,1,0.0,0.0,straight
frame_1025_lat--6.0923658666666665_lon--49.84879930000001.png,20250810_121646_254346,-6.0923658666666665,-49.84879930000001,27.25,1,0.0,0.0,straight
frame_1026_lat--6.0923993_lon--49.84878256666667.png,20250810_121647_231583,-6.0923993,-49.84878256666667,23.55,1,0.0,0.0,straight
frame_1027_lat--6.092428833333333_lon--49.848767099999996.png,20250810_121648_269158,-6.092428833333333,-49.8487671,20.35,1,0.0,0.0,intersection
frame_1028_lat--6.092452633333333_lon--49.848754166666666.png,20250810_121649_253060,-6.092452633333333,-49.848754166666666,17.86,1,0.0,0.0,intersection
frame_1029_lat--6.092470833333334_lon--49.848743866666666.png,20250810_121650_223499,-6.092470833333334,-49.848743866666666,16.03,1,0.0,0.0,intersection
frame_1030_lat--6.092485900000001_lon--49.848735166666664.png,20250810_121651_256740,-6.092485900000001,-49.84873516666666,14.6,1,0.0,0.0,intersection
frame_1031_lat--6.092501033333333_lon--49.8487264.png,20250810_121652_223407,-6.092501033333333,-49.8487264,13.29,1,0.0,0.0,intersection
frame_1032_lat--6.0925183_lon--49.8487166.png,20250810_121653_256920,-6.0925183,-49.8487166,12.03,1,0.0,0.0,intersection
frame_1033_lat--6.092536566666666_lon--49.84870646666667.png,20250810_121654_226745,-6.092536566666666,-49.84870646666667,11.03,1,0.0,0.0,intersection
frame_1034_lat--6.0925536000000005_lon--49.848697300000005.png,20250810_121655_269882,-6.0925536000000005,-49.848697300000005,10.52,1,0.0,0.0,intersection
frame_1035_lat--6.092568766666666_lon--49.848689033333336.png,20250810_121656_240931,-6.092568766666666,-49.848689033333336,10.41,1,0.0,0.0,intersection
frame_1036_lat--6.092583433333333_lon--49.84868066666668.png,20250810_121657_265026,-6.092583433333333,-49.84868066666668,10.6,1,0.0,0.0,intersection
frame_1037_lat--6.0925993_lon--49.84867113333335.png,20250810_121658_239436,-6.0925993,-49.84867113333335,11.13,1,0.0,0.0,intersection
frame_1038_lat--6.092616999999999_lon--49.8486598.png,20250810_121659_308891,-6.092616999999999,-49.8486598,12.07,1,0.0,0.0,intersection
frame_1039_lat--6.092635899999999_lon--49.848646966666664.png,20250810_121700_233509,-6.092635899999999,-49.84864696666666,13.42,1,0.0,0.0,intersection
frame_1040_lat--6.092655133333333_lon--49.848633033333336.png,20250810_121701_282753,-6.092655133333333,-49.848633033333336,15.09,1,0.0,0.0,intersection
frame_1041_lat--6.092674533333334_lon--49.84861803333333.png,20250810_121702_247278,-6.092674533333334,-49.84861803333333,17.02,1,0.0,0.0,intersection
frame_1042_lat--6.092694366666667_lon--49.84860156666666.png,20250810_121703_310921,-6.092694366666667,-49.84860156666666,19.19,1,0.0,0.0,intersection
frame_1043_lat--6.092714966666666_lon--49.84858356666666.png,20250810_121704_254508,-6.092714966666666,-49.84858356666666,21.62,1,0.0,0.0,intersection
frame_1044_lat--6.092736833333333_lon--49.84856433333333.png,20250810_121705_231623,-6.092736833333333,-49.84856433333333,24.35,1,0.0,0.0,straight
frame_1045_lat--6.092760233333332_lon--49.848544033333326.png,20250810_121706_252211,-6.092760233333332,-49.848544033333326,27.39,1,0.0,0.0,straight
frame_1046_lat--6.092784_lon--49.84852363333334.png,20250810_121707_297023,-6.092784,-49.84852363333334,30.55,1,0.0,0.0,straight
frame_1047_lat--6.092806866666666_lon--49.84850373333334.png,20250810_121708_254402,-6.092806866666666,-49.84850373333334,33.65,1,0.0,0.0,straight
frame_1048_lat--6.0928291_lon--49.84848409999999.png,20250810_121709_225471,-6.0928291,-49.84848409999999,36.73,1,0.0,0.0,straight
frame_1049_lat--6.092852100000002_lon--49.84846396666667.png,20250810_121710_256485,-6.092852100000002,-49.84846396666667,39.94,1,0.0,0.0,straight
frame_1050_lat--6.092876633333335_lon--49.84844280000001.png,20250810_121711_233159,-6.092876633333335,-49.84844280000001,43.37,1,0.0,0.0,straight
frame_1051_lat--6.092902033333333_lon--49.84842110000001.png,20250810_121712_247496,-6.092902033333333,-49.84842110000001,46.94,1,0.0,0.0,straight
frame_1052_lat--6.0929274_lon--49.84839953333333.png,20250810_121713_320876,-6.0929274,-49.84839953333333,50.52,1,0.0,0.0,straight
frame_1053_lat--6.0929525_lon--49.84837826666667.png,20250810_121714_249774,-6.0929525,-49.84837826666667,54.07,1,0.0,0.0,straight
frame_1054_lat--6.092977566666667_lon--49.848356833333334.png,20250810_121715_211779,-6.092977566666667,-49.84835683333333,50.81,2,0.0,0.0,straight
frame_1055_lat--6.0930026999999995_lon--49.84833473333334.png,20250810_121716_261816,-6.0930027,-49.84833473333334,47.15,2,0.0,0.0,straight
frame_1056_lat--6.093027866666667_lon--49.84831203333333.png,20250810_121717_231361,-6.093027866666667,-49.84831203333333,43.44,2,0.0,0.0,straight
frame_1057_lat--6.0930531000000006_lon--49.84828926666667.png,20250810_121718_255162,-6.0930531000000006,-49.84828926666667,39.73,2,0.0,0.0,straight
frame_1058_lat--6.0930774_lon--49.848267666666665.png,20250810_121719_228898,-6.0930774,-49.848267666666665,36.2,2,0.0,0.0,straight
frame_1059_lat--6.093099333333333_lon--49.848248433333325.png,20250810_121720_259203,-6.093099333333333,-49.848248433333325,33.04,2,0.0,0.0,straight
frame_1060_lat--6.093118700000001_lon--49.848231166666665.png,20250810_121721_233743,-6.093118700000001,-49.848231166666665,30.24,2,0.0,0.0,straight
frame_1061_lat--6.093136766666666_lon--49.848214533333326.png,20250810_121722_270015,-6.093136766666666,-49.848214533333326,27.59,2,0.0,0.0,straight
frame_1062_lat--6.093154633333333_lon--49.848197866666666.png,20250810_121723_242816,-6.093154633333333,-49.848197866666666,24.97,2,0.0,0.0,straight
frame_1063_lat--6.093172666666667_lon--49.84818109999999.png,20250810_121724_211340,-6.093172666666667,-49.84818109999999,22.35,2,0.0,0.0,intersection
frame_1064_lat--6.093190666666667_lon--49.848164366666666.png,20250810_121725_262142,-6.093190666666667,-49.848164366666666,19.76,2,0.0,0.0,intersection
frame_1065_lat--6.0932069_lon--49.84814920000001.png,20250810_121726_236503,-6.0932069,-49.84814920000001,17.45,2,0.0,0.0,intersection
frame_1066_lat--6.093219333333333_lon--49.848137533333336.png,20250810_121727_294909,-6.093219333333333,-49.848137533333336,15.71,2,0.0,0.0,intersection
frame_1067_lat--6.093238566666667_lon--49.848119233333335.png,20250810_121729_263677,-6.093238566666667,-49.848119233333335,13.06,2,0.0,0.0,intersection
frame_1068_lat--6.093252133333334_lon--49.84810616666667.png,20250810_121730_236102,-6.093252133333334,-49.84810616666667,11.26,2,0.0,0.0,intersection
frame_1069_lat--6.093269833333333_lon--49.84808936666666.png,20250810_121731_281219,-6.093269833333333,-49.84808936666666,9.14,2,0.0,0.0,intersection
frame_1070_lat--6.093289866666667_lon--49.84807063333333.png,20250810_121732_233712,-6.093289866666667,-49.84807063333333,7.23,2,0.0,0.0,intersection
frame_1071_lat--6.093310933333333_lon--49.848051100000006.png,20250810_121733_283575,-6.093310933333333,-49.848051100000006,6.29,2,0.0,0.0,intersection
frame_1072_lat--6.093332833333333_lon--49.848030833333326.png,20250810_121734_246646,-6.093332833333333,-49.848030833333326,6.92,2,0.0,0.0,intersection
frame_1073_lat--6.0933562000000006_lon--49.84800946666667.png,20250810_121735_221731,-6.0933562000000006,-49.84800946666667,8.98,2,0.0,0.0,intersection
frame_1074_lat--6.093381566666666_lon--49.84798703333333.png,20250810_121736_252734,-6.093381566666666,-49.84798703333333,11.99,2,0.0,0.0,intersection
frame_1075_lat--6.093409133333333_lon--49.84796376666667.png,20250810_121737_227995,-6.093409133333333,-49.84796376666667,15.59,2,0.0,0.0,intersection
frame_1076_lat--6.093437766666667_lon--49.84794013333333.png,20250810_121738_268415,-6.093437766666667,-49.84794013333333,19.46,2,0.0,0.0,intersection
frame_1077_lat--6.0934661_lon--49.84791703333333.png,20250810_121739_237599,-6.0934661,-49.84791703333333,23.36,2,0.0,0.0,straight
frame_1078_lat--6.093493233333332_lon--49.8478957.png,20250810_121740_295611,-6.093493233333332,-49.8478957,27.1,2,0.0,0.0,straight
frame_1079_lat--6.093518733333333_lon--49.84787646666666.png,20250810_121741_238734,-6.093518733333333,-49.84787646666666,30.58,2,0.0,0.0,straight
frame_1080_lat--6.093542866666667_lon--49.847858.png,20250810_121742_296172,-6.093542866666667,-49.847858,33.9,2,0.0,0.0,straight
frame_1081_lat--6.0935662666666675_lon--49.847839.png,20250810_121743_240739,-6.093566266666668,-49.847839,37.19,2,0.0,0.0,straight
frame_1082_lat--6.093589733333334_lon--49.84781889999999.png,20250810_121744_253215,-6.093589733333334,-49.84781889999999,40.56,2,0.0,0.0,straight
frame_1083_lat--6.093614233333334_lon--49.847798.png,20250810_121745_228170,-6.093614233333334,-49.847798,44.07,2,0.0,0.0,straight
frame_1084_lat--6.093640333333333_lon--49.84777673333333.png,20250810_121746_251536,-6.093640333333333,-49.84777673333333,47.77,2,0.0,0.0,straight
frame_1085_lat--6.0936679_lon--49.84775546666666.png,20250810_121747_226088,-6.0936679,-49.84775546666666,51.61,2,0.0,0.0,straight
frame_1086_lat--6.093696333333333_lon--49.84773439999999.png,20250810_121748_255952,-6.093696333333333,-49.84773439999999,49.17,6,0.0,0.0,straight
frame_1087_lat--6.0937251_lon--49.84771356666667.png,20250810_121749_222597,-6.0937251,-49.84771356666667,45.27,6,0.0,0.0,straight
frame_1088_lat--6.0937538_lon--49.8476932.png,20250810_121750_243148,-6.0937538,-49.8476932,41.42,6,0.0,0.0,straight
frame_1089_lat--6.0937821_lon--49.847673400000005.png,20250810_121751_314456,-6.0937821,-49.847673400000005,37.65,6,0.0,0.0,straight
frame_1090_lat--6.093809666666667_lon--49.84765456666666.png,20250810_121752_250660,-6.093809666666667,-49.84765456666666,34.03,6,0.0,0.0,straight
frame_1091_lat--6.093836033333334_lon--49.84763703333333.png,20250810_121753_223363,-6.093836033333334,-49.84763703333333,30.63,6,0.0,0.0,straight
frame_1092_lat--6.093861066666667_lon--49.8476208.png,20250810_121754_265024,-6.093861066666667,-49.8476208,27.45,6,0.0,0.0,straight
frame_1093_lat--6.0938845_lon--49.84760593333333.png,20250810_121755_241209,-6.0938845,-49.84760593333333,24.53,6,0.0,0.0,straight
frame_1094_lat--6.093905899999999_lon--49.84759253333333.png,20250810_121756_255112,-6.093905899999999,-49.84759253333333,21.92,6,0.0,0.0,intersection
frame_1095_lat--6.093924033333334_lon--49.8475812.png,20250810_121757_264335,-6.093924033333334,-49.8475812,19.75,6,0.0,0.0,intersection
frame_1096_lat--6.093937733333334_lon--49.847572633333336.png,20250810_121758_240836,-6.093937733333334,-49.847572633333336,18.14,6,0.0,0.0,intersection
frame_1097_lat--6.093950566666668_lon--49.84756476666667.png,20250810_121800_148551,-6.093950566666668,-49.84756476666667,16.69,6,5.16,9.39,intersection
frame_1098_lat--6.093960966666667_lon--49.84755546666667.png,20250810_121837_196085,-6.093960966666667,-49.84755546666667,15.24,6,2.76,8.93,intersection
frame_1099_lat--6.093977933333333_lon--49.847547166666665.png,20250810_121840_132302,-6.093977933333333,-49.847547166666665,13.65,6,8.77,8.05,intersection
frame_1100_lat--6.094001166666667_lon--49.84753226666666.png,20250810_121842_218716,-6.094001166666667,-49.84753226666666,11.34,6,0.0,0.0,intersection
frame_1101_lat--6.0940131_lon--49.84752026666666.png,20250810_121843_237632,-6.0940131,-49.84752026666666,9.82,6,0.0,0.0,intersection
frame_1102_lat--6.0940216_lon--49.84750596666667.png,20250810_121844_295050,-6.0940216,-49.84750596666667,8.19,6,0.0,0.0,intersection
frame_1103_lat--6.094025833333332_lon--49.84748983333333.png,20250810_121845_250950,-6.094025833333332,-49.84748983333333,6.42,6,0.0,0.0,intersection
frame_1104_lat--6.094026166666667_lon--49.84747266666667.png,20250810_121846_223159,-6.094026166666667,-49.84747266666667,4.53,6,0.0,0.0,intersection
frame_1105_lat--6.094023133333335_lon--49.847455233333335.png,20250810_121847_258993,-6.094023133333335,-49.847455233333335,2.57,6,0.0,0.0,intersection
frame_1106_lat--6.0940175_lon--49.847438.png,20250810_121848_242595,-6.0940175,-49.847438,0.83,6,0.0,0.0,intersection
frame_1107_lat--6.0940102666666665_lon--49.84742113333333.png,20250810_121849_261464,-6.0940102666666665,-49.84742113333333,1.77,6,0.0,0.0,intersection
frame_1108_lat--6.094002333333334_lon--49.8474044.png,20250810_121850_237760,-6.094002333333334,-49.8474044,3.75,6,0.0,0.0,intersection
frame_1109_lat--6.093994666666667_lon--49.847387633333334.png,20250810_121851_258194,-6.093994666666667,-49.84738763333333,5.77,6,0.0,0.0,intersection
frame_1110_lat--6.0939877_lon--49.8473704.png,20250810_121852_219615,-6.0939877,-49.8473704,7.8,6,0.0,0.0,intersection
frame_1111_lat--6.0939813_lon--49.847352499999985.png,20250810_121853_259753,-6.0939813,-49.84735249999999,9.88,6,0.0,0.0,intersection
frame_1112_lat--6.0939745_lon--49.84733226666667.png,20250810_121854_234406,-6.0939745,-49.84733226666667,12.23,6,0.0,0.0,intersection
frame_1113_lat--6.093966533333333_lon--49.84730843333333.png,20250810_121855_261642,-6.093966533333333,-49.84730843333333,14.99,6,0.0,0.0,intersection
frame_1114_lat--6.093957333333334_lon--49.84728106666667.png,20250810_121856_323356,-6.093957333333334,-49.84728106666667,18.17,6,0.0,0.0,intersection
frame_1115_lat--6.093947433333332_lon--49.84725196666666.png,20250810_121857_261056,-6.093947433333332,-49.84725196666666,21.57,6,0.0,0.0,intersection
frame_1116_lat--6.093937433333333_lon--49.84722343333334.png,20250810_121858_234119,-6.093937433333333,-49.84722343333334,24.91,6,0.0,0.0,straight
frame_1117_lat--6.0939276666666675_lon--49.84719646666667.png,20250810_121859_267658,-6.093927666666668,-49.84719646666667,25.03,5,0.0,0.0,straight
frame_1118_lat--6.093918033333334_lon--49.84717113333333.png,20250810_121900_240274,-6.093918033333334,-49.84717113333333,22.05,5,0.0,0.0,intersection
frame_1119_lat--6.0939088_lon--49.847148133333334.png,20250810_121901_267283,-6.0939088,-49.84714813333333,19.33,5,0.0,0.0,intersection
frame_1120_lat--6.093900466666666_lon--49.847128366666674.png,20250810_121902_236757,-6.093900466666666,-49.847128366666674,16.97,5,0.0,0.0,intersection
frame_1121_lat--6.093893333333332_lon--49.84711226666667.png,20250810_121903_311410,-6.093893333333332,-49.84711226666667,15.04,5,0.0,0.0,intersection
frame_1122_lat--6.093884233333334_lon--49.8470932.png,20250810_121905_125627,-6.093884233333334,-49.8470932,12.71,5,7.93,11.4,intersection
frame_1123_lat--6.093874900000001_lon--49.84707603333334.png,20250810_121910_107939,-6.093874900000001,-49.84707603333334,10.56,5,8.78,11.04,intersection
frame_1124_lat--6.093859966666666_lon--49.8470543.png,20250810_121912_230579,-6.093859966666666,-49.8470543,7.64,5,0.0,0.0,intersection
frame_1125_lat--6.093846599999999_lon--49.847042900000005.png,20250810_121913_262549,-6.093846599999999,-49.847042900000005,5.81,5,0.0,0.0,intersection
frame_1126_lat--6.0938273999999995_lon--49.847033233333335.png,20250810_121914_237649,-6.0938274,-49.847033233333335,4.15,5,0.0,0.0,intersection
frame_1127_lat--6.093804_lon--49.84702766666667.png,20250810_121915_281090,-6.093804,-49.84702766666667,4.09,5,0.0,0.0,intersection
frame_1128_lat--6.0937796_lon--49.84702746666666.png,20250810_121916_246095,-6.0937796,-49.84702746666666,5.93,5,0.0,0.0,intersection
frame_1129_lat--6.093755400000001_lon--49.84703209999999.png,20250810_121917_210499,-6.093755400000001,-49.84703209999999,8.48,5,0.0,0.0,intersection
frame_1130_lat--6.0937314_lon--49.8470395.png,20250810_121918_256616,-6.0937314,-49.8470395,11.22,5,0.0,0.0,intersection
frame_1131_lat--6.093706233333334_lon--49.8470482.png,20250810_121919_210844,-6.093706233333334,-49.8470482,14.15,5,0.0,0.0,intersection
frame_1132_lat--6.093678966666667_lon--49.84705796666667.png,20250810_121920_245366,-6.093678966666667,-49.84705796666667,17.34,5,0.0,0.0,intersection
frame_1133_lat--6.093649866666667_lon--49.84706916666667.png,20250810_121921_224271,-6.093649866666667,-49.84706916666667,20.79,5,0.0,0.0,intersection
frame_1134_lat--6.093620266666667_lon--49.8470816.png,20250810_121922_267126,-6.093620266666667,-49.8470816,24.34,5,0.0,0.0,straight
frame_1135_lat--6.093591133333334_lon--49.8470947.png,20250810_121923_236739,-6.093591133333334,-49.8470947,27.87,5,0.0,0.0,straight
frame_1136_lat--6.0935624666666675_lon--49.847108066666664.png,20250810_121924_268818,-6.093562466666668,-49.84710806666666,31.37,5,0.0,0.0,straight
frame_1137_lat--6.0935339666666675_lon--49.84712153333332.png,20250810_121925_233286,-6.093533966666668,-49.84712153333332,32.06,4,0.0,0.0,straight
frame_1138_lat--6.0935056_lon--49.847134700000005.png,20250810_121926_265586,-6.0935056,-49.847134700000005,28.68,4,0.0,0.0,straight
frame_1139_lat--6.0934777_lon--49.84714673333334.png,20250810_121927_237731,-6.0934777,-49.84714673333334,25.39,4,0.0,0.0,straight
frame_1140_lat--6.0934504_lon--49.84715706666667.png,20250810_121928_292139,-6.0934504,-49.84715706666667,22.22,4,0.0,0.0,intersection
frame_1141_lat--6.093423066666667_lon--49.847165733333334.png,20250810_121929_244506,-6.093423066666667,-49.84716573333333,19.09,4,0.0,0.0,intersection
frame_1142_lat--6.093397233333334_lon--49.8471729.png,20250810_121930_296191,-6.093397233333334,-49.8471729,16.16,4,0.0,0.0,intersection
frame_1143_lat--6.093375066666668_lon--49.84717873333334.png,20250810_121931_248877,-6.093375066666668,-49.84717873333334,13.66,4,0.0,0.0,intersection
frame_1144_lat--6.093356266666667_lon--49.84718366666667.png,20250810_121932_223711,-6.093356266666667,-49.84718366666667,11.55,4,0.0,0.0,intersection
frame_1145_lat--6.093338900000001_lon--49.847188300000006.png,20250810_121933_262304,-6.093338900000001,-49.847188300000006,9.61,4,0.0,0.0,intersection
frame_1146_lat--6.0933214_lon--49.847193533333325.png,20250810_121934_236994,-6.0933214,-49.847193533333325,7.69,4,0.0,0.0,intersection
frame_1147_lat--6.0933033666666665_lon--49.84720086666666.png,20250810_121935_297325,-6.0933033666666665,-49.84720086666666,5.83,4,0.0,0.0,intersection
frame_1148_lat--6.0932859_lon--49.84721216666667.png,20250810_121936_251657,-6.0932859,-49.84721216666667,4.54,4,0.0,0.0,intersection
frame_1149_lat--6.093272066666667_lon--49.847227600000004.png,20250810_121937_223833,-6.093272066666667,-49.8472276,4.81,4,0.0,0.0,intersection
frame_1150_lat--6.093263566666667_lon--49.847246.png,20250810_121938_246431,-6.093263566666667,-49.847246,6.44,4,0.0,0.0,intersection
frame_1151_lat--6.0932598_lon--49.847266133333335.png,20250810_121939_223206,-6.0932598,-49.847266133333335,8.58,4,0.0,0.0,intersection
frame_1152_lat--6.093258933333333_lon--49.84728773333334.png,20250810_121940_268556,-6.093258933333333,-49.84728773333334,10.96,4,0.0,0.0,intersection
frame_1153_lat--6.093259766666666_lon--49.847311033333334.png,20250810_121941_235479,-6.093259766666666,-49.84731103333333,13.54,4,0.0,0.0,intersection
frame_1154_lat--6.0932616333333325_lon--49.84733626666666.png,20250810_121942_266905,-6.0932616333333325,-49.84733626666666,16.34,4,0.0,0.0,intersection
frame_1155_lat--6.0932632_lon--49.84736336666667.png,20250810_121943_240728,-6.0932632,-49.84736336666667,19.34,4,0.0,0.0,intersection
frame_1156_lat--6.0932637666666665_lon--49.84739213333334.png,20250810_121944_283064,-6.0932637666666665,-49.84739213333334,22.52,4,0.0,0.0,intersection
frame_1157_lat--6.093263466666667_lon--49.84742229999999.png,20250810_121945_245980,-6.093263466666667,-49.84742229999999,25.86,4,0.0,0.0,straight
frame_1158_lat--6.093262733333333_lon--49.8474533.png,20250810_121946_224353,-6.093262733333333,-49.8474533,29.28,4,0.0,0.0,straight
frame_1159_lat--6.093261799999999_lon--49.847484466666664.png,20250810_121947_258232,-6.093261799999999,-49.84748446666666,32.72,4,0.0,0.0,straight
frame_1160_lat--6.0932606666666675_lon--49.847515.png,20250810_121948_224388,-6.093260666666668,-49.847515,36.1,4,0.0,0.0,straight
frame_1161_lat--6.093259333333334_lon--49.84754426666667.png,20250810_121949_254377,-6.093259333333334,-49.84754426666667,39.33,4,0.0,0.0,straight
frame_1162_lat--6.0932578_lon--49.847572199999995.png,20250810_121950_231927,-6.0932578,-49.8475722,42.42,4,0.0,0.0,straight
frame_1163_lat--6.0932561_lon--49.84759939999999.png,20250810_121951_284071,-6.0932561,-49.84759939999999,45.17,2,0.0,0.0,straight
frame_1164_lat--6.093254033333333_lon--49.847626266666666.png,20250810_121952_251056,-6.093254033333333,-49.847626266666666,42.21,2,0.0,0.0,straight
frame_1165_lat--6.093251933333334_lon--49.84765306666666.png,20250810_121953_226651,-6.093251933333334,-49.84765306666666,39.26,2,0.0,0.0,straight
frame_1166_lat--6.093249966666667_lon--49.8476798.png,20250810_121954_260509,-6.093249966666667,-49.8476798,36.32,2,0.0,0.0,straight
frame_1167_lat--6.093248133333333_lon--49.84770663333334.png,20250810_121955_234541,-6.093248133333333,-49.84770663333334,33.38,2,0.0,0.0,straight
frame_1168_lat--6.0932464333333325_lon--49.84773396666667.png,20250810_121956_265036,-6.0932464333333325,-49.84773396666667,30.39,2,0.0,0.0,straight
frame_1169_lat--6.093245199999998_lon--49.84776196666667.png,20250810_121957_236932,-6.093245199999998,-49.84776196666667,27.32,2,0.0,0.0,straight
frame_1170_lat--6.0932447666666665_lon--49.84779010000001.png,20250810_121958_259223,-6.0932447666666665,-49.84779010000001,24.24,2,0.0,0.0,straight
frame_1171_lat--6.0932451_lon--49.8478176.png,20250810_121959_234369,-6.0932451,-49.8478176,21.22,2,0.0,0.0,intersection
frame_1172_lat--6.093245899999999_lon--49.847844033333324.png,20250810_122000_268920,-6.093245899999999,-49.84784403333333,18.32,2,0.0,0.0,intersection
frame_1173_lat--6.093247133333334_lon--49.8478693.png,20250810_122001_243625,-6.093247133333334,-49.8478693,15.55,2,0.0,0.0,intersection
frame_1174_lat--6.093248666666668_lon--49.847893266666674.png,20250810_122002_244622,-6.093248666666668,-49.847893266666674,12.92,2,0.0,0.0,intersection
frame_1175_lat--6.093250333333334_lon--49.84791506666666.png,20250810_122003_205860,-6.093250333333334,-49.84791506666666,10.54,2,0.0,0.0,intersection
frame_1176_lat--6.0932518_lon--49.847932966666654.png,20250810_122004_255264,-6.0932518,-49.847932966666654,8.59,2,0.0,0.0,intersection
frame_1177_lat--6.093253566666668_lon--49.84795116666667.png,20250810_122006_158631,-6.093253566666668,-49.84795116666667,6.62,2,6.52,345.67,intersection
frame_1178_lat--6.093256866666667_lon--49.847972566666655.png,20250810_122013_227961,-6.093256866666667,-49.847972566666655,4.31,2,0.0,0.0,intersection
frame_1179_lat--6.093260366666667_lon--49.84799056666667.png,20250810_122014_258457,-6.093260366666667,-49.84799056666667,2.43,2,0.0,0.0,intersection
frame_1180_lat--6.093265166666667_lon--49.848010699999996.png,20250810_122015_233035,-6.093265166666667,-49.8480107,1.16,2,0.0,0.0,intersection
frame_1181_lat--6.093270966666667_lon--49.848030933333334.png,20250810_122016_235404,-6.093270966666667,-49.84803093333333,2.69,2,0.0,0.0,intersection
frame_1182_lat--6.0932778333333335_lon--49.848050799999996.png,20250810_122017_299117,-6.0932778333333335,-49.8480508,4.86,2,0.0,0.0,intersection
frame_1183_lat--6.0932858_lon--49.848070833333324.png,20250810_122018_241959,-6.0932858,-49.84807083333333,7.17,2,0.0,0.0,intersection
frame_1184_lat--6.093294433333333_lon--49.8480913.png,20250810_122019_296565,-6.093294433333333,-49.8480913,9.58,2,0.0,0.0,intersection
frame_1185_lat--6.093303199999999_lon--49.848111900000006.png,20250810_122020_258345,-6.093303199999999,-49.848111900000006,12.02,2,0.0,0.0,intersection
frame_1186_lat--6.0933121_lon--49.84813303333333.png,20250810_122021_235206,-6.0933121,-49.84813303333333,14.54,2,0.0,0.0,intersection
frame_1187_lat--6.0933215_lon--49.84815466666667.png,20250810_122022_270387,-6.0933215,-49.84815466666667,17.14,2,0.0,0.0,intersection
frame_1188_lat--6.0933316_lon--49.8481758.png,20250810_122023_241812,-6.0933316,-49.8481758,19.71,2,0.0,0.0,intersection
frame_1189_lat--6.0933416666666655_lon--49.848195366666666.png,20250810_122024_304752,-6.0933416666666655,-49.848195366666666,22.12,2,0.0,0.0,intersection
frame_1190_lat--6.0933516_lon--49.84821336666666.png,20250810_122025_231650,-6.0933516,-49.84821336666666,24.36,2,0.0,0.0,straight
frame_1191_lat--6.093362166666667_lon--49.848230433333335.png,20250810_122026_283322,-6.093362166666667,-49.848230433333335,26.54,2,0.0,0.0,straight
frame_1192_lat--6.093374566666666_lon--49.84824796666667.png,20250810_122027_245073,-6.093374566666666,-49.84824796666667,28.86,2,0.0,0.0,straight
frame_1193_lat--6.0933891666666655_lon--49.848267500000006.png,20250810_122028_212128,-6.0933891666666655,-49.848267500000006,31.48,2,0.0,0.0,straight
frame_1194_lat--6.093405833333333_lon--49.84828936666667.png,20250810_122029_250434,-6.093405833333333,-49.84828936666667,34.44,2,0.0,0.0,straight
frame_1195_lat--6.093424699999999_lon--49.848313600000004.png,20250810_122030_303389,-6.093424699999999,-49.8483136,37.76,2,0.0,0.0,straight
frame_1196_lat--6.0934462_lon--49.84834056666667.png,20250810_122031_248362,-6.0934462,-49.84834056666667,37.04,3,0.0,0.0,straight
frame_1197_lat--6.093469566666667_lon--49.84836953333333.png,20250810_122032_222516,-6.093469566666667,-49.84836953333333,32.94,3,0.0,0.0,straight
frame_1198_lat--6.093493266666667_lon--49.84839883333333.png,20250810_122033_253963,-6.093493266666667,-49.84839883333333,28.79,3,0.0,0.0,straight
frame_1199_lat--6.0935165_lon--49.8484272.png,20250810_122034_293544,-6.0935165,-49.8484272,24.75,3,0.0,0.0,straight
frame_1200_lat--6.093539333333333_lon--49.84845453333334.png,20250810_122035_250255,-6.093539333333333,-49.84845453333334,20.82,3,0.0,0.0,intersection
frame_1201_lat--6.093561833333333_lon--49.848481.png,20250810_122036_326859,-6.093561833333333,-49.848481,17.0,3,0.0,0.0,intersection
frame_1202_lat--6.093583633333333_lon--49.84850626666666.png,20250810_122037_262545,-6.093583633333333,-49.84850626666666,13.34,3,0.0,0.0,intersection
frame_1203_lat--6.093603533333335_lon--49.8485289.png,20250810_122038_241452,-6.093603533333335,-49.8485289,10.05,3,0.0,0.0,intersection
frame_1204_lat--6.093619533333333_lon--49.84854683333333.png,20250810_122039_283666,-6.093619533333333,-49.84854683333333,7.45,3,0.0,0.0,intersection
frame_1205_lat--6.093631266666667_lon--49.84855963333333.png,20250810_122040_245731,-6.093631266666667,-49.84855963333333,5.59,3,0.0,0.0,intersection
frame_1206_lat--6.093645233333334_lon--49.84857406666667.png,20250810_122042_127277,-6.093645233333334,-49.84857406666667,3.51,3,8.67,347.85,intersection
frame_1207_lat--6.0936579_lon--49.84858503333333.png,20250810_122048_144839,-6.0936579,-49.84858503333333,1.89,3,8.76,348.8,intersection
frame_1208_lat--6.093684699999999_lon--49.8485994.png,20250810_122050_249161,-6.093684699999999,-49.8485994,1.92,3,0.0,0.0,intersection
frame_1209_lat--6.093704866666667_lon--49.8486032.png,20250810_122051_202905,-6.093704866666667,-49.8486032,3.87,3,8.59,341.24,intersection
frame_1210_lat--6.093727933333334_lon--49.84860210000001.png,20250810_122052_240992,-6.093727933333334,-49.84860210000001,6.15,3,0.0,0.0,intersection
frame_1211_lat--6.093752799999999_lon--49.84859553333334.png,20250810_122053_265466,-6.093752799999999,-49.84859553333334,8.68,3,0.0,0.0,intersection
frame_1212_lat--6.093778866666666_lon--49.84858390000001.png,20250810_122054_231627,-6.093778866666666,-49.84858390000001,11.49,3,0.0,0.0,intersection
frame_1213_lat--6.093806000000001_lon--49.84856823333333.png,20250810_122055_255354,-6.093806000000001,-49.84856823333333,14.61,3,0.0,0.0,intersection
frame_1214_lat--6.0938341_lon--49.84854983333334.png,20250810_122056_202853,-6.0938341,-49.84854983333334,18.02,3,13.53,9.97,intersection
frame_1215_lat--6.093862433333333_lon--49.84852996666666.png,20250810_122057_256192,-6.093862433333333,-49.84852996666666,21.6,3,0.0,0.0,intersection
frame_1216_lat--6.0938902_lon--49.84850963333333.png,20250810_122058_231104,-6.0938902,-49.84850963333333,25.22,3,0.0,0.0,straight
frame_1217_lat--6.0939168_lon--49.84848946666667.png,20250810_122059_241799,-6.0939168,-49.84848946666667,28.76,3,0.0,0.0,straight
frame_1218_lat--6.093942133333333_lon--49.84846973333333.png,20250810_122100_308418,-6.093942133333333,-49.84846973333333,32.18,3,0.0,0.0,straight
frame_1219_lat--6.093966366666668_lon--49.848450633333336.png,20250810_122101_242349,-6.093966366666668,-49.848450633333336,35.49,3,0.0,0.0,straight
frame_1220_lat--6.093990033333334_lon--49.848432700000004.png,20250810_122102_310221,-6.093990033333334,-49.8484327,38.7,3,0.0,0.0,straight
frame_1221_lat--6.094013533333333_lon--49.848416066666665.png,20250810_122103_246806,-6.094013533333333,-49.848416066666665,41.85,3,0.0,0.0,straight
frame_1222_lat--6.0940369_lon--49.848400399999996.png,20250810_122104_245774,-6.0940369,-49.8484004,44.94,3,0.0,0.0,straight
frame_1223_lat--6.0940590666666665_lon--49.848385266666675.png,20250810_122105_278126,-6.0940590666666665,-49.84838526666668,47.88,3,0.0,0.0,straight
frame_1224_lat--6.094079099999999_lon--49.848370833333334.png,20250810_122106_247964,-6.094079099999999,-49.84837083333333,50.59,3,0.0,0.0,straight
frame_1225_lat--6.094097466666666_lon--49.84835726666667.png,20250810_122107_303724,-6.094097466666666,-49.84835726666667,53.09,3,0.0,0.0,straight
frame_1226_lat--6.0941154_lon--49.84834433333333.png,20250810_122108_249823,-6.0941154,-49.84834433333333,55.51,3,0.0,0.0,straight
frame_1227_lat--6.0941334000000005_lon--49.8483315.png,20250810_122109_242450,-6.0941334000000005,-49.8483315,57.94,3,0.0,0.0,straight
frame_1228_lat--6.0941515_lon--49.84831856666666.png,20250810_122110_260266,-6.0941515,-49.84831856666666,60.39,3,0.0,0.0,straight
